Hour,Outdoor_Temp,Ground_Temp,Zone_Temps,Mass_Temps,Surface_Temps,Solar_Watts,Internal_Watts,HVAC_Watts,InterZone_Watts,Infiltration_Watts
0,-9.95,9.40,20.00,19.70,19.85,0.00,200.00,367.62,0.00,434.16,-1449.34
1,-11.01,9.40,20.00,19.40,19.70,0.00,200.00,423.94,0.00,434.16,-1486.33
2,-11.66,9.40,20.00,19.09,19.54,0.00,200.00,474.42,0.00,434.16,-1503.00
3,-11.85,9.40,20.00,18.78,19.39,0.00,200.00,517.72,0.00,434.16,-1497.28
4,-11.57,9.40,20.00,18.48,19.24,0.00,200.00,552.93,0.00,434.16,-1468.61
5,-10.82,9.40,20.00,18.19,19.09,0.00,200.00,579.60,0.00,434.16,-1418.02
6,-9.67,9.40,20.00,17.91,18.96,0.00,200.00,597.83,0.00,434.16,-1348.05
7,-8.18,9.40,20.00,17.65,18.83,0.00,200.00,608.19,0.00,434.16,-1262.58
8,-6.45,9.40,20.00,17.57,18.78,1180.81,200.00,593.75,0.00,434.16,-1174.23
9,-4.61,9.40,20.00,17.84,18.92,3864.44,200.00,536.23,0.00,434.16,-1097.45
10,-2.77,9.40,20.00,18.33,19.17,5594.67,200.00,453.13,0.00,434.16,-1031.39
11,-1.05,9.40,20.00,18.94,19.47,6627.26,200.00,357.32,0.00,434.16,-977.45
12,0.42,9.40,20.00,19.58,19.79,6967.80,200.00,260.92,0.00,434.16,-936.93
13,1.54,9.40,20.00,20.19,20.10,6645.89,200.00,175.19,0.00,434.16,-911.59
14,2.25,9.40,20.00,20.69,20.34,5629.09,200.00,110.95,0.00,434.16,-900.98
15,2.50,9.40,20.00,20.97,20.49,3903.87,200.00,78.46,0.00,434.16,-903.05
16,2.26,9.40,20.00,20.93,20.46,1199.27,200.00,90.42,0.00,434.16,-912.46
17,1.56,9.40,20.00,20.73,20.36,0.00,200.00,126.06,0.00,434.16,-937.12
18,0.44,9.40,20.00,20.52,20.26,0.00,200.00,168.13,0.00,434.16,-981.79
19,-1.03,9.40,20.00,20.30,20.15,0.00,200.00,216.16,0.00,434.16,-1042.62
20,-2.73,9.40,20.00,20.07,20.04,0.00,200.00,269.16,0.00,434.16,-1114.65
21,-4.57,9.40,20.00,19.82,19.91,0.00,200.00,325.75,0.00,434.16,-1192.21
22,-6.41,9.40,20.00,19.56,19.78,0.00,200.00,384.24,0.00,434.16,-1269.24
23,-8.13,9.40,20.00,19.28,19.64,0.00,200.00,442.73,0.00,434.16,-1339.78
24,-9.61,9.40,20.00,18.99,19.50,0.00,200.00,499.23,0.00,434.16,-1398.18
25,-10.76,9.40,20.00,18.70,19.35,0.00,200.00,551.94,0.00,434.16,-1439.98
26,-11.50,9.40,20.00,18.40,19.20,0.00,200.00,599.15,0.00,434.16,-1461.55
27,-11.78,9.40,20.00,18.10,19.05,0.00,200.00,639.50,0.00,434.16,-1460.75
28,-11.59,9.40,20.00,17.81,18.90,0.00,200.00,672.06,0.00,434.16,-1436.98
29,-10.94,9.40,20.00,17.52,18.76,0.00,200.00,696.37,0.00,434.16,-1391.24
30,-9.88,9.40,20.00,17.25,18.63,0.00,200.00,712.48,0.00,434.16,-1326.01
31,-8.48,9.40,20.00,17.00,18.50,0.00,200.00,720.96,0.00,434.16,-1245.13
32,-6.84,9.40,20.00,16.92,18.46,1194.96,200.00,704.62,0.00,434.16,-1161.29
33,-5.08,9.40,20.00,17.20,18.60,3865.78,200.00,645.56,0.00,434.16,-1088.70
34,-3.31,9.40,20.00,17.69,18.84,5593.48,200.00,561.10,0.00,434.16,-1026.57
35,-1.67,9.40,20.00,18.30,19.15,6627.69,200.00,464.04,0.00,434.16,-976.25
36,-0.27,9.40,20.00,18.94,19.47,6970.69,200.00,366.45,0.00,434.16,-939.03
37,0.80,9.40,20.00,19.55,19.78,6651.93,200.00,279.57,0.00,434.16,-916.63
38,1.46,9.40,20.00,20.05,20.02,5638.30,200.00,214.20,0.00,434.16,-908.59
39,1.66,9.40,20.00,20.33,20.17,3917.23,200.00,180.56,0.00,434.16,-912.85
40,1.39,9.40,20.00,20.29,20.14,1219.38,200.00,191.29,0.00,434.16,-924.06
41,0.66,9.40,20.00,20.09,20.04,0.00,200.00,225.95,0.00,434.16,-949.94
42,-0.48,9.40,20.00,19.88,19.94,0.00,200.00,267.01,0.00,434.16,-995.40
43,-1.96,9.40,20.00,19.66,19.83,0.00,200.00,313.95,0.00,434.16,-1056.55
44,-3.66,9.40,20.00,19.42,19.71,0.00,200.00,365.78,0.00,434.16,-1128.45
45,-5.49,9.40,20.00,19.17,19.59,0.00,200.00,421.10,0.00,434.16,-1205.43
46,-7.31,9.40,20.00,18.91,19.45,0.00,200.00,478.19,0.00,434.16,-1281.45
47,-9.00,9.40,20.00,18.63,19.32,0.00,200.00,535.17,0.00,434.16,-1350.55
48,-10.44,9.40,20.00,18.34,19.17,0.00,200.00,589.96,0.00,434.16,-1406.88
49,-11.54,9.40,20.00,18.05,19.02,0.00,200.00,640.87,0.00,434.16,-1446.45
50,-12.23,9.40,20.00,17.75,18.87,0.00,200.00,686.13,0.00,434.16,-1465.42
51,-12.45,9.40,20.00,17.45,18.72,0.00,200.00,724.39,0.00,434.16,-1461.69
52,-12.19,9.40,20.00,17.16,18.58,0.00,200.00,754.69,0.00,434.16,-1434.70
53,-11.47,9.40,20.00,16.87,18.44,0.00,200.00,776.60,0.00,434.16,-1385.46
54,-10.33,9.40,20.00,16.61,18.30,0.00,200.00,790.16,0.00,434.16,-1316.52
55,-8.84,9.40,20.00,16.36,18.18,0.00,200.00,795.94,0.00,434.16,-1231.74
56,-7.12,9.40,20.00,16.28,18.14,1210.29,200.00,776.53,0.00,434.16,-1143.96
57,-5.27,9.40,20.00,16.57,18.28,3867.58,200.00,714.47,0.00,434.16,-1067.26
58,-3.41,9.40,20.00,17.07,18.53,5592.51,200.00,626.92,0.00,434.16,-1000.94
59,-1.68,9.40,20.00,17.68,18.84,6628.28,200.00,526.66,0.00,434.16,-946.43
60,-0.18,9.40,20.00,18.34,19.17,6973.69,200.00,425.75,0.00,434.16,-905.07
61,0.98,9.40,20.00,18.95,19.48,6658.10,200.00,335.45,0.00,434.16,-878.62
62,1.73,9.40,20.00,19.46,19.73,5647.67,200.00,266.56,0.00,434.16,-866.67
63,2.02,9.40,20.00,19.76,19.88,3931.01,200.00,229.33,0.00,434.16,-867.21
64,1.83,9.40,20.00,19.73,19.86,1240.82,200.00,236.38,0.00,434.16,-874.93
65,1.18,9.40,20.00,19.54,19.77,0.00,200.00,267.66,0.00,434.16,-897.45
66,0.11,9.40,20.00,19.34,19.67,0.00,200.00,305.37,0.00,434.16,-939.82
67,-1.29,9.40,20.00,19.13,19.57,0.00,200.00,349.00,0.00,434.16,-998.21
68,-2.93,9.40,20.00,18.91,19.46,0.00,200.00,397.60,0.00,434.16,-1067.69
69,-4.70,9.40,20.00,18.67,19.34,0.00,200.00,449.77,0.00,434.16,-1142.62
70,-6.47,9.40,20.00,18.42,19.21,0.00,200.00,503.82,0.00,434.16,-1216.98
71,-8.13,9.40,20.00,18.16,19.08,0.00,200.00,557.88,0.00,434.16,-1284.83
72,-9.53,9.40,20.00,17.88,18.94,0.00,200.00,609.84,0.00,434.16,-1340.14
73,-10.62,9.40,20.00,17.60,18.80,0.00,200.00,658.13,0.00,434.16,-1379.34
74,-11.29,9.40,20.00,17.32,18.66,0.00,200.00,700.95,0.00,434.16,-1398.38
75,-11.51,9.40,20.00,17.03,18.52,0.00,200.00,736.96,0.00,434.16,-1395.17
76,-11.26,9.40,20.00,16.75,18.38,0.00,200.00,765.22,0.00,434.16,-1369.15
77,-10.55,9.40,20.00,16.48,18.24,0.00,200.00,785.30,0.00,434.16,-1321.32
78,-9.43,9.40,20.00,16.23,18.11,0.00,200.00,797.25,0.00,434.16,-1254.20
79,-7.98,9.40,20.00,15.99,17.99,0.00,200.00,801.67,0.00,434.16,-1171.66
80,-6.30,9.40,20.00,15.93,17.97,1226.74,200.00,780.85,0.00,434.16,-1086.64
81,-4.50,9.40,20.00,16.23,18.11,3869.82,200.00,717.81,0.00,434.16,-1012.97
82,-2.70,9.40,20.00,16.74,18.37,5591.75,200.00,629.58,0.00,434.16,-950.01
83,-1.03,9.40,20.00,17.37,18.68,6629.01,200.00,528.85,0.00,434.16,-899.16
84,0.40,9.40,20.00,18.03,19.01,6976.80,200.00,427.68,0.00,434.16,-861.76
85,1.48,9.40,20.00,18.66,19.33,6664.37,200.00,337.31,0.00,434.16,-839.51
86,2.15,9.40,20.00,19.17,19.58,5657.18,200.00,268.55,0.00,434.16,-831.97
87,2.35,9.40,20.00,19.48,19.74,3945.19,200.00,231.61,0.00,434.16,-837.10
88,2.07,9.40,20.00,19.45,19.73,1263.54,200.00,239.06,0.00,434.16,-849.57
89,1.33,9.40,20.00,19.27,19.63,0.00,200.00,271.26,0.00,434.16,-876.77
90,0.18,9.40,20.00,19.08,19.54,0.00,200.00,310.05,0.00,434.16,-923.85
91,-1.32,9.40,20.00,18.87,19.43,0.00,200.00,354.93,0.00,434.16,-986.91
92,-3.06,9.40,20.00,18.65,19.32,0.00,200.00,404.90,0.00,434.16,-1061.01
93,-4.92,9.40,20.00,18.41,19.21,0.00,200.00,458.57,0.00,434.16,-1140.44
94,-6.78,9.40,20.00,18.16,19.08,0.00,200.00,514.22,0.00,434.16,-1219.16
95,-8.52,9.40,20.00,17.90,18.95,0.00,200.00,569.95,0.00,434.16,-1291.17
96,-10.00,9.40,20.00,17.62,18.81,0.00,200.00,623.57,0.00,434.16,-1350.18
97,-11.16,9.40,20.00,17.34,18.67,0.00,200.00,673.62,0.00,434.16,-1393.03
98,-11.91,9.40,20.00,17.05,18.52,0.00,200.00,718.21,0.00,434.16,-1415.43
99,-12.19,9.40,20.00,16.76,18.38,0.00,200.00,755.97,0.00,434.16,-1415.23
100,-12.00,9.40,20.00,16.48,18.24,0.00,200.00,785.96,0.00,434.16,-1391.85
101,-11.34,9.40,20.00,16.20,18.10,0.00,200.00,807.70,0.00,434.16,-1346.27
102,-10.26,9.40,20.00,15.94,17.97,0.00,200.00,821.25,0.00,434.16,-1281.00
103,-8.85,9.40,20.00,15.70,17.85,0.00,200.00,827.16,0.00,434.16,-1199.87
104,-7.19,9.40,20.00,15.64,17.82,1244.25,200.00,807.47,0.00,434.16,-1115.94
105,-5.40,9.40,20.00,15.93,17.97,3872.46,200.00,745.62,0.00,434.16,-1042.84
106,-3.61,9.40,20.00,16.43,18.22,5591.18,200.00,658.47,0.00,434.16,-979.97
107,-1.94,9.40,20.00,17.06,18.53,6628.72,200.00,558.67,0.00,434.16,-928.77
108,-0.51,9.40,20.00,17.71,18.86,6980.00,200.00,458.21,0.00,434.16,-890.58
109,0.60,9.40,20.00,18.34,19.17,6670.74,200.00,368.33,0.00,434.16,-867.12
110,1.30,9.40,20.00,18.85,19.42,5666.81,200.00,299.82,0.00,434.16,-857.97
111,1.54,9.40,20.00,19.15,19.58,3959.72,200.00,262.88,0.00,434.16,-861.11
112,1.31,9.40,20.00,19.13,19.57,1287.49,200.00,270.02,0.00,434.16,-871.26
113,0.62,9.40,20.00,18.94,19.47,0.00,200.00,302.02,0.00,434.16,-895.64
114,-0.47,9.40,20.00,18.75,19.37,0.00,200.00,340.41,0.00,434.16,-939.56
115,-1.90,9.40,20.00,18.54,19.27,0.00,200.00,384.67,0.00,434.16,-999.18
116,-3.56,9.40,20.00,18.32,19.16,0.00,200.00,433.81,0.00,434.16,-1069.58
117,-5.35,9.40,20.00,18.08,19.04,0.00,200.00,486.45,0.00,434.16,-1145.10
118,-7.12,9.40,20.00,17.83,18.92,0.00,200.00,540.89,0.00,434.16,-1219.72
119,-8.77,9.40,20.00,17.57,18.78,0.00,200.00,595.22,0.00,434.16,-1287.50
120,-10.16,9.40,20.00,17.29,18.65,0.00,200.00,647.19,0.00,434.16,-1341.99
121,-11.23,9.40,20.00,17.01,18.51,0.00,200.00,695.51,0.00,434.16,-1380.48
122,-11.89,9.40,20.00,16.73,18.36,0.00,200.00,738.21,0.00,434.16,-1398.51
123,-12.08,9.40,20.00,16.44,18.22,0.00,200.00,773.97,0.00,434.16,-1393.99
124,-11.79,9.40,20.00,16.16,18.08,0.00,200.00,801.84,0.00,434.16,-1366.38
125,-11.04,9.40,20.00,15.90,17.95,0.00,200.00,821.38,0.00,434.16,-1316.70
126,-9.88,9.40,20.00,15.64,17.82,0.00,200.00,832.66,0.00,434.16,-1247.50
127,-8.38,9.40,20.00,15.41,17.70,0.00,200.00,836.26,0.00,434.16,-1162.66
128,-6.64,9.40,20.00,15.36,17.68,1262.76,200.00,813.92,0.00,434.16,-1075.41
129,-4.78,9.40,20.00,15.66,17.83,3875.48,200.00,749.64,0.00,434.16,-999.19
130,-2.92,9.40,20.00,16.17,18.09,5590.78,200.00,660.12,0.00,434.16,-933.49
131,-1.19,9.40,20.00,16.81,18.40,6628.46,200.00,557.98,0.00,434.16,-879.83
132,0.30,9.40,20.00,17.48,18.74,6983.26,200.00,455.20,0.00,434.16,-839.56
133,1.45,9.40,20.00,18.11,19.06,6677.18,200.00,363.04,0.00,434.16,-814.43
134,2.19,9.40,20.00,18.64,19.32,5676.53,200.00,292.32,0.00,434.16,-804.04
135,2.46,9.40,20.00,18.96,19.48,3974.58,200.00,253.24,0.00,434.16,-806.41
136,2.25,9.40,20.00,18.95,19.47,1312.62,200.00,258.26,0.00,434.16,-816.29
137,1.57,9.40,20.00,18.77,19.38,0.00,200.00,288.67,0.00,434.16,-840.68
138,0.48,9.40,20.00,18.58,19.29,0.00,200.00,325.62,0.00,434.16,-885.07
139,-0.96,9.40,20.00,18.39,19.19,0.00,200.00,368.63,0.00,434.16,-945.60
140,-2.64,9.40,20.00,18.18,19.09,0.00,200.00,416.72,0.00,434.16,-1017.35
141,-4.44,9.40,20.00,17.95,18.97,0.00,200.00,468.51,0.00,434.16,-1094.64
142,-6.26,9.40,20.00,17.71,18.85,0.00,200.00,522.30,0.00,434.16,-1171.44
143,-7.95,9.40,20.00,17.45,18.73,0.00,200.00,576.20,0.00,434.16,-1241.79
144,-9.39,9.40,20.00,17.19,18.59,0.00,200.00,627.91,0.00,434.16,-1299.00
145,-10.51,9.40,20.00,16.91,18.46,0.00,200.00,676.22,0.00,434.16,-1340.75
146,-11.23,9.40,20.00,16.64,18.32,0.00,200.00,719.15,0.00,434.16,-1362.35
147,-11.50,9.40,20.00,16.36,18.18,0.00,200.00,755.35,0.00,434.16,-1361.67
148,-11.29,9.40,20.00,16.09,18.04,0.00,200.00,783.88,0.00,434.16,-1338.13
149,-10.62,9.40,20.00,15.83,17.91,0.00,200.00,804.28,0.00,434.16,-1292.72
150,-9.54,9.40,20.00,15.58,17.79,0.00,200.00,816.61,0.00,434.16,-1227.93
151,-8.13,9.40,20.00,15.34,17.67,0.00,200.00,821.44,0.00,434.16,-1147.61
152,-6.49,9.40,20.00,15.30,17.65,1282.20,200.00,800.19,0.00,434.16,-1065.08
153,-4.72,9.40,20.00,15.60,17.80,3878.83,200.00,737.38,0.00,434.16,-993.50
154,-2.96,9.40,20.00,16.12,18.06,5590.53,200.00,649.52,0.00,434.16,-932.40
155,-1.32,9.40,20.00,16.75,18.38,6628.25,200.00,549.16,0.00,434.16,-883.26
156,0.08,9.40,20.00,17.42,18.71,6986.58,200.00,448.23,0.00,434.16,-847.42
157,1.15,9.40,20.00,18.06,19.03,6683.67,200.00,357.97,0.00,434.16,-826.56
158,1.80,9.40,20.00,18.58,19.29,5686.32,200.00,289.17,0.00,434.16,-820.27
159,1.98,9.40,20.00,18.89,19.45,3989.73,200.00,251.99,0.00,434.16,-826.52
160,1.70,9.40,20.00,18.88,19.44,1338.88,200.00,258.82,0.00,434.16,-840.07
161,0.95,9.40,20.00,18.70,19.35,0.00,200.00,291.39,0.00,434.16,-867.65
162,-0.21,9.40,20.00,18.51,19.26,0.00,200.00,330.48,0.00,434.16,-914.88
163,-1.70,9.40,20.00,18.31,19.15,0.00,200.00,375.59,0.00,434.16,-977.89
164,-3.43,9.40,20.00,18.09,19.04,0.00,200.00,425.70,0.00,434.16,-1051.72
165,-5.28,9.40,20.00,17.86,18.93,0.00,200.00,479.42,0.00,434.16,-1130.68
166,-7.12,9.40,20.00,17.61,18.80,0.00,200.00,535.04,0.00,434.16,-1208.73
167,-8.84,9.40,20.00,17.35,18.67,0.00,200.00,590.64,0.00,434.16,-1279.88
168,-10.28,9.40,20.00,17.07,18.54,0.00,200.00,643.83,0.00,434.16,-1337.21
169,-11.42,9.40,20.00,16.79,18.40,0.00,200.00,693.53,0.00,434.16,-1378.87
170,-12.13,9.40,20.00,16.51,18.25,0.00,200.00,737.67,0.00,434.16,-1399.93
171,-12.38,9.40,20.00,16.22,18.11,0.00,200.00,774.90,0.00,434.16,-1398.26
172,-12.15,9.40,20.00,15.94,17.97,0.00,200.00,804.25,0.00,434.16,-1373.29
173,-11.45,9.40,20.00,15.67,17.84,0.00,200.00,825.27,0.00,434.16,-1326.04
174,-10.34,9.40,20.00,15.42,17.71,0.00,200.00,838.02,0.00,434.16,-1259.01
175,-8.88,9.40,20.00,15.18,17.59,0.00,200.00,843.04,0.00,434.16,-1176.07
176,-7.18,9.40,20.00,15.14,17.57,1302.53,200.00,821.46,0.00,434.16,-1090.73
177,-5.35,9.40,20.00,15.44,17.72,3882.51,200.00,758.32,0.00,434.16,-1015.92
178,-3.51,9.40,20.00,15.95,17.97,5590.42,200.00,669.97,0.00,434.16,-951.29
179,-1.80,9.40,20.00,16.58,18.29,6628.06,200.00,568.91,0.00,434.16,-898.36
180,-0.32,9.40,20.00,17.25,18.62,6989.93,200.00,467.03,0.00,434.16,-858.54
181,0.83,9.40,20.00,17.88,18.94,6690.19,200.00,375.58,0.00,434.16,-833.54
182,1.57,9.40,20.00,18.40,19.20,5696.15,200.00,305.38,0.00,434.16,-823.00
183,1.85,9.40,20.00,18.72,19.36,4005.12,200.00,266.56,0.00,434.16,-824.95
184,1.65,9.40,20.00,18.72,19.36,1366.20,200.00,271.46,0.00,434.16,-834.22
185,1.00,9.40,20.00,18.54,19.27,0.00,200.00,302.34,0.00,434.16,-857.36
186,-0.06,9.40,20.00,18.35,19.18,0.00,200.00,339.62,0.00,434.16,-900.20
187,-1.47,9.40,20.00,18.15,19.08,0.00,200.00,382.79,0.00,434.16,-958.92
188,-3.10,9.40,20.00,17.94,18.97,0.00,200.00,430.89,0.00,434.16,-1028.60
189,-4.87,9.40,20.00,17.71,18.86,0.00,200.00,482.52,0.00,434.16,-1103.59
190,-6.63,9.40,20.00,17.47,18.73,0.00,200.00,535.99,0.00,434.16,-1177.88
191,-8.27,9.40,20.00,17.21,18.61,0.00,200.00,589.42,0.00,434.16,-1245.54
192,-9.64,9.40,20.00,16.95,18.47,0.00,200.00,640.38,0.00,434.16,-1299.48
193,-10.70,9.40,20.00,16.68,18.34,0.00,200.00,687.91,0.00,434.16,-1338.27
194,-11.36,9.40,20.00,16.40,18.20,0.00,200.00,729.93,0.00,434.16,-1356.82
195,-11.56,9.40,20.00,16.13,18.06,0.00,200.00,765.09,0.00,434.16,-1353.03
196,-11.28,9.40,20.00,15.86,17.93,0.00,200.00,792.46,0.00,434.16,-1326.34
197,-10.54,9.40,20.00,15.60,17.80,0.00,200.00,811.60,0.00,434.16,-1277.79
198,-9.40,9.40,20.00,15.35,17.68,0.00,200.00,822.58,0.00,434.16,-1209.90
199,-7.92,9.40,20.00,15.12,17.56,0.00,200.00,825.98,0.00,434.16,-1126.54
200,-6.21,9.40,20.00,15.09,17.55,1323.66,200.00,802.57,0.00,434.16,-1041.39
201,-4.38,9.40,20.00,15.40,17.70,3886.46,200.00,738.01,0.00,434.16,-967.11
202,-2.56,9.40,20.00,15.92,17.96,5590.42,200.00,648.47,0.00,434.16,-903.43
203,-0.86,9.40,20.00,16.57,18.28,6627.87,200.00,546.41,0.00,434.16,-851.90
204,0.59,9.40,20.00,17.24,18.62,6993.30,200.00,443.71,0.00,434.16,-813.90
205,1.70,9.40,20.00,17.89,18.94,6696.71,200.00,351.60,0.00,434.16,-791.15
206,2.40,9.40,20.00,18.42,19.21,5705.99,200.00,280.93,0.00,434.16,-783.26
207,2.62,9.40,20.00,18.75,19.37,4020.72,200.00,241.78,0.00,434.16,-788.24
208,2.37,9.40,20.00,18.75,19.38,1394.51,200.00,246.44,0.00,434.16,-800.95
209,1.65,9.40,20.00,18.58,19.29,0.00,200.00,277.71,0.00,434.16,-827.64
210,0.51,9.40,20.00,18.40,19.20,0.00,200.00,315.59,0.00,434.16,-874.30
211,-0.97,9.40,20.00,18.20,19.10,0.00,200.00,359.57,0.00,434.16,-937.06
212,-2.69,9.40,20.00,17.99,19.00,0.00,200.00,408.67,0.00,434.16,-1010.96
213,-4.54,9.40,20.00,17.77,18.88,0.00,200.00,461.49,0.00,434.16,-1090.32
214,-6.39,9.40,20.00,17.53,18.76,0.00,200.00,516.34,0.00,434.16,-1169.09
215,-8.12,9.40,20.00,17.27,18.64,0.00,200.00,571.31,0.00,434.16,-1241.27
216,-9.58,9.40,20.00,17.01,18.50,0.00,200.00,623.89,0.00,434.16,-1299.53
217,-10.74,9.40,20.00,16.73,18.37,0.00,200.00,673.24,0.00,434.16,-1342.83
218,-11.49,9.40,20.00,16.45,18.23,0.00,200.00,717.19,0.00,434.16,-1365.80
219,-11.77,9.40,20.00,16.18,18.09,0.00,200.00,754.37,0.00,434.16,-1366.31
220,-11.59,9.40,20.00,15.90,17.95,0.00,200.00,783.85,0.00,434.16,-1343.76
221,-10.94,9.40,20.00,15.64,17.82,0.00,200.00,805.15,0.00,434.16,-1299.14
222,-9.87,9.40,20.00,15.39,17.70,0.00,200.00,818.32,0.00,434.16,-1234.93
223,-8.47,9.40,20.00,15.16,17.58,0.00,200.00,823.92,0.00,434.16,-1154.98
224,-6.83,9.40,20.00,15.12,17.56,1345.52,200.00,802.37,0.00,434.16,-1073.07
225,-5.06,9.40,20.00,15.43,17.71,3890.66,200.00,739.87,0.00,434.16,-1001.59
226,-3.29,9.40,20.00,15.94,17.97,5590.52,200.00,652.42,0.00,434.16,-940.32
227,-1.65,9.40,20.00,16.58,18.29,6627.68,200.00,552.36,0.00,434.16,-890.78
228,-0.23,9.40,20.00,17.25,18.62,6996.66,200.00,451.53,0.00,434.16,-854.39
229,0.85,9.40,20.00,17.89,18.94,6702.51,200.00,361.16,0.00,434.16,-832.82
230,1.52,9.40,20.00,18.41,19.20,5715.81,200.00,292.05,0.00,434.16,-825.68
231,1.73,9.40,20.00,18.73,19.37,4036.49,200.00,254.25,0.00,434.16,-831.01
232,1.47,9.40,20.00,18.73,19.37,1423.75,200.00,259.96,0.00,434.16,-843.67
233,0.76,9.40,20.00,18.55,19.28,0.00,200.00,292.49,0.00,434.16,-869.69
234,-0.36,9.40,20.00,18.36,19.18,0.00,200.00,331.45,0.00,434.16,-915.23
235,-1.82,9.40,20.00,18.16,19.08,0.00,200.00,376.30,0.00,434.16,-976.45
236,-3.51,9.40,20.00,17.94,18.97,0.00,200.00,426.07,0.00,434.16,-1048.39
237,-5.32,9.40,20.00,17.71,18.85,0.00,200.00,479.35,0.00,434.16,-1125.40
238,-7.12,9.40,20.00,17.46,18.73,0.00,200.00,534.43,0.00,434.16,-1201.44
239,-8.79,9.40,20.00,17.20,18.60,0.00,200.00,589.41,0.00,434.16,-1270.56
240,-10.18,9.40,20.00,16.93,18.47,0.00,200.00,641.71,0.00,434.16,-1325.22
241,-11.27,9.40,20.00,16.65,18.33,0.00,200.00,690.63,0.00,434.16,-1364.87
242,-11.94,9.40,20.00,16.37,18.19,0.00,200.00,733.94,0.00,434.16,-1383.94
243,-12.15,9.40,20.00,16.09,18.05,0.00,200.00,770.27,0.00,434.16,-1380.35
244,-11.87,9.40,20.00,15.82,17.91,0.00,200.00,798.70,0.00,434.16,-1353.54
245,-11.14,9.40,20.00,15.55,17.78,0.00,200.00,818.77,0.00,434.16,-1304.53
246,-9.98,9.40,20.00,15.30,17.65,0.00,200.00,830.53,0.00,434.16,-1235.87
247,-8.49,9.40,20.00,15.07,17.53,0.00,200.00,834.57,0.00,434.16,-1151.44
248,-6.75,9.40,20.00,15.04,17.52,1368.05,200.00,810.95,0.00,434.16,-1065.23
249,-4.89,9.40,20.00,15.35,17.67,3895.07,200.00,746.51,0.00,434.16,-989.40
250,-3.03,9.40,20.00,15.87,17.93,5590.69,200.00,657.06,0.00,434.16,-923.85
251,-1.29,9.40,20.00,16.51,18.25,6627.45,200.00,554.93,0.00,434.16,-870.19
252,0.21,9.40,20.00,17.18,18.59,6948.11,200.00,452.35,0.00,434.16,-829.65
253,1.37,9.40,20.00,17.82,18.91,6707.96,200.00,359.71,0.00,434.16,-804.39
254,2.12,9.40,20.00,18.36,19.18,5725.59,200.00,288.25,0.00,434.16,-793.86
255,2.40,9.40,20.00,18.69,19.34,4052.37,200.00,248.05,0.00,434.16,-796.12
256,2.21,9.40,20.00,18.70,19.35,1453.85,200.00,251.21,0.00,434.16,-806.14
257,1.55,9.40,20.00,18.53,19.26,0.00,200.00,281.68,0.00,434.16,-829.67
258,0.48,9.40,20.00,18.34,19.17,0.00,200.00,318.63,0.00,434.16,-873.12
259,-0.93,9.40,20.00,18.15,19.07,0.00,200.00,361.56,0.00,434.16,-932.64
260,-2.59,9.40,20.00,17.94,18.97,0.00,200.00,409.50,0.00,434.16,-1003.32
261,-4.37,9.40,20.00,17.72,18.86,0.00,200.00,461.08,0.00,434.16,-1079.50
262,-6.15,9.40,20.00,17.48,18.74,0.00,200.00,514.60,0.00,434.16,-1155.17
263,-7.82,9.40,20.00,17.23,18.61,0.00,200.00,568.17,0.00,434.16,-1224.36
264,-9.20,9.40,20.00,16.97,18.48,0.00,200.00,619.17,0.00,434.16,-1279.33
265,-10.30,9.40,20.00,16.70,18.35,0.00,200.00,667.03,0.00,434.16,-1319.94
266,-11.00,9.40,20.00,16.43,18.21,0.00,200.00,709.47,0.00,434.16,-1340.41
267,-11.23,9.40,20.00,16.15,18.08,0.00,200.00,745.14,0.00,434.16,-1338.64
268,-11.00,9.40,20.00,15.89,17.94,0.00,200.00,773.11,0.00,434.16,-1314.05
269,-10.30,9.40,20.00,15.63,17.82,0.00,200.00,792.93,0.00,434.16,-1267.65
270,-9.20,9.40,20.00,15.39,17.69,0.00,200.00,804.67,0.00,434.16,-1201.95
271,-7.77,9.40,20.00,15.16,17.58,0.00,200.00,808.90,0.00,434.16,-1120.80
272,-6.10,9.40,20.00,15.14,17.57,1391.18,200.00,785.30,0.00,434.16,-1038.33
273,-4.32,9.40,20.00,15.45,17.73,3899.66,200.00,721.36,0.00,434.16,-966.40
274,-2.54,9.40,20.00,15.98,17.99,5590.90,200.00,632.67,0.00,434.16,-904.94
275,-0.88,9.40,20.00,16.62,18.31,6627.18,200.00,531.50,0.00,434.16,-855.55
276,0.53,9.40,20.00,17.29,18.65,6950.90,200.00,430.05,0.00,434.16,-819.42
277,1.60,9.40,20.00,17.94,18.97,6713.27,200.00,338.68,0.00,434.16,-798.68
278,2.26,9.40,20.00,18.48,19.24,5735.30,200.00,268.62,0.00,434.16,-792.73
279,2.45,9.40,20.00,18.81,19.40,4068.34,200.00,229.89,0.00,434.16,-799.62
280,2.17,9.40,20.00,18.82,19.41,1484.73,200.00,234.49,0.00,434.16,-814.29
281,1.42,9.40,20.00,18.65,19.32,0.00,200.00,266.95,0.00,434.16,-842.20
282,0.25,9.40,20.00,18.46,19.23,0.00,200.00,305.98,0.00,434.16,-889.89
283,-1.24,9.40,20.00,18.26,19.13,0.00,200.00,351.07,0.00,434.16,-953.49
284,-2.98,9.40,20.00,18.05,19.02,0.00,200.00,401.22,0.00,434.16,-1028.03
285,-4.84,9.40,20.00,17.82,18.91,0.00,200.00,455.04,0.00,434.16,-1107.82
286,-6.70,9.40,20.00,17.58,18.79,0.00,200.00,510.80,0.00,434.16,-1186.81
287,-8.44,9.40,20.00,17.32,18.66,0.00,200.00,566.61,0.00,434.16,-1259.00
288,-9.88,9.40,20.00,17.05,18.52,0.00,200.00,619.74,0.00,434.16,-1316.41
289,-11.04,9.40,20.00,16.77,18.39,0.00,200.00,669.74,0.00,434.16,-1359.29
290,-11.77,9.40,20.00,16.49,18.25,0.00,200.00,714.23,0.00,434.16,-1381.64
291,-12.05,9.40,20.00,16.21,18.11,0.00,200.00,751.85,0.00,434.16,-1381.33
292,-11.84,9.40,20.00,15.94,17.97,0.00,200.00,781.67,0.00,434.16,-1357.76
293,-11.17,9.40,20.00,15.67,17.83,0.00,200.00,803.20,0.00,434.16,-1311.94
294,-10.08,9.40,20.00,15.42,17.71,0.00,200.00,816.49,0.00,434.16,-1246.37
295,-8.65,9.40,20.00,15.18,17.59,0.00,200.00,822.12,0.00,434.16,-1164.90
296,-6.98,9.40,20.00,15.15,17.58,1414.82,200.00,799.35,0.00,434.16,-1081.85
297,-5.18,9.40,20.00,15.46,17.73,3904.39,200.00,736.32,0.00,434.16,-1008.78
298,-3.37,9.40,20.00,15.98,17.99,5591.14,200.00,648.40,0.00,434.16,-945.72
299,-1.68,9.40,20.00,16.61,18.31,6626.84,200.00,548.10,0.00,434.16,-894.21
300,-0.23,9.40,20.00,17.28,18.64,6953.61,200.00,447.24,0.00,434.16,-855.59
301,0.90,9.40,20.00,17.92,18.96,6718.43,200.00,355.93,0.00,434.16,-832.10
302,1.61,9.40,20.00,18.45,19.23,5744.90,200.00,285.66,0.00,434.16,-823.10
303,1.87,9.40,20.00,18.78,19.39,4084.35,200.00,246.43,0.00,434.16,-826.65
304,1.66,9.40,20.00,18.80,19.40,1516.30,200.00,250.14,0.00,434.16,-837.80
305,0.98,9.40,20.00,18.61,19.31,0.00,200.00,281.95,0.00,434.16,-861.75
306,-0.10,9.40,20.00,18.43,19.21,0.00,200.00,320.12,0.00,434.16,-905.29
307,-1.51,9.40,20.00,18.22,19.11,0.00,200.00,364.16,0.00,434.16,-964.58
308,-3.16,9.40,20.00,18.01,19.00,0.00,200.00,413.07,0.00,434.16,-1034.71
309,-4.93,9.40,20.00,17.78,18.89,0.00,200.00,465.48,0.00,434.16,-1110.01
310,-6.69,9.40,20.00,17.54,18.77,0.00,200.00,519.67,0.00,434.16,-1184.49
311,-8.34,9.40,20.00,17.28,18.64,0.00,200.00,573.77,0.00,434.16,-1252.19
312,-9.68,9.40,20.00,17.01,18.51,0.00,200.00,625.01,0.00,434.16,-1304.97
313,-10.75,9.40,20.00,16.74,18.37,0.00,200.00,673.06,0.00,434.16,-1343.55
314,-11.40,9.40,20.00,16.46,18.23,0.00,200.00,715.52,0.00,434.16,-1361.75
315,-11.58,9.40,20.00,16.19,18.09,0.00,200.00,751.06,0.00,434.16,-1357.49
316,-11.30,9.40,20.00,15.92,17.96,0.00,200.00,778.74,0.00,434.16,-1330.21
317,-10.55,9.40,20.00,15.66,17.83,0.00,200.00,798.12,0.00,434.16,-1280.94
318,-9.39,9.40,20.00,15.41,17.71,0.00,200.00,809.27,0.00,434.16,-1212.24
319,-7.89,9.40,20.00,15.18,17.59,0.00,200.00,812.76,0.00,434.16,-1127.96
320,-6.16,9.40,20.00,15.17,17.58,1438.91,200.00,787.52,0.00,434.16,-1042.66
321,-4.31,9.40,20.00,15.49,17.74,3909.24,200.00,722.33,0.00,434.16,-967.62
322,-2.46,9.40,20.00,16.01,18.01,5591.39,200.00,632.42,0.00,434.16,-902.97
323,-0.74,9.40,20.00,16.66,18.33,6626.42,200.00,530.22,0.00,434.16,-850.28
324,0.74,9.40,20.00,17.33,18.67,6956.20,200.00,427.58,0.00,434.16,-810.95
325,1.88,9.40,20.00,17.98,18.99,6723.41,200.00,334.58,0.00,434.16,-787.20
326,2.60,9.40,20.00,18.52,19.26,5754.36,200.00,262.73,0.00,434.16,-778.41
327,2.85,9.40,20.00,18.87,19.43,4100.34,200.00,222.03,0.00,434.16,-782.65
328,2.63,9.40,20.00,18.89,19.45,1548.49,200.00,224.28,0.00,434.16,-795.03
329,1.93,9.40,20.00,18.72,19.36,0.00,200.00,255.29,0.00,434.16,-820.43
330,0.82,9.40,20.00,18.54,19.27,0.00,200.00,292.87,0.00,434.16,-865.84
331,-0.63,9.40,20.00,18.34,19.17,0.00,200.00,336.52,0.00,434.16,-927.40
332,-2.33,9.40,20.00,18.14,19.07,0.00,200.00,385.26,0.00,434.16,-1000.16
333,-4.15,9.40,20.00,17.91,18.96,0.00,200.00,437.71,0.00,434.16,-1078.46
334,-5.98,9.40,20.00,17.67,18.84,0.00,200.00,492.17,0.00,434.16,-1156.25
335,-7.69,9.40,20.00,17.42,18.71,0.00,200.00,546.74,0.00,434.16,-1227.56
336,-9.11,9.40,20.00,17.16,18.58,0.00,200.00,598.60,0.00,434.16,-1283.99
337,-10.25,9.40,20.00,16.89,18.44,0.00,200.00,647.53,0.00,434.16,-1326.63
338,-10.98,9.40,20.00,16.62,18.31,0.00,200.00,691.08,0.00,434.16,-1349.07
339,-11.26,9.40,20.00,16.34,18.17,0.00,200.00,727.88,0.00,434.16,-1349.17
340,-11.06,9.40,20.00,16.07,18.04,0.00,200.00,757.00,0.00,434.16,-1326.35
341,-10.41,9.40,20.00,15.81,17.91,0.00,200.00,777.98,0.00,434.16,-1281.58
342,-9.34,9.40,20.00,15.56,17.78,0.00,200.00,790.87,0.00,434.16,-1217.36
343,-7.94,9.40,20.00,15.33,17.67,0.00,200.00,796.24,0.00,434.16,-1137.53
344,-6.30,9.40,20.00,15.32,17.66,1463.36,200.00,772.57,0.00,434.16,-1056.76
345,-4.54,9.40,20.00,15.63,17.82,3914.15,200.00,709.33,0.00,434.16,-986.00
346,-2.78,9.40,20.00,16.16,18.08,5591.62,200.00,621.50,0.00,434.16,-925.42
347,-1.14,9.40,20.00,16.80,18.40,6625.89,200.00,521.45,0.00,434.16,-876.59
348,0.26,9.40,20.00,17.47,18.73,6958.68,200.00,420.94,0.00,434.16,-840.85
349,1.33,9.40,20.00,18.11,19.06,6728.18,200.00,330.06,0.00,434.16,-820.42
350,1.98,9.40,20.00,18.65,19.32,5763.66,200.00,260.27,0.00,434.16,-814.64
351,2.18,9.40,20.00,18.98,19.49,4116.28,200.00,221.51,0.00,434.16,-821.58
352,1.90,9.40,20.00,19.01,19.50,1581.21,200.00,225.46,0.00,434.16,-836.37
353,1.16,9.40,20.00,18.82,19.41,0.00,200.00,258.55,0.00,434.16,-863.55
354,0.01,9.40,20.00,18.63,19.32,0.00,200.00,298.10,0.00,434.16,-910.33
355,-1.47,9.40,20.00,18.43,19.22,0.00,200.00,343.61,0.00,434.16,-972.82
356,-3.19,9.40,20.00,18.21,19.11,0.00,200.00,394.07,0.00,434.16,-1046.07
357,-5.02,9.40,20.00,17.98,18.99,0.00,200.00,448.08,0.00,434.16,-1124.41
358,-6.85,9.40,20.00,17.73,18.87,0.00,200.00,503.94,0.00,434.16,-1201.79
359,-8.55,9.40,20.00,17.47,18.74,0.00,200.00,559.72,0.00,434.16,-1272.24
360,-9.95,9.40,20.00,17.20,18.60,0.00,200.00,612.53,0.00,434.16,-1327.16
361,-11.06,9.40,20.00,16.92,18.46,0.00,200.00,662.27,0.00,434.16,-1368.09
362,-11.76,9.40,20.00,16.64,18.32,0.00,200.00,706.42,0.00,434.16,-1388.41
363,-12.00,9.40,20.00,16.36,18.18,0.00,200.00,743.60,0.00,434.16,-1386.00
364,-11.75,9.40,20.00,16.08,18.04,0.00,200.00,772.88,0.00,434.16,-1360.30
365,-11.03,9.40,20.00,15.82,17.91,0.00,200.00,793.80,0.00,434.16,-1312.32
366,-9.90,9.40,20.00,15.56,17.78,0.00,200.00,806.41,0.00,434.16,-1244.60
367,-8.42,9.40,20.00,15.33,17.66,0.00,200.00,811.28,0.00,434.16,-1161.00
368,-6.71,9.40,20.00,15.32,17.66,1488.11,200.00,786.51,0.00,434.16,-1076.42
369,-4.86,9.40,20.00,15.63,17.81,3919.12,200.00,722.24,0.00,434.16,-1001.53
370,-3.01,9.40,20.00,16.15,18.07,5591.81,200.00,633.24,0.00,434.16,-936.66
371,-1.28,9.40,20.00,16.79,18.39,6625.24,200.00,531.86,0.00,434.16,-883.42
372,0.21,9.40,20.00,17.46,18.73,6961.00,200.00,429.81,0.00,434.16,-843.23
373,1.37,9.40,20.00,18.11,19.05,6732.73,200.00,337.22,0.00,434.16,-818.34
374,2.11,9.40,20.00,18.64,19.32,5772.76,200.00,265.52,0.00,434.16,-808.15
375,2.40,9.40,20.00,18.99,19.49,4132.13,200.00,224.67,0.00,434.16,-810.80
376,2.21,9.40,20.00,19.02,19.51,1614.37,200.00,226.22,0.00,434.16,-821.50
377,1.56,9.40,20.00,18.84,19.42,0.00,200.00,257.32,0.00,434.16,-844.55
378,0.50,9.40,20.00,18.65,19.33,0.00,200.00,294.83,0.00,434.16,-887.39
379,-0.90,9.40,20.00,18.45,19.23,0.00,200.00,338.24,0.00,434.16,-946.19
380,-2.54,9.40,20.00,18.24,19.12,0.00,200.00,386.59,0.00,434.16,-1016.03
381,-4.31,9.40,20.00,18.02,19.01,0.00,200.00,438.50,0.00,434.16,-1091.27
382,-6.07,9.40,20.00,17.78,18.89,0.00,200.00,492.27,0.00,434.16,-1165.89
383,-7.72,9.40,20.00,17.52,18.76,0.00,200.00,546.02,0.00,434.16,-1233.96
384,-9.06,9.40,20.00,17.26,18.63,0.00,200.00,596.80,0.00,434.16,-1286.68
385,-10.14,9.40,20.00,16.99,18.50,0.00,200.00,644.66,0.00,434.16,-1326.04
386,-10.80,9.40,20.00,16.72,18.36,0.00,200.00,687.03,0.00,434.16,-1345.21
387,-11.01,9.40,20.00,16.44,18.22,0.00,200.00,722.56,0.00,434.16,-1342.10
388,-10.75,9.40,20.00,16.18,18.09,0.00,200.00,750.34,0.00,434.16,-1316.14
389,-10.03,9.40,20.00,15.92,17.96,0.00,200.00,769.92,0.00,434.16,-1268.36
390,-8.90,9.40,20.00,15.67,17.84,0.00,200.00,781.36,0.00,434.16,-1201.28
391,-7.44,9.40,20.00,15.45,17.72,0.00,200.00,785.25,0.00,434.16,-1118.77
392,-5.75,9.40,20.00,15.44,17.72,1513.08,200.00,759.26,0.00,434.16,-1035.89
393,-3.93,9.40,20.00,15.77,17.88,3924.08,200.00,694.25,0.00,434.16,-963.01
394,-2.13,9.40,20.00,16.30,18.15,5591.93,200.00,604.81,0.00,434.16,-900.51
395,-0.45,9.40,20.00,16.94,18.47,6624.44,200.00,503.20,0.00,434.16,-850.01
396,0.99,9.40,20.00,17.62,18.81,6963.15,200.00,401.12,0.00,434.16,-812.91
397,2.08,9.40,20.00,18.27,19.13,6685.83,200.00,309.11,0.00,434.16,-791.22
398,2.76,9.40,20.00,18.81,19.41,5781.63,200.00,237.73,0.00,434.16,-784.76
399,2.97,9.40,20.00,19.16,19.58,4147.82,200.00,197.32,0.00,434.16,-791.41
400,2.70,9.40,20.00,19.20,19.60,1647.89,200.00,199.32,0.00,434.16,-806.41
401,1.96,9.40,20.00,19.02,19.51,0.00,200.00,231.56,0.00,434.16,-833.72
402,0.81,9.40,20.00,18.84,19.42,0.00,200.00,270.39,0.00,434.16,-880.93
403,-0.68,9.40,20.00,18.64,19.32,0.00,200.00,315.29,0.00,434.16,-944.18
404,-2.41,9.40,20.00,18.43,19.21,0.00,200.00,365.29,0.00,434.16,-1018.51
405,-4.27,9.40,20.00,18.20,19.10,0.00,200.00,418.99,0.00,434.16,-1098.22
406,-6.13,9.40,20.00,17.96,18.98,0.00,200.00,474.68,0.00,434.16,-1177.26
407,-7.86,9.40,20.00,17.70,18.85,0.00,200.00,530.45,0.00,434.16,-1249.64
408,-9.29,9.40,20.00,17.43,18.72,0.00,200.00,583.27,0.00,434.16,-1306.33
409,-10.45,9.40,20.00,17.16,18.58,0.00,200.00,633.29,0.00,434.16,-1349.67
410,-11.20,9.40,20.00,16.88,18.44,0.00,200.00,677.87,0.00,434.16,-1372.61
411,-11.49,9.40,20.00,16.60,18.30,0.00,200.00,715.64,0.00,434.16,-1372.99
412,-11.30,9.40,20.00,16.32,18.16,0.00,200.00,745.65,0.00,434.16,-1350.24
413,-10.65,9.40,20.00,16.06,18.03,0.00,200.00,767.44,0.00,434.16,-1305.33
414,-9.58,9.40,20.00,15.81,17.90,0.00,200.00,781.05,0.00,434.16,-1240.76
415,-8.17,9.40,20.00,15.57,17.79,0.00,200.00,787.05,0.00,434.16,-1160.37
416,-6.52,9.40,20.00,15.56,17.78,1538.20,200.00,762.67,0.00,434.16,-1079.41
417,-4.74,9.40,20.00,15.88,17.94,3929.03,200.00,699.46,0.00,434.16,-1007.89
418,-2.96,9.40,20.00,16.40,18.20,5591.97,200.00,611.76,0.00,434.16,-946.29
419,-1.30,9.40,20.00,17.04,18.52,6623.48,200.00,511.76,0.00,434.16,-896.23
420,0.13,9.40,20.00,17.71,18.85,6965.12,200.00,411.12,0.00,434.16,-859.15
421,1.22,9.40,20.00,18.35,19.17,6689.16,200.00,320.35,0.00,434.16,-837.02
422,1.91,9.40,20.00,18.88,19.44,5790.24,200.00,249.97,0.00,434.16,-829.71
423,2.14,9.40,20.00,19.23,19.61,4163.33,200.00,210.29,0.00,434.16,-835.11
424,1.90,9.40,20.00,19.26,19.63,1681.68,200.00,212.61,0.00,434.16,-848.54
425,1.20,9.40,20.00,19.07,19.54,0.00,200.00,245.45,0.00,434.16,-873.64
426,0.10,9.40,20.00,18.88,19.44,0.00,200.00,284.65,0.00,434.16,-918.27
427,-1.34,9.40,20.00,18.68,19.34,0.00,200.00,329.71,0.00,434.16,-978.57
428,-3.01,9.40,20.00,18.46,19.23,0.00,200.00,379.64,0.00,434.16,-1049.63
429,-4.80,9.40,20.00,18.23,19.11,0.00,200.00,433.05,0.00,434.16,-1125.78
430,-6.59,9.40,20.00,17.98,18.99,0.00,200.00,488.23,0.00,434.16,-1200.99
431,-8.25,9.40,20.00,17.72,18.86,0.00,200.00,543.29,0.00,434.16,-1269.33
432,-9.59,9.40,20.00,17.45,18.72,0.00,200.00,595.13,0.00,434.16,-1321.58
433,-10.66,9.40,20.00,17.17,18.59,0.00,200.00,644.04,0.00,434.16,-1360.56
434,-11.32,9.40,20.00,16.89,18.45,0.00,200.00,687.32,0.00,434.16,-1379.03
435,-11.52,9.40,20.00,16.61,18.31,0.00,200.00,723.62,0.00,434.16,-1374.90
436,-11.23,9.40,20.00,16.34,18.17,0.00,200.00,752.02,0.00,434.16,-1347.63
437,-10.49,9.40,20.00,16.07,18.04,0.00,200.00,772.06,0.00,434.16,-1298.23
438,-9.33,9.40,20.00,15.82,17.91,0.00,200.00,783.81,0.00,434.16,-1229.26
439,-7.83,9.40,20.00,15.59,17.79,0.00,200.00,787.84,0.00,434.16,-1144.60
440,-6.09,9.40,20.00,15.59,17.80,1563.38,200.00,761.00,0.00,434.16,-1059.73
441,-4.23,9.40,20.00,15.91,17.96,3933.91,200.00,695.54,0.00,434.16,-984.39
442,-2.37,9.40,20.00,16.44,18.22,5591.90,200.00,605.63,0.00,434.16,-919.19
443,-0.63,9.40,20.00,17.08,18.54,6622.33,200.00,503.43,0.00,434.16,-865.81
444,0.87,9.40,20.00,17.76,18.88,6966.87,200.00,400.56,0.00,434.16,-825.73
445,2.02,9.40,20.00,18.41,19.21,6692.18,200.00,307.57,0.00,434.16,-800.96
446,2.77,9.40,20.00,18.96,19.48,5798.57,200.00,234.97,0.00,434.16,-791.40
447,3.04,9.40,20.00,19.31,19.65,4178.61,200.00,193.07,0.00,434.16,-795.00
448,2.84,9.40,20.00,19.35,19.68,1715.65,200.00,193.04,0.00,434.16,-807.14
449,2.17,9.40,20.00,19.18,19.59,0.00,200.00,224.15,0.00,434.16,-831.16
450,1.09,9.40,20.00,18.99,19.50,0.00,200.00,261.75,0.00,434.16,-875.15
451,-0.34,9.40,20.00,18.80,19.40,0.00,200.00,305.36,0.00,434.16,-935.27
452,-2.00,9.40,20.00,18.59,19.29,0.00,200.00,354.00,0.00,434.16,-1006.59
453,-3.80,9.40,20.00,18.36,19.18,0.00,200.00,406.30,0.00,434.16,-1083.44
454,-5.60,9.40,20.00,18.12,19.06,0.00,200.00,460.55,0.00,434.16,-1159.81
455,-7.29,9.40,20.00,17.87,18.94,0.00,200.00,514.88,0.00,434.16,-1229.72
456,-8.66,9.40,20.00,17.61,18.80,0.00,200.00,566.13,0.00,434.16,-1283.76
457,-9.77,9.40,20.00,17.34,18.67,0.00,200.00,614.72,0.00,434.16,-1325.12
458,-10.48,9.40,20.00,17.06,18.53,0.00,200.00,657.90,0.00,434.16,-1346.35
459,-10.73,9.40,20.00,16.79,18.39,0.00,200.00,694.32,0.00,434.16,-1345.32
460,-10.52,9.40,20.00,16.52,18.26,0.00,200.00,723.04,0.00,434.16,-1321.44
461,-9.84,9.40,20.00,16.26,18.13,0.00,200.00,743.62,0.00,434.16,-1275.73
462,-8.76,9.40,20.00,16.01,18.01,0.00,200.00,756.12,0.00,434.16,-1210.68
463,-7.34,9.40,20.00,15.78,17.89,0.00,200.00,761.10,0.00,434.16,-1130.13
464,-5.69,9.40,20.00,15.79,17.90,1588.56,200.00,734.97,0.00,434.16,-1049.73
465,-3.91,9.40,20.00,16.11,18.06,3938.70,200.00,670.71,0.00,434.16,-978.86
466,-2.14,9.40,20.00,16.64,18.32,5591.69,200.00,582.22,0.00,434.16,-918.16
467,-0.50,9.40,20.00,17.29,18.64,6620.98,200.00,481.62,0.00,434.16,-869.30
468,0.90,9.40,20.00,17.96,18.98,6968.40,200.00,380.45,0.00,434.16,-833.74
469,1.97,9.40,20.00,18.61,19.30,6694.86,200.00,289.27,0.00,434.16,-813.42
470,2.62,9.40,20.00,19.15,19.58,5806.57,200.00,218.53,0.00,434.16,-808.24
471,2.81,9.40,20.00,19.50,19.75,4193.60,200.00,178.50,0.00,434.16,-816.09
472,2.52,9.40,20.00,19.55,19.77,1749.70,200.00,180.19,0.00,434.16,-832.41
473,1.77,9.40,20.00,19.37,19.68,0.00,200.00,213.55,0.00,434.16,-860.13
474,0.61,9.40,20.00,19.18,19.59,0.00,200.00,253.43,0.00,434.16,-907.57
475,-0.89,9.40,20.00,18.97,19.49,0.00,200.00,299.31,0.00,434.16,-970.82
476,-2.62,9.40,20.00,18.76,19.38,0.00,200.00,350.19,0.00,434.16,-1044.94
477,-4.48,9.40,20.00,18.52,19.26,0.00,200.00,404.69,0.00,434.16,-1124.23
478,-6.33,9.40,20.00,18.27,19.14,0.00,200.00,461.07,0.00,434.16,-1202.64
479,-8.06,9.40,20.00,18.01,19.01,0.00,200.00,517.44,0.00,434.16,-1274.19
480,-9.45,9.40,20.00,17.74,18.87,0.00,200.00,570.56,0.00,434.16,-1329.24
481,-10.60,9.40,20.00,17.46,18.73,0.00,200.00,620.95,0.00,434.16,-1371.38
482,-11.32,9.40,20.00,17.18,18.59,0.00,200.00,665.78,0.00,434.16,-1392.93
483,-11.58,9.40,20.00,16.89,18.45,0.00,200.00,703.69,0.00,434.16,-1391.77
484,-11.36,9.40,20.00,16.61,18.31,0.00,200.00,733.74,0.00,434.16,-1367.33
485,-10.67,9.40,20.00,16.34,18.17,0.00,200.00,755.46,0.00,434.16,-1320.61
486,-9.57,9.40,20.00,16.09,18.04,0.00,200.00,768.90,0.00,434.16,-1254.11
487,-8.12,9.40,20.00,15.85,17.93,0.00,200.00,774.61,0.00,434.16,-1171.69
488,-6.43,9.40,20.00,15.85,17.93,1613.68,200.00,748.58,0.00,434.16,-1089.23
489,-4.61,9.40,20.00,16.17,18.09,3943.37,200.00,684.49,0.00,434.16,-1015.78
490,-2.78,9.40,20.00,16.69,18.35,5591.34,200.00,596.03,0.00,434.16,-952.13
491,-1.08,9.40,20.00,17.33,18.67,6619.41,200.00,495.24,0.00,434.16,-899.99
492,0.39,9.40,20.00,18.00,19.00,6968.45,200.00,393.66,0.00,434.16,-860.86
493,1.53,9.40,20.00,18.65,19.32,6697.17,200.00,301.82,0.00,434.16,-836.73
494,2.26,9.40,20.00,19.19,19.60,5814.22,200.00,230.16,0.00,434.16,-827.54
495,2.53,9.40,20.00,19.54,19.77,4208.27,200.00,188.93,0.00,434.16,-831.25
496,2.33,9.40,20.00,19.59,19.79,1783.76,200.00,189.00,0.00,434.16,-843.41
497,1.67,9.40,20.00,19.40,19.70,0.00,200.00,221.08,0.00,434.16,-866.65
498,0.61,9.40,20.00,19.21,19.61,0.00,200.00,259.50,0.00,434.16,-909.55
499,-0.80,9.40,20.00,19.01,19.51,0.00,200.00,303.77,0.00,434.16,-968.28
500,-2.44,9.40,20.00,18.79,19.40,0.00,200.00,352.92,0.00,434.16,-1037.92
501,-4.20,9.40,20.00,18.56,19.28,0.00,200.00,405.56,0.00,434.16,-1112.81
502,-5.96,9.40,20.00,18.32,19.16,0.00,200.00,459.99,0.00,434.16,-1186.97
503,-7.60,9.40,20.00,18.06,19.03,0.00,200.00,514.34,0.00,434.16,-1254.44
504,-8.91,9.40,20.00,17.79,18.90,0.00,200.00,565.32,0.00,434.16,-1305.42
505,-9.98,9.40,20.00,17.52,18.76,0.00,200.00,613.59,0.00,434.16,-1343.95
506,-10.63,9.40,20.00,17.24,18.62,0.00,200.00,656.30,0.00,434.16,-1362.19
507,-10.82,9.40,20.00,16.96,18.48,0.00,200.00,692.10,0.00,434.16,-1358.04
508,-10.54,9.40,20.00,16.69,18.35,0.00,200.00,720.06,0.00,434.16,-1330.96
509,-9.80,9.40,20.00,16.43,18.22,0.00,200.00,739.76,0.00,434.16,-1281.97
510,-8.65,9.40,20.00,16.18,18.09,0.00,200.00,751.24,0.00,434.16,-1213.61
511,-7.16,9.40,20.00,15.95,17.98,0.00,200.00,755.11,0.00,434.16,-1129.76
512,-5.44,9.40,20.00,15.97,17.98,1638.65,200.00,726.90,0.00,434.16,-1046.49
513,-3.60,9.40,20.00,16.30,18.15,3947.88,200.00,661.04,0.00,434.16,-972.56
514,-1.77,9.40,20.00,16.83,18.41,5590.80,200.00,571.04,0.00,434.16,-908.84
515,-0.06,9.40,20.00,17.48,18.74,6617.59,200.00,468.90,0.00,434.16,-857.07
516,1.41,9.40,20.00,18.16,19.08,6967.33,200.00,366.12,0.00,434.16,-818.77
517,2.53,9.40,20.00,18.81,19.41,6699.10,200.00,273.25,0.00,434.16,-795.92
518,3.23,9.40,20.00,19.36,19.68,5821.49,200.00,200.70,0.00,434.16,-788.46
519,3.47,9.40,20.00,19.72,19.86,4222.58,200.00,158.72,0.00,434.16,-794.34
520,3.22,9.40,20.00,19.78,19.89,1817.73,200.00,158.01,0.00,434.16,-809.17
521,2.51,9.40,20.00,19.60,19.80,0.00,200.00,190.05,0.00,434.16,-835.21
522,1.39,9.40,20.00,19.42,19.71,0.00,200.00,228.64,0.00,434.16,-881.26
523,-0.08,9.40,20.00,19.22,19.61,0.00,200.00,273.31,0.00,434.16,-943.43
524,-1.80,9.40,20.00,19.01,19.50,0.00,200.00,323.06,0.00,434.16,-1016.78
525,-3.64,9.40,20.00,18.78,19.39,0.00,200.00,376.51,0.00,434.16,-1095.62
526,-5.48,9.40,20.00,18.54,19.27,0.00,200.00,431.96,0.00,434.16,-1173.92
527,-7.21,9.40,20.00,18.28,19.14,0.00,200.00,487.51,0.00,434.16,-1245.67
528,-8.60,9.40,20.00,18.01,19.01,0.00,200.00,539.81,0.00,434.16,-1300.85
529,-9.76,9.40,20.00,17.74,18.87,0.00,200.00,589.62,0.00,434.16,-1343.84
530,-10.50,9.40,20.00,17.46,18.73,0.00,200.00,634.02,0.00,434.16,-1366.56
531,-10.79,9.40,20.00,17.18,18.59,0.00,200.00,671.65,0.00,434.16,-1366.86
532,-10.60,9.40,20.00,16.90,18.45,0.00,200.00,701.56,0.00,434.16,-1344.16
533,-9.95,9.40,20.00,16.64,18.32,0.00,200.00,723.30,0.00,434.16,-1299.44
534,-8.88,9.40,20.00,16.39,18.19,0.00,200.00,736.91,0.00,434.16,-1235.19
535,-7.48,9.40,20.00,16.15,18.08,0.00,200.00,742.96,0.00,434.16,-1155.25
536,-5.84,9.40,20.00,16.17,18.08,1663.42,200.00,716.54,0.00,434.16,-1075.85
537,-4.08,9.40,20.00,16.49,18.24,3952.21,200.00,652.79,0.00,434.16,-1005.39
538,-2.32,9.40,20.00,17.01,18.51,5590.07,200.00,564.96,0.00,434.16,-944.80
539,-0.67,9.40,20.00,17.65,18.82,6565.27,200.00,465.40,0.00,434.16,-895.60
540,0.73,9.40,20.00,18.32,19.16,6965.85,200.00,364.72,0.00,434.16,-859.71
541,1.81,9.40,20.00,18.97,19.48,6700.62,200.00,273.83,0.00,434.16,-838.89
542,2.47,9.40,20.00,19.51,19.76,5828.35,200.00,203.13,0.00,434.16,-833.08
543,2.67,9.40,20.00,19.86,19.93,4236.48,200.00,162.80,0.00,434.16,-840.22
544,2.41,9.40,20.00,19.92,19.96,1851.52,200.00,163.40,0.00,434.16,-855.97
545,1.68,9.40,20.00,19.73,19.87,0.00,200.00,197.08,0.00,434.16,-882.27
546,0.55,9.40,20.00,19.54,19.77,0.00,200.00,237.16,0.00,434.16,-928.11
547,-0.92,9.40,20.00,19.33,19.66,0.00,200.00,283.14,0.00,434.16,-989.63
548,-2.62,9.40,20.00,19.11,19.55,0.00,200.00,334.02,0.00,434.16,-1061.89
549,-4.44,9.40,20.00,18.87,19.44,0.00,200.00,388.39,0.00,434.16,-1139.20
550,-6.25,9.40,20.00,18.62,19.31,0.00,200.00,444.55,0.00,434.16,-1215.56
551,-7.93,9.40,20.00,18.35,19.18,0.00,200.00,500.60,0.00,434.16,-1284.98
552,-9.28,9.40,20.00,18.08,19.04,0.00,200.00,553.12,0.00,434.16,-1337.24
553,-10.38,9.40,20.00,17.80,18.90,0.00,200.00,602.99,0.00,434.16,-1377.17
554,-11.06,9.40,20.00,17.51,18.76,0.00,200.00,647.22,0.00,434.16,-1396.51
555,-11.27,9.40,20.00,17.23,18.61,0.00,200.00,684.47,0.00,434.16,-1393.16
556,-11.01,9.40,20.00,16.95,18.47,0.00,200.00,713.78,0.00,434.16,-1366.56
557,-10.28,9.40,20.00,16.68,18.34,0.00,200.00,734.72,0.00,434.16,-1317.72
558,-9.13,9.40,20.00,16.43,18.21,0.00,200.00,747.33,0.00,434.16,-1249.19
559,-7.64,9.40,20.00,16.19,18.09,0.00,200.00,752.18,0.00,434.16,-1164.84
560,-5.91,9.40,20.00,16.21,18.10,1687.91,200.00,723.98,0.00,434.16,-1081.15
561,-4.06,9.40,20.00,16.53,18.26,3956.32,200.00,658.56,0.00,434.16,-1006.25
562,-2.20,9.40,20.00,17.06,18.53,5588.14,200.00,568.99,0.00,434.16,-941.18
563,-0.46,9.40,20.00,17.69,18.85,6562.30,200.00,467.59,0.00,434.16,-887.55
564,1.04,9.40,20.00,18.37,19.19,6964.00,200.00,364.93,0.00,434.16,-847.33
565,2.20,9.40,20.00,19.02,19.51,6701.71,200.00,271.95,0.00,434.16,-822.34
566,2.95,9.40,20.00,19.57,19.79,5834.77,200.00,199.03,0.00,434.16,-812.55
567,3.24,9.40,20.00,19.93,19.96,4249.92,200.00,156.35,0.00,434.16,-815.99
568,3.05,9.40,20.00,19.99,20.00,1885.05,200.00,154.34,0.00,434.16,-828.41
569,2.39,9.40,20.00,19.81,19.91,0.00,200.00,185.92,0.00,434.16,-851.43
570,1.33,9.40,20.00,19.62,19.81,0.00,200.00,223.91,0.00,434.16,-894.33
571,-0.08,9.40,20.00,19.42,19.71,0.00,200.00,267.84,0.00,434.16,-953.27
572,-1.72,9.40,20.00,19.21,19.61,0.00,200.00,316.72,0.00,434.16,-1023.33
573,-3.50,9.40,20.00,18.98,19.49,0.00,200.00,369.17,0.00,434.16,-1098.85
574,-5.28,9.40,20.00,18.74,19.37,0.00,200.00,423.52,0.00,434.16,-1173.83
575,-6.93,9.40,20.00,18.48,19.24,0.00,200.00,477.86,0.00,434.16,-1242.32
576,-8.25,9.40,20.00,18.22,19.11,0.00,200.00,528.76,0.00,434.16,-1293.89
577,-9.34,9.40,20.00,17.94,18.97,0.00,200.00,577.21,0.00,434.16,-1333.79
578,-10.02,9.40,20.00,17.67,18.83,0.00,200.00,620.19,0.00,434.16,-1353.54
579,-10.25,9.40,20.00,17.39,18.69,0.00,200.00,656.36,0.00,434.16,-1351.05
580,-10.00,9.40,20.00,17.12,18.56,0.00,200.00,684.80,0.00,434.16,-1325.74
581,-9.30,9.40,20.00,16.86,18.43,0.00,200.00,705.05,0.00,434.16,-1278.62
582,-8.19,9.40,20.00,16.61,18.31,0.00,200.00,717.19,0.00,434.16,-1212.21
583,-6.75,9.40,20.00,16.38,18.19,0.00,200.00,721.79,0.00,434.16,-1130.37
584,-5.07,9.40,20.00,16.41,18.20,1712.08,200.00,693.10,0.00,434.16,-1049.75
585,-3.27,9.40,20.00,16.74,18.37,3960.20,200.00,627.71,0.00,434.16,-978.12
586,-1.48,9.40,20.00,17.27,18.63,5584.51,200.00,538.48,0.00,434.16,-916.59
587,0.18,9.40,20.00,17.91,18.96,6559.03,200.00,437.62,0.00,434.16,-866.75
588,1.60,9.40,20.00,18.59,19.30,6961.76,200.00,335.71,0.00,434.16,-830.56
589,2.68,9.40,20.00,19.25,19.62,6702.34,200.00,243.64,0.00,434.16,-809.79
590,3.34,9.40,20.00,19.80,19.90,5840.72,200.00,171.77,0.00,434.16,-804.39
591,3.54,9.40,20.00,20.16,20.08,4262.87,200.00,130.24,0.00,434.16,-812.36
592,3.26,9.40,20.00,20.23,20.11,1918.23,200.00,129.32,0.00,434.16,-829.47
593,2.51,9.40,20.00,20.05,20.02,0.00,200.00,162.64,0.00,434.16,-856.96
594,1.35,9.40,20.00,19.86,19.93,0.00,200.00,202.51,0.00,434.16,-904.30
595,-0.14,9.40,20.00,19.65,19.83,0.00,200.00,248.42,0.00,434.16,-967.60
596,-1.88,9.40,20.00,19.43,19.72,0.00,200.00,299.38,0.00,434.16,-1041.90
597,-3.74,9.40,20.00,19.20,19.60,0.00,200.00,354.00,0.00,434.16,-1121.49
598,-5.60,9.40,20.00,18.95,19.48,0.00,200.00,410.55,0.00,434.16,-1200.34
599,-7.34,9.40,20.00,18.69,19.34,0.00,200.00,467.14,0.00,434.16,-1272.45
600,-8.73,9.40,20.00,18.42,19.21,0.00,200.00,520.23,0.00,434.16,-1327.16
601,-9.89,9.40,20.00,18.14,19.07,0.00,200.00,570.92,0.00,434.16,-1370.09
602,-10.64,9.40,20.00,17.85,18.93,0.00,200.00,616.11,0.00,434.16,-1392.52
603,-10.92,9.40,20.00,17.57,18.78,0.00,200.00,654.44,0.00,434.16,-1392.34
604,-10.72,9.40,20.00,17.29,18.64,0.00,200.00,684.96,0.00,434.16,-1368.94
605,-10.06,9.40,20.00,17.02,18.51,0.00,200.00,707.19,0.00,434.16,-1323.32
606,-8.98,9.40,20.00,16.76,18.38,0.00,200.00,721.20,0.00,434.16,-1257.98
607,-7.56,9.40,20.00,16.52,18.26,0.00,200.00,727.54,0.00,434.16,-1176.76
608,-5.89,9.40,20.00,16.54,18.27,1735.87,200.00,700.03,0.00,434.16,-1096.52
609,-4.10,9.40,20.00,16.86,18.43,3963.80,200.00,635.94,0.00,434.16,-1024.69
610,-2.30,9.40,20.00,17.39,18.69,5580.57,200.00,547.92,0.00,434.16,-962.47
611,-0.63,9.40,20.00,18.02,19.01,6555.41,200.00,448.10,0.00,434.16,-911.51
612,0.82,9.40,20.00,18.69,19.35,6959.12,200.00,347.01,0.00,434.16,-873.76
613,1.93,9.40,20.00,19.34,19.67,6702.50,200.00,255.52,0.00,434.16,-851.03
614,2.63,9.40,20.00,19.89,19.94,5846.18,200.00,183.96,0.00,434.16,-843.31
615,2.88,9.40,20.00,20.24,20.12,4275.29,200.00,142.45,0.00,434.16,-848.61
616,2.66,9.40,20.00,20.31,20.15,1950.99,200.00,141.09,0.00,434.16,-862.83
617,1.98,9.40,20.00,20.12,20.06,0.00,200.00,174.24,0.00,434.16,-886.89
618,0.89,9.40,20.00,19.93,19.96,0.00,200.00,213.72,0.00,434.16,-930.52
619,-0.53,9.40,20.00,19.72,19.86,0.00,200.00,259.03,0.00,434.16,-989.87
620,-2.19,9.40,20.00,19.50,19.75,0.00,200.00,309.19,0.00,434.16,-1060.01
621,-3.97,9.40,20.00,19.26,19.63,0.00,200.00,362.80,0.00,434.16,-1135.30
622,-5.74,9.40,20.00,19.01,19.50,0.00,200.00,418.16,0.00,434.16,-1209.72
623,-7.39,9.40,20.00,18.75,19.37,0.00,200.00,473.38,0.00,434.16,-1277.32
624,-8.68,9.40,20.00,18.47,19.24,0.00,200.00,524.89,0.00,434.16,-1327.31
625,-9.75,9.40,20.00,18.19,19.10,0.00,200.00,573.90,0.00,434.16,-1365.72
626,-10.40,9.40,20.00,17.91,18.95,0.00,200.00,617.29,0.00,434.16,-1383.70
627,-10.59,9.40,20.00,17.63,18.81,0.00,200.00,653.70,0.00,434.16,-1379.16
628,-10.30,9.40,20.00,17.35,18.68,0.00,200.00,682.22,0.00,434.16,-1351.56
629,-9.55,9.40,20.00,17.08,18.54,0.00,200.00,702.40,0.00,434.16,-1301.93
630,-8.39,9.40,20.00,16.83,18.42,0.00,200.00,714.30,0.00,434.16,-1232.81
631,-6.89,9.40,20.00,16.60,18.30,0.00,200.00,718.50,0.00,434.16,-1148.08
632,-5.15,9.40,20.00,16.63,18.31,1759.20,200.00,688.43,0.00,434.16,-1064.82
633,-3.30,9.40,20.00,16.96,18.48,3967.11,200.00,622.07,0.00,434.16,-990.19
634,-1.44,9.40,20.00,17.49,18.75,5576.33,200.00,531.92,0.00,434.16,-925.49
635,0.29,9.40,20.00,18.14,19.07,6551.45,200.00,430.03,0.00,434.16,-872.43
636,1.77,9.40,20.00,18.82,19.41,6956.06,200.00,326.94,0.00,434.16,-833.00
637,2.92,9.40,20.00,19.47,19.74,6702.17,200.00,233.82,0.00,434.16,-808.91
638,3.65,9.40,20.00,20.03,20.01,5851.11,200.00,160.39,0.00,434.16,-800.40
639,3.92,9.40,20.00,20.39,20.20,4287.14,200.00,117.08,0.00,434.16,-805.41
640,3.70,9.40,20.00,20.47,20.24,1983.24,200.00,113.84,0.00,434.16,-819.88
641,3.02,9.40,20.00,20.29,20.15,0.00,200.00,145.79,0.00,434.16,-844.43
642,1.92,9.40,20.00,20.10,20.05,0.00,200.00,184.24,0.00,434.16,-888.99
643,0.47,9.40,20.00,19.90,19.95,0.00,200.00,228.72,0.00,434.16,-949.70
644,-1.21,9.40,20.00,19.69,19.84,0.00,200.00,278.24,0.00,434.16,-1021.63
645,-3.02,9.40,20.00,19.46,19.73,0.00,200.00,331.43,0.00,434.16,-1099.10
646,-4.84,9.40,20.00,19.22,19.61,0.00,200.00,386.58,0.00,434.16,-1176.08
647,-6.54,9.40,20.00,18.96,19.48,0.00,200.00,441.82,0.00,434.16,-1246.61
648,-7.90,9.40,20.00,18.69,19.35,0.00,200.00,493.49,0.00,434.16,-1299.65
649,-9.03,9.40,20.00,18.42,19.21,0.00,200.00,542.93,0.00,434.16,-1341.60
650,-9.76,9.40,20.00,18.14,19.07,0.00,200.00,586.97,0.00,434.16,-1363.38
651,-10.03,9.40,20.00,17.86,18.93,0.00,200.00,624.24,0.00,434.16,-1362.86
652,-9.82,9.40,20.00,17.58,18.79,0.00,200.00,653.80,0.00,434.16,-1339.46
653,-9.16,9.40,20.00,17.32,18.66,0.00,200.00,675.22,0.00,434.16,-1294.16
654,-8.09,9.40,20.00,17.07,18.53,0.00,200.00,688.53,0.00,434.16,-1229.47
655,-6.68,9.40,20.00,16.83,18.41,0.00,200.00,694.31,0.00,434.16,-1149.21
656,-5.04,9.40,20.00,16.86,18.43,1782.05,200.00,665.54,0.00,434.16,-1070.63
657,-3.27,9.40,20.00,17.19,18.60,3970.11,200.00,600.89,0.00,434.16,-1000.51
658,-1.51,9.40,20.00,17.72,18.86,5571.75,200.00,512.67,0.00,434.16,-940.19
659,0.13,9.40,20.00,18.36,19.18,6547.13,200.00,412.80,0.00,434.16,-891.38
660,1.53,9.40,20.00,19.04,19.52,6952.55,200.00,311.80,0.00,434.16,-856.03
661,2.59,9.40,20.00,19.69,19.84,6701.32,200.00,220.79,0.00,434.16,-835.82
662,3.24,9.40,20.00,20.24,20.12,5855.49,200.00,149.46,0.00,434.16,-830.96
663,3.43,9.40,20.00,20.60,20.30,4298.38,200.00,108.18,0.00,434.16,-839.37
664,3.15,9.40,20.00,20.68,20.34,2014.91,200.00,106.71,0.00,434.16,-857.03
665,2.40,9.40,20.00,20.49,20.25,0.00,200.00,140.88,0.00,434.16,-884.20
666,1.25,9.40,20.00,20.29,20.15,0.00,200.00,181.50,0.00,434.16,-930.99
667,-0.24,9.40,20.00,20.09,20.04,0.00,200.00,228.07,0.00,434.16,-993.54
668,-1.96,9.40,20.00,19.86,19.93,0.00,200.00,279.58,0.00,434.16,-1066.89
669,-3.81,9.40,20.00,19.62,19.81,0.00,200.00,334.64,0.00,434.16,-1145.35
670,-5.65,9.40,20.00,19.37,19.68,0.00,200.00,391.53,0.00,434.16,-1222.88
671,-7.36,9.40,20.00,19.10,19.55,0.00,200.00,448.34,0.00,434.16,-1293.50
672,-8.71,9.40,20.00,18.83,19.41,0.00,200.00,501.37,0.00,434.16,-1346.00
673,-9.84,9.40,20.00,18.54,19.27,0.00,200.00,552.05,0.00,434.16,-1387.15
674,-10.55,9.40,20.00,18.25,19.13,0.00,200.00,597.12,0.00,434.16,-1407.69
675,-10.79,9.40,20.00,17.96,18.98,0.00,200.00,635.22,0.00,434.16,-1405.51
676,-10.55,9.40,20.00,17.68,18.84,0.00,200.00,665.42,0.00,434.16,-1380.04
677,-9.85,9.40,20.00,17.41,18.70,0.00,200.00,687.24,0.00,434.16,-1332.27
678,-8.72,9.40,20.00,17.15,18.57,0.00,200.00,700.74,0.00,434.16,-1264.75
679,-7.26,9.40,20.00,16.91,18.45,0.00,200.00,706.50,0.00,434.16,-1181.32
680,-5.55,9.40,20.00,16.94,18.47,1804.35,200.00,677.04,0.00,434.16,-1099.49
681,-3.72,9.40,20.00,17.27,18.63,3972.76,200.00,611.76,0.00,434.16,-1025.73
682,-1.88,9.40,20.00,17.79,18.90,5566.82,200.00,522.79,0.00,434.16,-961.50
683,-0.15,9.40,20.00,18.43,19.22,6542.42,200.00,421.98,0.00,434.16,-908.58
684,1.33,9.40,20.00,19.11,19.55,6948.58,200.00,319.85,0.00,434.16,-868.96
685,2.48,9.40,20.00,19.76,19.88,6699.94,200.00,227.49,0.00,434.16,-844.39
686,3.22,9.40,20.00,20.31,20.15,5859.29,200.00,154.60,0.00,434.16,-835.11
687,3.51,9.40,20.00,20.67,20.34,4308.98,200.00,111.52,0.00,434.16,-839.12
688,3.32,9.40,20.00,20.76,20.38,2045.92,200.00,107.89,0.00,434.16,-852.51
689,2.66,9.40,20.00,20.57,20.29,0.00,200.00,140.27,0.00,434.16,-875.23
690,1.60,9.40,20.00,20.38,20.19,0.00,200.00,179.00,0.00,434.16,-917.69
691,0.20,9.40,20.00,20.17,20.08,0.00,200.00,223.59,0.00,434.16,-976.06
692,-1.44,9.40,20.00,19.95,19.98,0.00,200.00,273.05,0.00,434.16,-1045.43
693,-3.20,9.40,20.00,19.72,19.86,0.00,200.00,326.02,0.00,434.16,-1120.14
694,-4.96,9.40,20.00,19.47,19.73,0.00,200.00,380.80,0.00,434.16,-1194.20
695,-6.60,9.40,20.00,19.21,19.60,0.00,200.00,435.51,0.00,434.16,-1261.66
696,-7.89,9.40,20.00,18.94,19.47,0.00,200.00,486.39,0.00,434.16,-1311.14
697,-8.96,9.40,20.00,18.66,19.33,0.00,200.00,535.02,0.00,434.16,-1349.83
698,-9.61,9.40,20.00,18.38,19.19,0.00,200.00,578.11,0.00,434.16,-1368.31
699,-9.82,9.40,20.00,18.10,19.05,0.00,200.00,614.31,0.00,434.16,-1364.48
700,-9.54,9.40,20.00,17.82,18.91,0.00,200.00,642.72,0.00,434.16,-1337.77
701,-8.81,9.40,20.00,17.56,18.78,0.00,200.00,662.87,0.00,434.16,-1289.22
702,-7.68,9.40,20.00,17.31,18.65,0.00,200.00,674.85,0.00,434.16,-1221.36
703,-6.21,9.40,20.00,17.08,18.54,0.00,200.00,679.23,0.00,434.16,-1138.05
704,-4.50,9.40,20.00,17.12,18.56,1826.06,200.00,648.12,0.00,434.16,-1056.99
705,-2.68,9.40,20.00,17.46,18.73,3975.05,200.00,581.63,0.00,434.16,-984.35
706,-0.86,9.40,20.00,18.00,19.00,5561.53,200.00,491.75,0.00,434.16,-921.63
707,0.83,9.40,20.00,18.64,19.32,6537.32,200.00,390.25,0.00,434.16,-870.62
708,2.28,9.40,20.00,19.33,19.66,6944.15,200.00,287.63,0.00,434.16,-833.33
709,3.38,9.40,20.00,19.98,19.99,6698.01,200.00,194.99,0.00,434.16,-811.45
710,4.07,9.40,20.00,20.54,20.27,5862.49,200.00,121.97,0.00,434.16,-805.25
711,4.29,9.40,20.00,20.91,20.46,4318.90,200.00,78.92,0.00,434.16,-812.69
712,4.03,9.40,20.00,21.01,20.50,2076.21,200.00,75.29,0.00,434.16,-829.90
713,3.30,9.40,20.00,20.82,20.41,0.00,200.00,108.39,0.00,434.16,-856.45
714,2.16,9.40,20.00,20.63,20.32,0.00,200.00,148.05,0.00,434.16,-902.95
715,0.67,9.40,20.00,20.43,20.21,0.00,200.00,193.76,0.00,434.16,-965.53
716,-1.05,9.40,20.00,20.21,20.10,0.00,200.00,244.53,0.00,434.16,-1039.24
717,-2.91,9.40,20.00,19.97,19.99,0.00,200.00,298.98,0.00,434.16,-1118.38
718,-4.76,9.40,20.00,19.73,19.86,0.00,200.00,355.39,0.00,434.16,-1196.91
719,-6.49,9.40,20.00,19.46,19.73,0.00,200.00,411.88,0.00,434.16,-1268.83
720,-7.87,9.40,20.00,19.19,19.59,0.00,200.00,464.61,0.00,434.16,-1322.54
721,-9.03,9.40,20.00,18.91,19.45,0.00,200.00,515.24,0.00,434.16,-1365.56
722,-9.78,9.40,20.00,18.62,19.31,0.00,200.00,560.43,0.00,434.16,-1388.22
723,-10.07,9.40,20.00,18.34,19.17,0.00,200.00,598.80,0.00,434.16,-1388.39
724,-9.88,9.40,20.00,18.06,19.03,0.00,200.00,629.42,0.00,434.16,-1365.48
725,-9.23,9.40,20.00,17.79,18.89,0.00,200.00,651.81,0.00,434.16,-1320.46
726,-8.16,9.40,20.00,17.53,18.77,0.00,200.00,666.03,0.00,434.16,-1255.83
727,-6.76,9.40,20.00,17.29,18.64,0.00,200.00,672.64,0.00,434.16,-1175.43
728,-5.11,9.40,20.00,17.33,18.67,1847.15,200.00,643.28,0.00,434.16,-1097.14
729,-3.34,9.40,20.00,17.66,18.83,3976.55,200.00,578.75,0.00,434.16,-1026.78
730,-1.57,9.40,20.00,18.19,19.10,5555.86,200.00,490.85,0.00,434.16,-965.90
731,0.08,9.40,20.00,18.83,19.41,6531.81,200.00,391.24,0.00,434.16,-916.32
732,1.50,9.40,20.00,19.50,19.75,6939.22,200.00,290.40,0.00,434.16,-880.00
733,2.59,9.40,20.00,20.15,20.08,6695.50,200.00,199.37,0.00,434.16,-858.67
734,3.26,9.40,20.00,20.70,20.35,5865.07,200.00,127.77,0.00,434.16,-852.58
735,3.48,9.40,20.00,21.07,20.54,4328.11,200.00,85.89,0.00,434.16,-859.71
736,3.23,9.40,20.00,21.16,20.58,2105.70,200.00,83.03,0.00,434.16,-876.28
737,2.52,9.40,20.00,20.97,20.48,0.00,200.00,117.18,0.00,434.16,-901.51
738,1.41,9.40,20.00,20.76,20.38,0.00,200.00,157.68,0.00,434.16,-946.26
739,-0.04,9.40,20.00,20.55,20.28,0.00,200.00,204.01,0.00,434.16,-1006.69
740,-1.72,9.40,20.00,20.33,20.16,0.00,200.00,255.20,0.00,434.16,-1077.86
741,-3.53,9.40,20.00,20.09,20.04,0.00,200.00,309.84,0.00,434.16,-1154.10
742,-5.32,9.40,20.00,19.83,19.91,0.00,200.00,366.22,0.00,434.16,-1229.40
743,-6.99,9.40,20.00,19.56,19.78,0.00,200.00,422.46,0.00,434.16,-1297.78
744,-8.28,9.40,20.00,19.28,19.64,0.00,200.00,474.66,0.00,434.16,-1347.50
745,-9.37,9.40,20.00,19.00,19.50,0.00,200.00,524.61,0.00,434.16,-1386.50
746,-10.03,9.40,20.00,18.71,19.35,0.00,200.00,568.91,0.00,434.16,-1404.95
747,-10.24,9.40,20.00,18.42,19.21,0.00,200.00,606.20,0.00,434.16,-1400.76
748,-9.96,9.40,20.00,18.14,19.07,0.00,200.00,635.54,0.00,434.16,-1373.39
749,-9.22,9.40,20.00,17.87,18.93,0.00,200.00,656.50,0.00,434.16,-1323.85
750,-8.06,9.40,20.00,17.61,18.81,0.00,200.00,669.14,0.00,434.16,-1254.68
751,-6.56,9.40,20.00,17.37,18.69,0.00,200.00,674.02,0.00,434.16,-1169.78
752,-4.82,9.40,20.00,17.43,18.71,1867.56,200.00,641.45,0.00,434.16,-1087.81
753,-2.96,9.40,20.00,17.78,18.89,3975.18,200.00,573.76,0.00,434.16,-1013.95
754,-1.10,9.40,20.00,18.33,19.16,5549.80,200.00,482.94,0.00,434.16,-949.67
755,0.64,9.40,20.00,18.99,19.49,6525.87,200.00,380.40,0.00,434.16,-896.90
756,2.14,9.40,20.00,19.68,19.84,6933.79,200.00,276.93,0.00,434.16,-857.54
757,3.30,9.40,20.00,20.34,20.17,6692.41,200.00,183.55,0.00,434.16,-833.33
758,4.04,9.40,20.00,20.91,20.46,5867.00,200.00,109.96,0.00,434.16,-824.54
759,4.33,9.40,20.00,21.29,20.65,4336.57,200.00,66.06,0.00,434.16,-829.29
760,4.13,9.40,20.00,21.39,20.70,2134.34,200.00,60.83,0.00,434.16,-843.89
761,3.47,9.40,20.00,21.21,20.60,0.00,200.00,93.24,0.00,434.16,-867.06
762,2.39,9.40,20.00,21.02,20.51,0.00,200.00,132.07,0.00,434.16,-910.17
763,0.98,9.40,20.00,20.81,20.40,0.00,200.00,176.84,0.00,434.16,-969.39
764,-0.68,9.40,20.00,20.59,20.30,0.00,200.00,226.58,0.00,434.16,-1039.80
765,-2.47,9.40,20.00,20.36,20.18,0.00,200.00,279.90,0.00,434.16,-1115.72
766,-4.26,9.40,20.00,20.11,20.05,0.00,200.00,335.12,0.00,434.16,-1191.14
767,-5.93,9.40,20.00,19.85,19.92,0.00,200.00,390.35,0.00,434.16,-1260.11
768,-7.24,9.40,20.00,19.58,19.79,0.00,200.00,441.67,0.00,434.16,-1310.67
769,-8.34,9.40,20.00,19.30,19.65,0.00,200.00,490.98,0.00,434.16,-1351.12
770,-9.04,9.40,20.00,19.01,19.51,0.00,200.00,534.83,0.00,434.16,-1371.45
771,-9.29,9.40,20.00,18.73,19.37,0.00,200.00,571.88,0.00,434.16,-1369.53
772,-9.06,9.40,20.00,18.46,19.23,0.00,200.00,601.20,0.00,434.16,-1344.80
773,-8.37,9.40,20.00,18.19,19.09,0.00,200.00,622.33,0.00,434.16,-1298.25
774,-7.28,9.40,20.00,17.94,18.97,0.00,200.00,635.35,0.00,434.16,-1232.39
775,-5.85,9.40,20.00,17.70,18.85,0.00,200.00,640.83,0.00,434.16,-1151.07
776,-4.19,9.40,20.00,17.77,18.88,1887.27,200.00,608.65,0.00,434.16,-1073.14
777,-2.41,9.40,20.00,18.12,19.06,3973.35,200.00,541.82,0.00,434.16,-1003.40
778,-0.63,9.40,20.00,18.67,19.33,5543.33,200.00,452.13,0.00,434.16,-943.38
779,1.02,9.40,20.00,19.33,19.66,6519.50,200.00,350.91,0.00,434.16,-894.99
780,2.43,9.40,20.00,20.02,20.01,6927.85,200.00,248.91,0.00,434.16,-860.09
781,3.49,9.40,20.00,20.69,20.34,6688.71,200.00,157.12,0.00,434.16,-840.38
782,4.15,9.40,20.00,21.25,20.62,5819.72,200.00,85.63,0.00,434.16,-835.90
783,4.34,9.40,20.00,21.63,20.81,4344.27,200.00,43.45,0.00,434.16,-845.14
784,4.05,9.40,20.00,21.73,20.87,2162.06,200.00,39.82,0.00,434.16,-864.24
785,3.30,9.40,20.00,21.54,20.77,0.00,200.00,74.40,0.00,434.16,-891.53
786,2.14,9.40,20.00,21.34,20.67,0.00,200.00,115.47,0.00,434.16,-938.57
787,0.64,9.40,20.00,21.13,20.56,0.00,200.00,162.52,0.00,434.16,-1001.50
788,-1.10,9.40,20.00,20.90,20.45,0.00,200.00,214.55,0.00,434.16,-1075.34
789,-2.96,9.40,20.00,20.66,20.33,0.00,200.00,270.17,0.00,434.16,-1154.40
790,-4.81,9.40,20.00,20.40,20.20,0.00,200.00,327.66,0.00,434.16,-1232.64
791,-6.55,9.40,20.00,20.13,20.07,0.00,200.00,385.12,0.00,434.16,-1304.06
792,-7.90,9.40,20.00,19.85,19.93,0.00,200.00,438.54,0.00,434.16,-1356.51
793,-9.05,9.40,20.00,19.56,19.78,0.00,200.00,489.92,0.00,434.16,-1398.62
794,-9.78,9.40,20.00,19.27,19.63,0.00,200.00,535.73,0.00,434.16,-1420.19
795,-10.05,9.40,20.00,18.98,19.49,0.00,200.00,574.61,0.00,434.16,-1419.08
796,-9.84,9.40,20.00,18.69,19.35,0.00,200.00,605.62,0.00,434.16,-1394.70
797,-9.16,9.40,20.00,18.41,19.21,0.00,200.00,628.29,0.00,434.16,-1348.06
798,-8.07,9.40,20.00,18.15,19.08,0.00,200.00,642.67,0.00,434.16,-1281.66
799,-6.63,9.40,20.00,17.95,18.97,0.00,200.00,643.50,0.00,434.16,-1201.60
800,-4.95,9.40,20.00,18.01,19.01,1906.25,200.00,612.10,0.00,434.16,-1122.44
801,-3.14,9.40,20.00,18.36,19.18,3971.06,200.00,546.14,0.00,434.16,-1050.92
802,-1.33,9.40,20.00,18.90,19.45,5536.44,200.00,457.17,0.00,434.16,-988.68
803,0.36,9.40,20.00,19.55,19.77,6512.67,200.00,356.44,0.00,434.16,-937.70
804,1.83,9.40,20.00,20.24,20.12,6921.37,200.00,254.69,0.00,434.16,-899.84
805,2.96,9.40,20.00,20.89,20.45,6684.40,200.00,162.90,0.00,434.16,-876.88
806,3.68,9.40,20.00,21.45,20.73,5819.59,200.00,91.13,0.00,434.16,-868.85
807,3.94,9.40,20.00,21.83,20.91,4351.16,200.00,48.37,0.00,434.16,-874.34
808,3.73,9.40,20.00,21.93,20.97,2188.82,200.00,43.72,0.00,434.16,-889.56
809,3.07,9.40,20.00,21.80,20.90,685.84,200.00,70.87,0.00,434.16,-915.56
810,1.99,9.40,20.00,21.59,20.80,0.00,200.00,111.21,0.00,434.16,-958.14
811,0.58,9.40,20.00,21.38,20.69,0.00,200.00,157.32,0.00,434.16,-1016.50
812,-1.06,9.40,20.00,21.15,20.57,0.00,200.00,208.24,0.00,434.16,-1085.73
813,-2.83,9.40,20.00,20.90,20.45,0.00,200.00,262.58,0.00,434.16,-1160.18
814,-4.59,9.40,20.00,20.65,20.32,0.00,200.00,318.65,0.00,434.16,-1233.84
815,-6.23,9.40,20.00,20.38,20.19,0.00,200.00,374.55,0.00,434.16,-1300.76
816,-7.49,9.40,20.00,20.10,20.05,0.00,200.00,426.26,0.00,434.16,-1348.66
817,-8.56,9.40,20.00,19.81,19.91,0.00,200.00,475.87,0.00,434.16,-1386.58
818,-9.21,9.40,20.00,19.52,19.76,0.00,200.00,519.86,0.00,434.16,-1404.16
819,-9.39,9.40,20.00,19.23,19.62,0.00,200.00,556.87,0.00,434.16,-1399.32
820,-9.11,9.40,20.00,18.95,19.48,0.00,200.00,585.99,0.00,434.16,-1371.49
821,-8.36,9.40,20.00,18.68,19.34,0.00,200.00,606.77,0.00,434.16,-1321.73
822,-7.21,9.40,20.00,18.42,19.21,0.00,200.00,619.29,0.00,434.16,-1252.55
823,-5.71,9.40,20.00,18.22,19.11,0.00,200.00,618.28,0.00,434.16,-1170.08
824,-3.99,9.40,20.00,18.30,19.15,1922.41,200.00,584.72,0.00,434.16,-1089.11
825,-2.14,9.40,20.00,18.65,19.32,3968.28,200.00,516.97,0.00,434.16,-1016.09
826,-0.29,9.40,20.00,19.20,19.60,5529.12,200.00,426.37,0.00,434.16,-952.76
827,1.42,9.40,20.00,19.86,19.93,6505.38,200.00,324.13,0.00,434.16,-901.12
828,2.90,9.40,20.00,20.55,20.28,6914.36,200.00,221.01,0.00,434.16,-863.06
829,4.03,9.40,20.00,21.22,20.61,6679.44,200.00,127.97,0.00,434.16,-840.35
830,4.74,9.40,20.00,21.79,20.89,5818.02,200.00,55.08,0.00,434.16,-833.05
831,4.99,9.40,20.00,22.17,21.09,4357.23,200.00,11.29,0.00,434.16,-839.75
832,4.76,9.40,20.00,22.28,21.14,2214.55,200.00,5.60,0.00,434.16,-856.70
833,4.06,9.40,20.00,22.16,21.08,678.95,200.00,32.43,0.00,434.16,-884.61
834,2.94,9.40,20.00,21.96,20.98,0.00,200.00,72.61,0.00,434.16,-929.50
835,1.48,9.40,20.00,21.75,20.87,0.00,200.00,118.78,0.00,434.16,-990.54
836,-0.22,9.40,20.00,21.52,20.76,0.00,200.00,169.96,0.00,434.16,-1062.79
837,-2.05,9.40,20.00,21.28,20.64,0.00,200.00,224.78,0.00,434.16,-1140.56
838,-3.89,9.40,20.00,21.03,20.51,0.00,200.00,281.53,0.00,434.16,-1217.83
839,-5.60,9.40,20.00,20.76,20.38,0.00,200.00,338.33,0.00,434.16,-1288.60
840,-6.94,9.40,20.00,20.48,20.24,0.00,200.00,391.07,0.00,434.16,-1340.36
841,-8.09,9.40,20.00,20.19,20.10,0.00,200.00,441.95,0.00,434.16,-1382.49
842,-8.83,9.40,20.00,19.90,19.95,0.00,200.00,487.39,0.00,434.16,-1404.39
843,-9.11,9.40,20.00,19.61,19.81,0.00,200.00,526.02,0.00,434.16,-1403.93
844,-8.92,9.40,20.00,19.33,19.66,0.00,200.00,556.90,0.00,434.16,-1380.53
845,-8.26,9.40,20.00,19.05,19.53,0.00,200.00,579.58,0.00,434.16,-1335.16
846,-7.20,9.40,20.00,18.79,19.40,0.00,200.00,594.10,0.00,434.16,-1270.32
847,-5.80,9.40,20.00,18.59,19.29,0.00,200.00,595.22,0.00,434.16,-1192.07
848,-4.16,9.40,20.00,18.66,19.33,1937.25,200.00,563.49,0.00,434.16,-1115.37
849,-2.40,9.40,20.00,19.01,19.50,3965.00,200.00,497.89,0.00,434.16,-1046.32
850,-0.64,9.40,20.00,19.55,19.78,5521.36,200.00,409.54,0.00,434.16,-986.69
851,1.00,9.40,20.00,20.20,20.10,6497.62,200.00,309.57,0.00,434.16,-938.48
852,2.41,9.40,20.00,20.89,20.45,6906.78,200.00,208.71,0.00,434.16,-903.55
853,3.47,9.40,20.00,21.55,20.78,6673.85,200.00,117.88,0.00,434.16,-883.65
854,4.13,9.40,20.00,22.11,21.05,5813.71,200.00,47.13,0.00,434.16,-878.80
855,4.33,9.40,20.00,22.49,21.24,4362.44,200.00,5.30,0.00,434.16,-887.60
856,4.05,9.40,20.00,22.59,21.30,2239.21,200.00,1.28,0.00,434.16,-906.36
857,3.32,9.40,20.00,22.46,21.23,672.13,200.00,30.19,0.00,434.16,-935.40
858,2.18,9.40,20.00,22.25,21.12,0.00,200.00,72.25,0.00,434.16,-980.99
859,0.70,9.40,20.00,22.02,21.01,0.00,200.00,120.15,0.00,434.16,-1042.30
860,-1.01,9.40,20.00,21.79,20.89,0.00,200.00,172.90,0.00,434.16,-1114.36
861,-2.84,9.40,20.00,21.54,20.77,0.00,200.00,229.11,0.00,434.16,-1191.50
862,-4.66,9.40,20.00,21.27,20.64,0.00,200.00,287.07,0.00,434.16,-1267.69
863,-6.36,9.40,20.00,20.99,20.50,0.00,200.00,344.87,0.00,434.16,-1336.95
864,-7.66,9.40,20.00,20.71,20.35,0.00,200.00,398.35,0.00,434.16,-1386.61
865,-8.77,9.40,20.00,20.41,20.21,0.00,200.00,449.81,0.00,434.16,-1426.41
866,-9.46,9.40,20.00,20.11,20.06,0.00,200.00,495.60,0.00,434.16,-1445.60
867,-9.69,9.40,20.00,19.82,19.91,0.00,200.00,534.36,0.00,434.16,-1442.09
868,-9.43,9.40,20.00,19.52,19.76,0.00,200.00,565.16,0.00,434.16,-1415.31
869,-8.71,9.40,20.00,19.24,19.62,0.00,200.00,587.53,0.00,434.16,-1366.27
870,-7.57,9.40,20.00,18.97,19.49,0.00,200.00,601.54,0.00,434.16,-1297.52
871,-6.09,9.40,20.00,18.77,19.38,0.00,200.00,601.93,0.00,434.16,-1215.13
872,-4.37,9.40,20.00,18.84,19.42,1951.22,200.00,568.91,0.00,434.16,-1134.31
873,-2.52,9.40,20.00,19.18,19.59,3961.21,200.00,502.08,0.00,434.16,-1060.90
874,-0.67,9.40,20.00,19.73,19.86,5513.14,200.00,412.39,0.00,434.16,-996.80
875,1.07,9.40,20.00,20.38,20.19,6489.37,200.00,310.92,0.00,434.16,-944.07
876,2.56,9.40,20.00,21.07,20.53,6898.65,200.00,208.39,0.00,434.16,-904.62
877,3.72,9.40,20.00,21.73,20.86,6667.58,200.00,115.74,0.00,434.16,-880.26
878,4.47,9.40,20.00,22.29,21.14,5808.59,200.00,43.02,0.00,434.16,-871.05
879,4.76,9.40,20.01,22.67,21.34,4366.78,200.00,0.00,0.00,434.45,-875.67
880,4.57,9.40,20.10,22.79,21.44,2262.76,200.00,0.00,0.00,436.39,-890.53
881,3.92,9.40,20.00,22.65,21.33,665.35,200.00,19.48,0.00,434.16,-915.64
882,2.86,9.40,20.00,22.45,21.22,0.00,200.00,59.46,0.00,434.16,-957.59
883,1.45,9.40,20.00,22.23,21.11,0.00,200.00,105.28,0.00,434.16,-1015.53
884,-0.19,9.40,20.00,22.00,21.00,0.00,200.00,155.96,0.00,434.16,-1084.55
885,-1.96,9.40,20.00,21.76,20.88,0.00,200.00,210.12,0.00,434.16,-1159.01
886,-3.73,9.40,20.00,21.50,20.75,0.00,200.00,266.09,0.00,434.16,-1232.90
887,-5.38,9.40,20.00,21.23,20.61,0.00,200.00,321.97,0.00,434.16,-1300.26
888,-6.64,9.40,20.00,20.94,20.47,0.00,200.00,373.58,0.00,434.16,-1348.26
889,-7.72,9.40,20.00,20.66,20.33,0.00,200.00,423.33,0.00,434.16,-1387.01
890,-8.39,9.40,20.00,20.37,20.18,0.00,200.00,467.54,0.00,434.16,-1405.61
891,-8.61,9.40,20.00,20.08,20.04,0.00,200.00,504.87,0.00,434.16,-1401.95
892,-8.35,9.40,20.00,19.79,19.90,0.00,200.00,534.40,0.00,434.16,-1375.47
893,-7.63,9.40,20.00,19.52,19.76,0.00,200.00,555.68,0.00,434.16,-1327.18
894,-6.51,9.40,20.00,19.26,19.63,0.00,200.00,568.79,0.00,434.16,-1259.61
895,-5.06,9.40,20.00,19.06,19.53,0.00,200.00,568.48,0.00,434.16,-1178.83
896,-3.37,9.40,20.00,19.14,19.57,1964.30,200.00,534.60,0.00,434.16,-1100.23
897,-1.57,9.40,20.00,19.49,19.75,3956.91,200.00,467.38,0.00,434.16,-1029.30
898,0.24,9.40,20.00,20.04,20.02,5504.46,200.00,377.57,0.00,434.16,-968.02
899,1.91,9.40,20.00,20.70,20.35,6480.63,200.00,276.20,0.00,434.16,-918.46
900,3.34,9.40,20.00,21.39,20.70,6889.93,200.00,173.99,0.00,434.16,-882.47
901,4.43,9.40,20.00,22.06,21.03,6660.65,200.00,81.83,0.00,434.16,-861.85
902,5.10,9.40,20.00,22.62,21.31,5802.64,200.00,9.80,0.00,434.16,-856.63
903,5.30,9.40,20.46,23.01,21.74,4370.22,200.00,0.00,0.00,444.19,-865.50
904,5.03,9.40,20.54,23.13,21.83,2285.16,200.00,0.00,0.00,445.90,-884.85
905,4.29,9.40,20.15,22.99,21.57,658.59,200.00,0.00,0.00,437.38,-914.31
906,3.13,9.40,20.00,22.79,21.39,0.00,200.00,30.83,0.00,434.16,-960.67
907,1.64,9.40,20.00,22.57,21.28,0.00,200.00,78.36,0.00,434.16,-1023.05
908,-0.10,9.40,20.00,22.34,21.17,0.00,200.00,130.89,0.00,434.16,-1096.49
909,-1.96,9.40,20.00,22.09,21.04,0.00,200.00,187.02,0.00,434.16,-1175.30
910,-3.82,9.40,20.00,21.82,20.91,0.00,200.00,245.05,0.00,434.16,-1253.41
911,-5.56,9.40,20.00,21.55,20.77,0.00,200.00,303.08,0.00,434.16,-1324.84
912,-6.90,9.40,20.00,21.26,20.63,0.00,200.00,356.84,0.00,434.16,-1376.54
913,-8.06,9.40,20.00,20.97,20.48,0.00,200.00,408.82,0.00,434.16,-1418.92
914,-8.81,9.40,20.00,20.67,20.33,0.00,200.00,455.28,0.00,434.16,-1440.88
915,-9.10,9.40,20.00,20.37,20.18,0.00,200.00,494.85,0.00,434.16,-1440.27
916,-8.90,9.40,20.00,20.08,20.04,0.00,200.00,526.60,0.00,434.16,-1416.50
917,-8.25,9.40,20.00,19.79,19.90,0.00,200.00,550.04,0.00,434.16,-1370.55
918,-7.17,9.40,20.00,19.52,19.76,0.00,200.00,565.24,0.00,434.16,-1304.92
919,-5.76,9.40,20.00,19.31,19.66,0.00,200.00,566.95,0.00,434.16,-1225.67
920,-4.11,9.40,20.00,19.39,19.69,1976.47,200.00,534.63,0.00,434.16,-1148.36
921,-2.32,9.40,20.00,19.73,19.87,3952.08,200.00,469.09,0.00,434.16,-1078.17
922,-0.54,9.40,20.00,20.27,20.14,5495.31,200.00,380.88,0.00,434.16,-1017.16
923,1.13,9.40,20.00,20.92,20.46,6471.38,200.00,280.94,0.00,434.16,-967.41
924,2.57,9.40,20.00,21.61,20.80,6880.63,200.00,179.98,0.00,434.16,-930.79
925,3.67,9.40,20.00,22.26,21.13,6653.03,200.00,88.86,0.00,434.16,-909.10
926,4.36,9.40,20.00,22.82,21.41,5795.87,200.00,17.66,0.00,434.16,-902.40
927,4.60,9.40,20.35,23.20,21.77,4372.75,200.00,0.00,0.00,441.67,-909.40
928,4.36,9.40,20.42,23.32,21.87,2306.37,200.00,0.00,0.00,443.35,-926.59
929,3.67,9.40,20.03,23.17,21.60,651.82,200.00,0.00,0.00,434.73,-953.28
930,2.57,9.40,20.00,22.96,21.48,0.00,200.00,39.73,0.00,434.16,-996.56
931,1.14,9.40,20.00,22.73,21.37,0.00,200.00,87.11,0.00,434.16,-1055.53
932,-0.52,9.40,20.00,22.50,21.25,0.00,200.00,139.28,0.00,434.16,-1125.28
933,-2.31,9.40,20.00,22.24,21.12,0.00,200.00,194.83,0.00,434.16,-1200.14
934,-4.09,9.40,20.00,21.98,20.99,0.00,200.00,252.08,0.00,434.16,-1274.11
935,-5.74,9.40,20.00,21.70,20.85,0.00,200.00,309.12,0.00,434.16,-1341.22
936,-7.00,9.40,20.00,21.41,20.70,0.00,200.00,361.64,0.00,434.16,-1388.31
937,-8.07,9.40,20.00,21.11,20.55,0.00,200.00,412.27,0.00,434.16,-1426.18
938,-8.72,9.40,20.00,20.81,20.41,0.00,200.00,457.21,0.00,434.16,-1443.58
939,-8.92,9.40,20.00,20.51,20.26,0.00,200.00,495.13,0.00,434.16,-1438.43
940,-8.63,9.40,20.00,20.22,20.11,0.00,200.00,525.08,0.00,434.16,-1410.16
941,-7.88,9.40,20.00,19.94,19.97,0.00,200.00,546.62,0.00,434.16,-1359.83
942,-6.72,9.40,20.00,19.67,19.84,0.00,200.00,559.83,0.00,434.16,-1289.95
943,-5.22,9.40,20.00,19.47,19.73,0.00,200.00,559.47,0.00,434.16,-1206.63
944,-3.48,9.40,20.00,19.55,19.77,1987.72,200.00,524.70,0.00,434.16,-1125.65
945,-1.62,9.40,20.00,19.90,19.95,3946.72,200.00,456.92,0.00,434.16,-1051.95
946,0.24,9.40,20.00,20.45,20.22,5485.68,200.00,366.53,0.00,434.16,-987.70
947,1.97,9.40,20.00,21.10,20.55,6461.61,200.00,264.42,0.00,434.16,-935.04
948,3.47,9.40,20.00,21.80,20.90,6870.74,200.00,161.32,0.00,434.16,-895.87
949,4.62,9.40,20.00,22.46,21.23,6644.72,200.00,68.10,0.00,434.16,-872.02
950,5.36,9.40,20.07,23.03,21.55,5788.25,200.00,0.00,0.00,435.71,-863.58
951,5.63,9.40,20.69,23.42,22.05,4374.35,200.00,0.00,0.00,449.13,-869.31
952,5.42,9.40,20.80,23.55,22.17,2326.35,200.00,0.00,0.00,451.45,-885.77
953,4.75,9.40,20.42,23.41,21.91,645.04,200.00,0.00,0.00,443.29,-911.96
954,3.66,9.40,20.00,23.20,21.60,0.00,200.00,9.83,0.00,434.16,-955.17
955,2.23,9.40,20.00,22.99,21.49,0.00,200.00,55.97,0.00,434.16,-1014.53
956,0.56,9.40,20.00,22.75,21.38,0.00,200.00,107.07,0.00,434.16,-1085.11
957,-1.25,9.40,20.00,22.51,21.25,0.00,200.00,161.75,0.00,434.16,-1161.25
958,-3.06,9.40,20.00,22.25,21.12,0.00,200.00,218.32,0.00,434.16,-1236.91
959,-4.75,9.40,20.00,21.97,20.99,0.00,200.00,274.90,0.00,434.16,-1306.13
960,-6.04,9.40,20.00,21.69,20.85,0.00,200.00,327.12,0.00,434.16,-1355.54
961,-7.16,9.40,20.00,21.40,20.70,0.00,200.00,377.71,0.00,434.16,-1396.26
962,-7.88,9.40,20.00,21.11,20.55,0.00,200.00,422.83,0.00,434.16,-1416.85
963,-8.14,9.40,20.00,20.81,20.41,0.00,200.00,461.14,0.00,434.16,-1415.17
964,-7.93,9.40,20.00,20.52,20.26,0.00,200.00,491.69,0.00,434.16,-1390.65
965,-7.26,9.40,20.00,20.25,20.12,0.00,200.00,514.05,0.00,434.16,-1344.28
966,-6.18,9.40,20.00,19.98,19.99,0.00,200.00,528.27,0.00,434.16,-1278.56
967,-4.76,9.40,20.00,19.78,19.89,0.00,200.00,529.11,0.00,434.16,-1199.52
968,-3.12,9.40,20.00,19.86,19.93,1998.06,200.00,495.40,0.00,434.16,-1123.11
969,-1.35,9.40,20.00,20.21,20.11,3940.82,200.00,429.08,0.00,434.16,-1053.94
970,0.42,9.40,20.00,20.76,20.38,5475.57,200.00,340.35,0.00,434.16,-994.19
971,2.06,9.40,20.00,21.41,20.71,6451.33,200.00,240.05,0.00,434.16,-946.00
972,3.46,9.40,20.00,22.10,21.05,6860.24,200.00,138.86,0.00,434.16,-911.22
973,4.52,9.40,20.00,22.77,21.38,6635.70,200.00,47.63,0.00,434.16,-891.64
974,5.17,9.40,20.33,23.33,21.83,5779.77,200.00,0.00,0.00,441.24,-887.33
975,5.36,9.40,20.92,23.71,22.32,4375.00,200.00,0.00,0.00,454.06,-897.03
976,5.07,9.40,21.00,23.84,22.42,2345.09,200.00,0.00,0.00,455.83,-917.30
977,4.33,9.40,20.59,23.70,22.14,638.23,200.00,0.00,0.00,446.96,-946.80
978,3.17,9.40,20.00,23.48,21.74,0.00,200.00,0.00,0.00,434.21,-993.01
979,1.67,9.40,20.00,23.26,21.63,0.00,200.00,48.17,0.00,434.16,-1055.03
980,-0.06,9.40,20.00,23.02,21.51,0.00,200.00,101.43,0.00,434.16,-1127.90
981,-1.91,9.40,20.00,22.76,21.38,0.00,200.00,158.20,0.00,434.16,-1205.92
982,-3.76,9.40,20.00,22.49,21.25,0.00,200.00,216.76,0.00,434.16,-1283.06
983,-5.48,9.40,20.00,22.21,21.10,0.00,200.00,275.21,0.00,434.16,-1353.32
984,-6.79,9.40,20.00,21.92,20.96,0.00,200.00,329.13,0.00,434.16,-1403.17
985,-7.93,9.40,20.00,21.62,20.81,0.00,200.00,381.30,0.00,434.16,-1444.04
986,-8.65,9.40,20.00,21.31,20.66,0.00,200.00,427.84,0.00,434.16,-1464.33
987,-8.90,9.40,20.00,21.01,20.50,0.00,200.00,467.39,0.00,434.16,-1461.91
988,-8.67,9.40,20.00,20.71,20.36,0.00,200.00,499.01,0.00,434.16,-1436.21
989,-7.98,9.40,20.00,20.42,20.21,0.00,200.00,522.22,0.00,434.16,-1388.22
990,-6.87,9.40,20.00,20.15,20.07,0.00,200.00,537.09,0.00,434.16,-1320.48
991,-5.41,9.40,20.00,19.94,19.97,0.00,200.00,538.38,0.00,434.16,-1239.02
992,-3.71,9.40,20.00,20.02,20.01,2007.48,200.00,504.58,0.00,434.16,-1159.99
993,-1.89,9.40,20.00,20.37,20.18,3934.37,200.00,438.18,0.00,434.16,-1087.76
994,-0.06,9.40,20.00,20.90,20.45,5464.96,200.00,349.22,0.00,434.16,-1024.61
995,1.65,9.40,20.00,21.55,20.78,6440.52,200.00,248.47,0.00,434.16,-972.73
996,3.13,9.40,20.00,22.24,21.12,6849.14,200.00,146.60,0.00,434.16,-934.03
997,4.28,9.40,20.00,22.90,21.45,6625.96,200.00,54.47,0.00,434.16,-910.35
998,5.01,9.40,20.25,23.46,21.85,5770.44,200.00,0.00,0.00,439.52,-901.77
999,5.29,9.40,20.86,23.85,22.35,4374.68,200.00,0.00,0.00,452.76,-907.12
1000,5.09,9.40,20.96,23.98,22.47,2362.55,200.00,0.00,0.00,455.05,-923.08
1001,4.44,9.40,20.57,23.83,22.20,631.37,200.00,0.00,0.00,446.63,-948.01
1002,3.37,9.40,20.01,23.62,21.81,0.00,200.00,0.00,0.00,434.39,-989.69
1003,1.97,9.40,20.00,23.39,21.70,0.00,200.00,45.78,0.00,434.16,-1047.24
1004,0.33,9.40,20.00,23.16,21.58,0.00,200.00,97.13,0.00,434.16,-1115.75
1005,-1.43,9.40,20.00,22.90,21.45,0.00,200.00,151.89,0.00,434.16,-1189.56
1006,-3.19,9.40,20.00,22.64,21.32,0.00,200.00,208.39,0.00,434.16,-1262.67
1007,-4.83,9.40,20.00,22.36,21.18,0.00,200.00,264.73,0.00,434.16,-1329.14
1008,-6.06,9.40,20.00,22.07,21.04,0.00,200.00,316.45,0.00,434.16,-1375.29
1009,-7.13,9.40,20.00,21.78,20.89,0.00,200.00,366.48,0.00,434.16,-1412.95
1010,-7.78,9.40,20.00,21.48,20.74,0.00,200.00,410.90,0.00,434.16,-1430.35
1011,-7.98,9.40,20.00,21.18,20.59,0.00,200.00,448.37,0.00,434.16,-1425.40
1012,-7.70,9.40,20.00,20.89,20.45,0.00,200.00,477.96,0.00,434.16,-1397.56
1013,-6.96,9.40,20.00,20.61,20.31,0.00,200.00,499.24,0.00,434.16,-1347.85
1014,-5.82,9.40,20.00,20.35,20.17,0.00,200.00,512.27,0.00,434.16,-1278.80
1015,-4.34,9.40,20.00,20.14,20.07,0.00,200.00,511.84,0.00,434.16,-1196.47
1016,-2.62,9.40,20.00,20.23,20.12,2015.97,200.00,476.16,0.00,434.16,-1117.18
1017,-0.79,9.40,20.00,20.59,20.30,3927.38,200.00,408.26,0.00,434.16,-1045.05
1018,1.04,9.40,20.00,21.14,20.57,5453.85,200.00,318.02,0.00,434.16,-982.43
1019,2.74,9.40,20.00,21.80,20.90,6429.17,200.00,216.17,0.00,434.16,-931.51
1020,4.20,9.40,20.00,22.49,21.25,6837.42,200.00,113.40,0.00,434.16,-894.21
1021,5.31,9.40,20.00,23.16,21.58,6615.51,200.00,20.54,0.00,434.16,-872.35
1022,6.01,9.40,20.72,23.73,22.23,5760.23,200.00,0.00,0.00,449.86,-866.03
1023,6.24,9.40,21.34,24.12,22.73,4373.39,200.00,0.00,0.00,463.23,-874.06
1024,5.99,9.40,21.45,24.26,22.86,2378.72,200.00,0.00,0.00,465.64,-893.14
1025,5.28,9.40,21.06,24.12,22.59,624.47,200.00,0.00,0.00,457.14,-921.32
1026,4.14,9.40,20.49,23.92,22.20,0.00,200.00,0.00,0.00,444.76,-966.55
1027,2.67,9.40,20.00,23.69,21.85,0.00,200.00,11.88,0.00,434.16,-1027.89
1028,0.95,9.40,20.00,23.46,21.73,0.00,200.00,64.08,0.00,434.16,-1100.40
1029,-0.90,9.40,20.00,23.21,21.60,0.00,200.00,119.90,0.00,434.16,-1178.39
1030,-2.75,9.40,20.00,22.94,21.47,0.00,200.00,177.63,0.00,434.16,-1255.83
1031,-4.48,9.40,20.00,22.67,21.33,0.00,200.00,235.39,0.00,434.16,-1326.71
1032,-5.80,9.40,20.00,22.38,21.19,0.00,200.00,288.64,0.00,434.16,-1377.16
1033,-6.96,9.40,20.00,22.08,21.04,0.00,200.00,340.39,0.00,434.16,-1419.28
1034,-7.70,9.40,20.00,21.78,20.89,0.00,200.00,386.66,0.00,434.16,-1441.11
1035,-7.99,9.40,20.00,21.48,20.74,0.00,200.00,426.09,0.00,434.16,-1440.50
1036,-7.80,9.40,20.00,21.19,20.59,0.00,200.00,457.74,0.00,434.16,-1416.86
1037,-7.15,9.40,20.00,20.90,20.45,0.00,200.00,481.14,0.00,434.16,-1371.19
1038,-6.09,9.40,20.00,20.63,20.31,0.00,200.00,496.35,0.00,434.16,-1305.96
1039,-4.69,9.40,20.00,20.47,20.23,478.45,200.00,494.09,0.00,434.16,-1229.52
1040,-3.05,9.40,20.00,20.55,20.28,2023.53,200.00,460.47,0.00,434.16,-1153.65
1041,-1.28,9.40,20.00,20.90,20.45,3919.83,200.00,394.84,0.00,434.16,-1084.51
1042,0.49,9.40,20.00,21.44,20.72,5442.24,200.00,306.88,0.00,434.16,-1024.51
1043,2.13,9.40,20.00,22.10,21.05,6417.28,200.00,207.25,0.00,434.16,-975.84
1044,3.54,9.40,20.00,22.78,21.39,6825.07,200.00,106.63,0.00,434.16,-940.38
1045,4.62,9.40,20.00,23.44,21.72,6604.33,200.00,15.79,0.00,434.16,-919.96
1046,5.29,9.40,20.76,24.00,22.38,5749.16,200.00,0.00,0.00,450.72,-914.64
1047,5.50,9.40,21.36,24.39,22.87,4371.12,200.00,0.00,0.00,463.59,-923.28
1048,5.23,9.40,21.45,24.52,22.98,2393.57,200.00,0.00,0.00,465.60,-942.61
1049,4.52,9.40,21.04,24.37,22.70,617.50,200.00,0.00,0.00,456.64,-970.38
1050,3.39,9.40,20.45,24.15,22.30,0.00,200.00,0.00,0.00,443.87,-1014.77
1051,1.93,9.40,20.00,23.92,21.96,0.00,200.00,15.99,0.00,434.16,-1074.84
1052,0.24,9.40,20.00,23.68,21.84,0.00,200.00,69.11,0.00,434.16,-1145.65
1053,-1.57,9.40,20.00,23.42,21.71,0.00,200.00,125.62,0.00,434.16,-1221.53
1054,-3.38,9.40,20.00,23.14,21.57,0.00,200.00,183.84,0.00,434.16,-1296.47
1055,-5.06,9.40,20.00,22.86,21.43,0.00,200.00,241.85,0.00,434.16,-1364.48
1056,-6.32,9.40,20.00,22.56,21.28,0.00,200.00,295.09,0.00,434.16,-1411.57
1057,-7.41,9.40,20.00,22.26,21.13,0.00,200.00,346.65,0.00,434.16,-1450.19
1058,-8.09,9.40,20.00,21.95,20.98,0.00,200.00,392.51,0.00,434.16,-1468.24
1059,-8.30,9.40,20.00,21.65,20.82,0.00,200.00,431.32,0.00,434.16,-1463.62
1060,-8.02,9.40,20.00,21.35,20.67,0.00,200.00,462.14,0.00,434.16,-1435.78
1061,-7.29,9.40,20.00,21.06,20.53,0.00,200.00,484.52,0.00,434.16,-1385.74
1062,-6.14,9.40,20.00,20.79,20.39,0.00,200.00,498.53,0.00,434.16,-1316.05
1063,-4.65,9.40,20.00,20.62,20.31,469.85,200.00,494.97,0.00,434.16,-1235.04
1064,-2.91,9.40,20.00,20.71,20.36,2030.18,200.00,459.52,0.00,434.16,-1154.77
1065,-1.05,9.40,20.00,21.07,20.53,3911.73,200.00,392.14,0.00,434.16,-1081.17
1066,0.81,9.40,20.00,21.60,20.80,5383.66,200.00,302.76,0.00,434.16,-1016.53
1067,2.54,9.40,20.00,22.26,21.13,6404.85,200.00,201.21,0.00,434.16,-963.55
1068,4.04,9.40,20.00,22.95,21.47,6812.10,200.00,98.55,0.00,434.16,-923.93
1069,5.21,9.40,20.00,23.61,21.80,6592.42,200.00,5.61,0.00,434.16,-899.55
1070,5.95,9.40,20.93,24.17,22.55,5737.20,200.00,0.00,0.00,454.43,-890.53
1071,6.24,9.40,21.56,24.57,23.06,4366.48,200.00,0.00,0.00,467.97,-895.78
1072,6.05,9.40,21.68,24.71,23.20,2407.10,200.00,0.00,0.00,470.73,-912.12
1073,5.40,9.40,21.30,24.57,22.93,610.47,200.00,0.00,0.00,462.37,-937.04
1074,4.33,9.40,20.74,24.36,22.55,0.00,200.00,0.00,0.00,450.22,-978.97
1075,2.92,9.40,20.10,24.13,22.12,0.00,200.00,0.00,0.00,436.30,-1036.96
1076,1.27,9.40,20.00,23.90,21.95,0.00,200.00,44.10,0.00,434.16,-1106.10
1077,-0.51,9.40,20.00,23.64,21.82,0.00,200.00,98.83,0.00,434.16,-1180.74
1078,-2.29,9.40,20.00,23.38,21.69,0.00,200.00,155.38,0.00,434.16,-1254.87
1079,-3.96,9.40,20.00,23.10,21.55,0.00,200.00,211.88,0.00,434.16,-1322.53
1080,-5.21,9.40,20.00,22.81,21.41,0.00,200.00,263.72,0.00,434.16,-1369.57
1081,-6.30,9.40,20.00,22.52,21.26,0.00,200.00,314.08,0.00,434.16,-1408.73
1082,-6.99,9.40,20.00,22.22,21.11,0.00,200.00,358.93,0.00,434.16,-1427.77
1083,-7.22,9.40,20.00,21.92,20.96,0.00,200.00,396.93,0.00,434.16,-1424.57
1084,-6.98,9.40,20.00,21.63,20.82,0.00,200.00,427.14,0.00,434.16,-1398.57
1085,-6.29,9.40,20.00,21.35,20.67,0.00,200.00,449.12,0.00,434.16,-1350.78
1086,-5.18,9.40,20.00,21.08,20.54,0.00,200.00,462.93,0.00,434.16,-1283.70
1087,-3.74,9.40,20.00,20.92,20.46,461.36,200.00,459.47,0.00,434.16,-1205.64
1088,-2.07,9.40,20.00,21.02,20.51,2035.91,200.00,424.00,0.00,434.16,-1128.81
1089,-0.28,9.40,20.00,21.38,20.69,3903.08,200.00,357.01,0.00,434.16,-1058.84
1090,1.50,9.40,20.00,21.92,20.96,5370.39,200.00,268.30,0.00,434.16,-998.06
1091,3.16,9.40,20.00,22.58,21.29,6391.48,200.00,167.60,0.00,434.16,-949.14
1092,4.57,9.40,20.00,23.27,21.63,6798.50,200.00,66.01,0.00,434.16,-913.76
1093,5.65,9.40,20.36,23.93,22.14,6579.76,200.00,0.00,0.00,441.88,-893.77
1094,6.31,9.40,21.35,24.50,22.92,5724.36,200.00,0.00,0.00,463.41,-889.23
1095,6.50,9.40,21.95,24.89,23.42,4358.62,200.00,0.00,0.00,476.51,-899.03
1096,6.22,9.40,22.06,25.04,23.55,2419.29,200.00,0.00,0.00,478.83,-920.01
1097,5.47,9.40,21.65,24.89,23.27,602.52,200.00,0.00,0.00,469.89,-949.33
1098,4.31,9.40,21.06,24.68,22.87,0.00,200.00,0.00,0.00,457.13,-995.59
1099,2.81,9.40,20.39,24.45,22.42,0.00,200.00,0.00,0.00,442.59,-1057.75
1100,1.07,9.40,20.00,24.21,22.10,0.00,200.00,25.29,0.00,434.16,-1130.89
1101,-0.79,9.40,20.00,23.95,21.97,0.00,200.00,82.23,0.00,434.16,-1209.30
1102,-2.65,9.40,20.00,23.68,21.84,0.00,200.00,141.02,0.00,434.16,-1286.95
1103,-4.39,9.40,20.00,23.39,21.69,0.00,200.00,199.75,0.00,434.16,-1357.83
1104,-5.70,9.40,20.00,23.09,21.55,0.00,200.00,253.75,0.00,434.16,-1407.61
1105,-6.86,9.40,20.00,22.79,21.40,0.00,200.00,306.29,0.00,434.16,-1449.31
1106,-7.60,9.40,20.00,22.48,21.24,0.00,200.00,353.26,0.00,434.16,-1470.51
1107,-7.88,9.40,20.00,22.18,21.09,0.00,200.00,393.28,0.00,434.16,-1469.07
1108,-7.67,9.40,20.00,21.88,20.94,0.00,200.00,425.42,0.00,434.16,-1444.41
1109,-7.01,9.40,20.00,21.59,20.79,0.00,200.00,449.21,0.00,434.16,-1397.52
1110,-5.92,9.40,20.00,21.31,20.65,0.00,200.00,464.71,0.00,434.16,-1330.90
1111,-4.49,9.40,20.00,21.14,20.57,453.00,200.00,462.85,0.00,434.16,-1252.81
1112,-2.82,9.40,20.00,21.23,20.61,2040.74,200.00,428.48,0.00,434.16,-1175.69
1113,-1.03,9.40,20.00,21.58,20.79,3893.87,200.00,362.63,0.00,434.16,-1104.89
1114,0.78,9.40,20.00,22.11,21.06,5356.61,200.00,274.91,0.00,434.16,-1042.82
1115,2.46,9.40,20.00,22.76,21.38,6374.15,200.00,175.04,0.00,434.16,-992.16
1116,3.91,9.40,20.00,23.44,21.72,6784.26,200.00,74.02,0.00,434.16,-954.65
1117,5.03,9.40,20.24,24.10,22.17,6566.37,200.00,0.00,0.00,439.37,-932.15
1118,5.74,9.40,21.23,24.66,22.95,5710.64,200.00,0.00,0.00,460.87,-924.74
1119,6.00,9.40,21.84,25.05,23.44,4349.70,200.00,0.00,0.00,474.02,-931.37
1120,5.78,9.40,21.95,25.19,23.57,2430.14,200.00,0.00,0.00,476.52,-948.98
1121,5.10,9.40,21.55,25.04,23.29,594.35,200.00,0.00,0.00,467.71,-974.47
1122,4.02,9.40,20.97,24.82,22.89,0.00,200.00,0.00,0.00,455.16,-1016.69
1123,2.60,9.40,20.31,24.59,22.45,0.00,200.00,0.00,0.00,440.90,-1074.63
1124,0.95,9.40,20.00,24.34,22.17,0.00,200.00,29.84,0.00,434.16,-1143.40
1125,-0.82,9.40,20.00,24.09,22.04,0.00,200.00,85.49,0.00,434.16,-1217.35
1126,-2.59,9.40,20.00,23.81,21.91,0.00,200.00,142.82,0.00,434.16,-1290.47
1127,-4.23,9.40,20.00,23.53,21.76,0.00,200.00,199.94,0.00,434.16,-1356.81
1128,-5.45,9.40,20.00,23.23,21.62,0.00,200.00,252.15,0.00,434.16,-1401.93
1129,-6.51,9.40,20.00,22.93,21.47,0.00,200.00,302.82,0.00,434.16,-1439.20
1130,-7.16,9.40,20.00,22.63,21.31,0.00,200.00,347.81,0.00,434.16,-1456.09
1131,-7.35,9.40,20.00,22.32,21.16,0.00,200.00,385.78,0.00,434.16,-1450.50
1132,-7.06,9.40,20.00,22.03,21.01,0.00,200.00,415.81,0.00,434.16,-1421.90
1133,-6.31,9.40,20.00,21.74,20.87,0.00,200.00,437.46,0.00,434.16,-1371.30
1134,-5.15,9.40,20.00,21.47,20.73,0.00,200.00,450.79,0.00,434.16,-1301.26
1135,-3.66,9.40,20.00,21.30,20.65,444.75,200.00,446.84,0.00,434.16,-1220.05
1136,-1.92,9.40,20.00,21.40,20.70,2044.67,200.00,410.09,0.00,434.16,-1140.30
1137,-0.07,9.40,20.00,21.76,20.88,3884.11,200.00,342.10,0.00,434.16,-1067.16
1138,1.78,9.40,20.00,22.30,21.15,5342.32,200.00,252.36,0.00,434.16,-1003.12
1139,3.51,9.40,20.00,22.96,21.48,6356.26,200.00,150.59,0.00,434.16,-950.90
1140,4.99,9.40,20.00,23.65,21.83,6769.39,200.00,47.75,0.00,434.16,-912.26
1141,6.13,9.40,20.63,24.32,22.47,6552.23,200.00,0.00,0.00,447.77,-889.09
1142,6.86,9.40,21.64,24.89,23.26,5696.03,200.00,0.00,0.00,469.74,-881.47
1143,7.11,9.40,22.27,25.29,23.78,4339.72,200.00,0.00,0.00,483.33,-888.37
1144,6.89,9.40,22.40,25.44,23.92,2439.64,200.00,0.00,0.00,486.28,-906.79
1145,6.20,9.40,22.01,25.30,23.65,586.06,200.00,0.00,0.00,477.76,-933.35
1146,5.10,9.40,21.44,25.09,23.26,0.00,200.00,0.00,0.00,465.45,-977.09
1147,3.65,9.40,20.79,24.86,22.83,0.00,200.00,0.00,0.00,451.36,-1036.97
1148,1.95,9.40,20.07,24.62,22.35,0.00,200.00,0.00,0.00,435.78,-1108.06
1149,0.13,9.40,20.00,24.37,22.19,0.00,200.00,50.08,0.00,434.16,-1184.69
1150,-1.69,9.40,20.00,24.10,22.05,0.00,200.00,107.45,0.00,434.16,-1260.85
1151,-3.40,9.40,20.00,23.82,21.91,0.00,200.00,164.84,0.00,434.16,-1330.54
1152,-4.68,9.40,20.00,23.53,21.77,0.00,200.00,217.49,0.00,434.16,-1379.13
1153,-5.82,9.40,20.00,23.23,21.62,0.00,200.00,268.85,0.00,434.16,-1420.28
1154,-6.55,9.40,20.00,22.93,21.47,0.00,200.00,314.73,0.00,434.16,-1441.25
1155,-6.83,9.40,20.00,22.63,21.32,0.00,200.00,353.80,0.00,434.16,-1439.90
1156,-6.63,9.40,20.00,22.33,21.17,0.00,200.00,385.10,0.00,434.16,-1415.66
1157,-5.97,9.40,20.00,22.05,21.02,0.00,200.00,408.19,0.00,434.16,-1369.51
1158,-4.90,9.40,20.00,21.77,20.89,0.00,200.00,423.13,0.00,434.16,-1303.95
1159,-3.50,9.40,20.00,21.61,20.80,436.62,200.00,421.00,0.00,434.16,-1227.17
1160,-1.86,9.40,20.00,21.71,20.85,2047.72,200.00,385.88,0.00,434.16,-1151.96
1161,-0.09,9.40,20.00,22.06,21.03,3873.79,200.00,319.83,0.00,434.16,-1083.18
1162,1.67,9.40,20.00,22.60,21.30,5327.51,200.00,232.17,0.00,434.16,-1023.32
1163,3.31,9.40,20.00,23.25,21.63,6337.80,200.00,132.58,0.00,434.16,-975.08
1164,4.71,9.40,20.00,23.94,21.97,6753.87,200.00,31.93,0.00,434.16,-940.21
1165,5.77,9.40,20.82,24.60,22.71,6537.34,200.00,0.00,0.00,451.86,-920.56
1166,6.42,9.40,21.80,25.16,23.48,5680.54,200.00,0.00,0.00,473.17,-916.16
1167,6.61,9.40,22.39,25.56,23.98,4328.69,200.00,0.00,0.00,486.12,-925.97
1168,6.33,9.40,22.50,25.71,24.10,2447.79,200.00,0.00,0.00,488.51,-947.04
1169,5.59,9.40,22.08,25.55,23.82,577.67,200.00,0.00,0.00,479.33,-975.69
1170,4.44,9.40,21.49,25.33,23.41,0.00,200.00,0.00,0.00,466.43,-1021.13
1171,2.96,9.40,20.81,25.10,22.95,0.00,200.00,0.00,0.00,451.77,-1082.28
1172,1.24,9.40,20.07,24.85,22.46,0.00,200.00,0.00,0.00,435.65,-1154.20
1173,-0.60,9.40,20.00,24.59,22.29,0.00,200.00,52.16,0.00,434.16,-1231.23
1174,-2.43,9.40,20.00,24.31,22.16,0.00,200.00,111.03,0.00,434.16,-1307.32
1175,-4.14,9.40,20.00,24.02,22.01,0.00,200.00,169.73,0.00,434.16,-1376.50
1176,-5.41,9.40,20.00,23.72,21.86,0.00,200.00,223.47,0.00,434.16,-1423.99
1177,-6.53,9.40,20.00,23.41,21.71,0.00,200.00,275.76,0.00,434.16,-1463.75
1178,-7.23,9.40,20.00,23.10,21.55,0.00,200.00,322.37,0.00,434.16,-1482.91
1179,-7.47,9.40,20.00,22.79,21.40,0.00,200.00,361.95,0.00,434.16,-1479.36
1180,-7.23,9.40,20.00,22.49,21.25,0.00,200.00,393.56,0.00,434.16,-1452.52
1181,-6.51,9.40,20.00,22.20,21.10,0.00,200.00,416.74,0.00,434.16,-1403.42
1182,-5.38,9.40,20.00,21.92,20.96,0.00,200.00,431.54,0.00,434.16,-1334.58
1183,-3.91,9.40,20.00,21.74,20.87,428.61,200.00,429.14,0.00,434.16,-1254.19
1184,-2.20,9.40,20.00,21.84,20.92,2049.89,200.00,393.24,0.00,434.16,-1175.29
1185,-0.36,9.40,20.00,22.20,21.10,3862.93,200.00,326.38,0.00,434.16,-1102.50
1186,1.49,9.40,20.00,22.73,21.37,5312.19,200.00,237.77,0.00,434.16,-1038.43
1187,3.21,9.40,20.00,23.38,21.69,6318.78,200.00,137.07,0.00,434.16,-985.83
1188,4.70,9.40,20.00,24.07,22.03,6737.72,200.00,35.09,0.00,434.16,-946.50
1189,5.86,9.40,20.79,24.73,22.76,6521.71,200.00,0.00,0.00,451.37,-922.35
1190,6.60,9.40,21.80,25.29,23.54,5664.16,200.00,0.00,0.00,473.18,-913.45
1191,6.89,9.40,22.42,25.69,24.05,4316.60,200.00,0.00,0.00,486.68,-918.83
1192,6.70,9.40,22.56,25.84,24.20,2452.12,200.00,0.00,0.00,489.72,-935.64
1193,6.05,9.40,22.16,25.69,23.93,569.18,200.00,0.00,0.00,481.12,-959.99
1194,4.99,9.40,21.60,25.47,23.53,0.00,200.00,0.00,0.00,468.83,-1001.32
1195,3.59,9.40,20.95,25.24,23.10,0.00,200.00,0.00,0.00,454.81,-1058.58
1196,1.95,9.40,20.24,25.00,22.62,0.00,200.00,0.00,0.00,439.34,-1126.86
1197,0.18,9.40,20.00,24.74,22.37,0.00,200.00,37.70,0.00,434.16,-1200.52
1198,-1.58,9.40,20.00,24.47,22.24,0.00,200.00,94.40,0.00,434.16,-1273.56
1199,-3.22,9.40,20.00,24.19,22.10,0.00,200.00,150.98,0.00,434.16,-1340.05
1200,-4.44,9.40,20.00,23.90,21.95,0.00,200.00,202.60,0.00,434.16,-1385.08
1201,-5.51,9.40,20.00,23.60,21.80,0.00,200.00,252.88,0.00,434.16,-1422.92
1202,-6.17,9.40,20.00,23.30,21.65,0.00,200.00,297.59,0.00,434.16,-1440.57
1203,-6.38,9.40,20.00,23.00,21.50,0.00,200.00,335.37,0.00,434.16,-1435.94
1204,-6.11,9.40,20.00,22.70,21.35,0.00,200.00,365.31,0.00,434.16,-1408.48
1205,-5.39,9.40,20.00,22.42,21.21,0.00,200.00,386.97,0.00,434.16,-1359.20
1206,-4.26,9.40,20.00,22.15,21.07,0.00,200.00,400.42,0.00,434.16,-1290.63
1207,-2.79,9.40,20.00,21.98,20.99,420.72,200.00,396.90,0.00,434.16,-1210.94
1208,-1.10,9.40,20.00,22.09,21.04,2051.20,200.00,359.79,0.00,434.16,-1133.32
1209,0.72,9.40,20.00,22.45,21.23,3851.52,200.00,292.09,0.00,434.16,-1062.16
1210,2.53,9.40,20.00,22.99,21.50,5296.35,200.00,202.92,0.00,434.16,-1000.11
1211,4.22,9.40,20.00,23.65,21.82,6299.19,200.00,101.88,0.00,434.16,-949.91
1212,5.66,9.40,20.00,24.34,22.17,6720.93,200.00,0.00,0.00,434.23,-913.36
1213,6.75,9.40,21.28,25.01,23.14,6503.71,200.00,0.00,0.00,461.95,-892.34
1214,7.43,9.40,22.28,25.58,23.93,5646.91,200.00,0.00,0.00,483.68,-886.89
1215,7.65,9.40,22.90,25.98,24.44,4303.46,200.00,0.00,0.00,497.05,-896.02
1216,7.38,9.40,23.03,26.14,24.58,2453.80,200.00,0.00,0.00,499.94,-916.89
1217,6.65,9.40,22.62,25.99,24.31,560.60,200.00,0.00,0.00,491.05,-945.35
1218,5.50,9.40,22.04,25.78,23.91,0.00,200.00,0.00,0.00,478.43,-990.97
1219,4.01,9.40,21.38,25.55,23.46,0.00,200.00,0.00,0.00,464.02,-1052.64
1220,2.28,9.40,20.64,25.31,22.97,0.00,200.00,0.00,0.00,448.11,-1125.38
1221,0.43,9.40,20.00,25.05,22.52,0.00,200.00,10.13,0.00,434.16,-1203.52
1222,-1.43,9.40,20.00,24.78,22.39,0.00,200.00,68.60,0.00,434.16,-1281.03
1223,-3.17,9.40,20.00,24.49,22.24,0.00,200.00,127.06,0.00,434.16,-1351.91
1224,-4.47,9.40,20.00,24.19,22.10,0.00,200.00,180.62,0.00,434.16,-1401.09
1225,-5.63,9.40,20.00,23.89,21.95,0.00,200.00,232.98,0.00,434.16,-1443.07
1226,-6.38,9.40,20.00,23.58,21.79,0.00,200.00,279.81,0.00,434.16,-1464.66
1227,-6.67,9.40,20.00,23.28,21.64,0.00,200.00,319.77,0.00,434.16,-1463.75
1228,-6.48,9.40,20.00,22.97,21.49,0.00,200.00,351.91,0.00,434.16,-1439.73
1229,-5.83,9.40,20.00,22.68,21.34,0.00,200.00,375.76,0.00,434.16,-1393.58
1230,-4.76,9.40,20.00,22.40,21.20,0.00,200.00,391.37,0.00,434.16,-1327.81
1231,-3.35,9.40,20.00,22.23,21.11,411.16,200.00,390.08,0.00,434.16,-1250.52
1232,-1.71,9.40,20.00,22.33,21.17,2051.67,200.00,354.83,0.00,434.16,-1175.07
1233,0.07,9.40,20.00,22.69,21.34,3839.57,200.00,289.09,0.00,434.16,-1105.59
1234,1.85,9.40,20.00,23.22,21.61,5279.99,200.00,201.82,0.00,434.16,-1044.76
1235,3.50,9.40,20.00,23.87,21.93,6279.03,200.00,102.59,0.00,434.16,-995.33
1236,4.93,9.40,20.00,24.55,22.27,6703.49,200.00,2.10,0.00,434.16,-959.11
1237,6.02,9.40,21.23,25.21,23.22,6482.40,200.00,0.00,0.00,460.80,-937.97
1238,6.70,9.40,22.21,25.77,23.99,5628.78,200.00,0.00,0.00,482.14,-931.97
1239,6.93,9.40,22.81,26.16,24.49,4289.28,200.00,0.00,0.00,495.19,-940.12
1240,6.68,9.40,22.93,26.32,24.63,2454.07,200.00,0.00,0.00,497.87,-959.65
1241,5.98,9.40,22.51,26.16,24.34,551.09,200.00,0.00,0.00,488.74,-986.22
1242,4.87,9.40,21.93,25.93,23.93,0.00,200.00,0.00,0.00,475.98,-1029.56
1243,3.43,9.40,21.26,25.70,23.48,0.00,200.00,0.00,0.00,461.49,-1088.56
1244,1.75,9.40,20.53,25.45,22.99,0.00,200.00,0.00,0.00,445.57,-1158.30
1245,-0.04,9.40,20.00,25.19,22.59,0.00,200.00,18.42,0.00,434.16,-1233.12
1246,-1.83,9.40,20.00,24.91,22.45,0.00,200.00,76.49,0.00,434.16,-1307.01
1247,-3.49,9.40,20.00,24.62,22.31,0.00,200.00,134.34,0.00,434.16,-1374.02
1248,-4.71,9.40,20.00,24.32,22.16,0.00,200.00,187.05,0.00,434.16,-1418.98
1249,-5.79,9.40,20.00,24.01,22.01,0.00,200.00,238.39,0.00,434.16,-1456.70
1250,-6.45,9.40,20.00,23.70,21.85,0.00,200.00,284.02,0.00,434.16,-1473.91
1251,-6.65,9.40,20.00,23.39,21.70,0.00,200.00,322.59,0.00,434.16,-1468.52
1252,-6.37,9.40,20.00,23.09,21.55,0.00,200.00,353.19,0.00,434.16,-1439.98
1253,-5.62,9.40,20.00,22.80,21.40,0.00,200.00,375.35,0.00,434.16,-1389.32
1254,-4.46,9.40,20.00,22.52,21.26,0.00,200.00,389.14,0.00,434.16,-1319.08
1255,-2.96,9.40,20.00,22.35,21.18,401.02,200.00,386.00,0.00,434.16,-1237.37
1256,-1.22,9.40,20.00,22.46,21.23,2051.30,200.00,348.53,0.00,434.16,-1157.79
1257,0.64,9.40,20.00,22.82,21.41,3827.08,200.00,280.67,0.00,434.16,-1084.28
1258,2.50,9.40,20.00,23.36,21.68,5263.13,200.00,191.28,0.00,434.16,-1019.62
1259,4.24,9.40,20.00,24.01,22.01,6258.32,200.00,89.93,0.00,434.16,-966.59
1260,5.73,9.40,20.18,24.70,22.44,6685.41,200.00,0.00,0.00,437.98,-927.09
1261,6.89,9.40,21.46,25.37,23.41,6460.33,200.00,0.00,0.00,465.89,-902.97
1262,7.64,9.40,22.47,25.93,24.20,5609.78,200.00,0.00,0.00,487.87,-894.37
1263,7.92,9.40,23.10,26.33,24.72,4274.07,200.00,0.00,0.00,501.56,-900.32
1264,7.72,9.40,23.26,26.50,24.88,2452.95,200.00,0.00,0.00,504.90,-918.14
1265,7.05,9.40,22.86,26.35,24.61,540.40,200.00,0.00,0.00,496.32,-943.26
1266,5.97,9.40,22.30,26.14,24.22,0.00,200.00,0.00,0.00,484.10,-985.63
1267,4.55,9.40,21.66,25.91,23.78,0.00,200.00,0.00,0.00,470.10,-1044.10
1268,2.88,9.40,20.94,25.67,23.31,0.00,200.00,0.00,0.00,454.63,-1113.75
1269,1.09,9.40,20.18,25.41,22.80,0.00,200.00,0.00,0.00,438.09,-1188.92
1270,-0.71,9.40,20.00,25.14,22.57,0.00,200.00,43.82,0.00,434.16,-1263.61
1271,-2.39,9.40,20.00,24.86,22.43,0.00,200.00,100.71,0.00,434.16,-1331.86
1272,-3.63,9.40,20.00,24.57,22.29,0.00,200.00,152.61,0.00,434.16,-1378.35
1273,-4.74,9.40,20.00,24.27,22.14,0.00,200.00,203.39,0.00,434.16,-1418.14
1274,-5.45,9.40,20.00,23.97,21.98,0.00,200.00,248.68,0.00,434.16,-1437.81
1275,-5.70,9.40,20.00,23.67,21.83,0.00,200.00,287.14,0.00,434.16,-1435.24
1276,-5.47,9.40,20.00,23.37,21.69,0.00,200.00,317.82,0.00,434.16,-1409.86
1277,-4.79,9.40,20.00,23.08,21.54,0.00,200.00,340.30,0.00,434.16,-1362.66
1278,-3.71,9.40,20.00,22.81,21.41,0.00,200.00,354.62,0.00,434.16,-1296.15
1279,-2.28,9.40,20.00,22.64,21.32,391.37,200.00,352.30,0.00,434.16,-1218.37
1280,-0.63,9.40,20.00,22.76,21.38,2050.13,200.00,315.58,0.00,434.16,-1143.06
1281,1.15,9.40,20.00,23.12,21.56,3814.05,200.00,248.83,0.00,434.16,-1073.89
1282,2.92,9.40,20.00,23.66,21.83,5245.75,200.00,160.79,0.00,434.16,-1013.65
1283,4.56,9.40,20.00,24.31,22.15,6237.05,200.00,60.98,0.00,434.16,-965.09
1284,5.97,9.40,20.55,25.00,22.77,6665.71,200.00,0.00,0.00,446.17,-930.09
1285,7.03,9.40,21.81,25.66,23.74,6437.51,200.00,0.00,0.00,473.53,-910.45
1286,7.69,9.40,22.80,26.23,24.51,5589.92,200.00,0.00,0.00,494.93,-906.26
1287,7.87,9.40,23.40,26.62,25.01,4257.84,200.00,0.00,0.00,508.03,-916.53
1288,7.59,9.40,23.53,26.79,25.16,2450.46,200.00,0.00,0.00,510.80,-938.58
1289,6.84,9.40,23.10,26.63,24.87,529.67,200.00,0.00,0.00,501.55,-967.60
1290,5.67,9.40,22.51,26.41,24.46,0.00,200.00,0.00,0.00,488.68,-1013.64
1291,4.18,9.40,21.84,26.18,24.01,0.00,200.00,0.00,0.00,474.02,-1075.51
1292,2.44,9.40,21.09,25.93,23.51,0.00,200.00,0.00,0.00,457.90,-1148.26
1293,0.58,9.40,20.30,25.67,22.99,0.00,200.00,0.00,0.00,440.71,-1226.18
1294,-1.27,9.40,20.00,25.39,22.70,0.00,200.00,37.20,0.00,434.16,-1303.24
1295,-3.00,9.40,20.00,25.10,22.55,0.00,200.00,96.13,0.00,434.16,-1373.47
1296,-4.28,9.40,20.00,24.80,22.40,0.00,200.00,149.94,0.00,434.16,-1421.39
1297,-5.42,9.40,20.00,24.49,22.25,0.00,200.00,202.55,0.00,434.16,-1462.32
1298,-6.15,9.40,20.00,24.18,22.09,0.00,200.00,249.55,0.00,434.16,-1482.70
1299,-6.42,9.40,20.00,23.87,21.93,0.00,200.00,289.57,0.00,434.16,-1480.38
1300,-6.20,9.40,20.00,23.56,21.78,0.00,200.00,321.65,0.00,434.16,-1454.81
1301,-5.52,9.40,20.00,23.27,21.63,0.00,200.00,345.36,0.00,434.16,-1406.96
1302,-4.41,9.40,20.00,22.99,21.49,0.00,200.00,360.72,0.00,434.16,-1339.36
1303,-2.97,9.40,20.00,22.81,21.40,382.17,200.00,359.34,0.00,434.16,-1260.03
1304,-1.28,9.40,20.00,22.92,21.46,2048.16,200.00,323.10,0.00,434.16,-1182.89
1305,0.53,9.40,20.00,23.27,21.63,3800.50,200.00,256.79,0.00,434.16,-1111.42
1306,2.35,9.40,20.00,23.80,21.90,5227.86,200.00,169.01,0.00,434.16,-1048.48
1307,4.05,9.40,20.00,24.45,22.22,6215.22,200.00,69.28,0.00,434.16,-996.86
1308,5.52,9.40,20.44,25.13,22.78,6642.00,200.00,0.00,0.00,443.64,-958.37
1309,6.66,9.40,21.70,25.79,23.74,6413.94,200.00,0.00,0.00,471.11,-935.07
1310,7.38,9.40,22.70,26.35,24.52,5569.19,200.00,0.00,0.00,492.69,-926.98
1311,7.65,9.40,23.31,26.74,25.03,4240.59,200.00,0.00,0.00,506.05,-933.17
1312,7.45,9.40,23.46,26.91,25.18,2446.61,200.00,0.00,0.00,509.19,-951.06
1313,6.79,9.40,23.05,26.75,24.90,518.90,200.00,0.00,0.00,500.30,-975.64
1314,5.72,9.40,22.47,26.53,24.50,0.00,200.00,0.00,0.00,487.85,-1017.20
1315,4.31,9.40,21.82,26.29,24.06,0.00,200.00,0.00,0.00,473.67,-1074.56
1316,2.67,9.40,21.10,26.05,23.57,0.00,200.00,0.00,0.00,458.06,-1142.80
1317,0.91,9.40,20.34,25.79,23.06,0.00,200.00,0.00,0.00,441.44,-1216.26
1318,-0.86,9.40,20.00,25.51,22.76,0.00,200.00,32.82,0.00,434.16,-1288.97
1319,-2.50,9.40,20.00,25.22,22.61,0.00,200.00,89.70,0.00,434.16,-1354.99
1320,-3.69,9.40,20.00,24.93,22.46,0.00,200.00,141.35,0.00,434.16,-1398.75
1321,-4.75,9.40,20.00,24.62,22.31,0.00,200.00,191.79,0.00,434.16,-1435.88
1322,-5.40,9.40,20.00,24.32,22.16,0.00,200.00,236.59,0.00,434.16,-1452.71
1323,-5.59,9.40,20.00,24.01,22.01,0.00,200.00,274.41,0.00,434.16,-1447.15
1324,-5.31,9.40,20.00,23.72,21.86,0.00,200.00,304.31,0.00,434.16,-1418.65
1325,-4.56,9.40,20.00,23.43,21.71,0.00,200.00,325.87,0.00,434.16,-1368.25
1326,-3.41,9.40,20.00,23.15,21.58,0.00,200.00,339.15,0.00,434.16,-1298.48
1327,-1.92,9.40,20.00,22.98,21.49,373.36,200.00,335.85,0.00,434.16,-1217.34
1328,-0.20,9.40,20.00,23.10,21.55,2045.41,200.00,297.54,0.00,434.16,-1138.96
1329,1.64,9.40,20.00,23.46,21.73,3786.42,200.00,229.43,0.00,434.16,-1066.61
1330,3.48,9.40,20.00,24.01,22.00,5209.47,200.00,140.04,0.00,434.16,-1003.21
1331,5.19,9.40,20.00,24.66,22.33,6192.85,200.00,38.89,0.00,434.16,-951.57
1332,6.66,9.40,20.87,25.35,23.11,6617.65,200.00,0.00,0.00,453.14,-913.51
1333,7.79,9.40,22.15,26.02,24.09,6389.63,200.00,0.00,0.00,480.93,-891.10
1334,8.49,9.40,23.16,26.59,24.87,5547.62,200.00,0.00,0.00,502.79,-884.35
1335,8.74,9.40,23.79,26.99,25.39,4222.36,200.00,0.00,0.00,516.38,-892.32
1336,8.50,9.40,23.94,27.16,25.55,2441.43,200.00,0.00,0.00,519.73,-912.46
1337,7.79,9.40,23.54,27.01,25.27,508.10,200.00,0.00,0.00,510.90,-939.56
1338,6.67,9.40,22.96,26.80,24.88,0.00,200.00,0.00,0.00,498.48,-984.03
1339,5.20,9.40,22.31,26.57,24.44,0.00,200.00,0.00,0.00,484.27,-1044.62
1340,3.49,9.40,21.58,26.33,23.96,0.00,200.00,0.00,0.00,468.56,-1116.39
1341,1.65,9.40,20.81,26.07,23.44,0.00,200.00,0.00,0.00,451.77,-1193.65
1342,-0.19,9.40,20.01,25.80,22.91,0.00,200.00,0.00,0.00,434.41,-1270.36
1343,-1.91,9.40,20.00,25.52,22.76,0.00,200.00,57.00,0.00,434.16,-1340.56
1344,-3.19,9.40,20.00,25.22,22.61,0.00,200.00,109.76,0.00,434.16,-1388.53
1345,-4.34,9.40,20.00,24.92,22.46,0.00,200.00,161.53,0.00,434.16,-1430.08
1346,-5.08,9.40,20.00,24.61,22.31,0.00,200.00,207.82,0.00,434.16,-1451.40
1347,-5.36,9.40,20.00,24.31,22.15,0.00,200.00,247.28,0.00,434.16,-1450.33
1348,-5.17,9.40,20.00,24.01,22.00,0.00,200.00,278.97,0.00,434.16,-1426.29
1349,-4.52,9.40,20.00,23.72,21.86,0.00,200.00,302.43,0.00,434.16,-1380.27
1350,-3.46,9.40,20.00,23.44,21.72,0.00,200.00,317.70,0.00,434.16,-1314.75
1351,-2.06,9.40,20.00,23.26,21.63,364.90,200.00,316.55,0.00,434.16,-1237.67
1352,-0.42,9.40,20.00,23.38,21.69,2041.90,200.00,280.23,0.00,434.16,-1163.27
1353,1.34,9.40,20.00,23.73,21.87,3771.83,200.00,214.30,0.00,434.16,-1094.58
1354,3.10,9.40,20.00,24.27,22.13,5190.58,200.00,127.15,0.00,434.16,-1034.54
1355,4.75,9.40,20.00,24.91,22.46,6169.93,200.00,28.53,0.00,434.16,-985.82
1356,6.15,9.40,20.99,25.60,23.29,6592.68,200.00,0.00,0.00,455.57,-950.44
1357,7.22,9.40,22.24,26.25,24.25,6364.59,200.00,0.00,0.00,482.71,-930.33
1358,7.88,9.40,23.22,26.82,25.02,5525.21,200.00,0.00,0.00,503.95,-925.50
1359,8.08,9.40,23.81,27.21,25.51,4160.66,200.00,0.00,0.00,516.85,-934.81
1360,7.81,9.40,23.94,27.37,25.66,2434.96,200.00,0.00,0.00,519.70,-956.11
1361,7.08,9.40,23.51,27.21,25.36,497.29,200.00,0.00,0.00,510.35,-983.82
1362,5.95,9.40,22.92,26.99,24.95,0.00,200.00,0.00,0.00,497.47,-1028.47
1363,4.48,9.40,22.24,26.75,24.50,0.00,200.00,0.00,0.00,482.86,-1088.79
1364,2.77,9.40,21.50,26.50,24.00,0.00,200.00,0.00,0.00,466.80,-1159.85
1365,0.95,9.40,20.72,26.24,23.48,0.00,200.00,0.00,0.00,449.72,-1235.95
1366,-0.86,9.40,20.00,25.96,22.98,0.00,200.00,6.80,0.00,434.16,-1311.08
1367,-2.55,9.40,20.00,25.66,22.83,0.00,200.00,65.22,0.00,434.16,-1379.28
1368,-3.79,9.40,20.00,25.36,22.68,0.00,200.00,118.31,0.00,434.16,-1424.73
1369,-4.89,9.40,20.00,25.05,22.53,0.00,200.00,170.22,0.00,434.16,-1463.53
1370,-5.57,9.40,20.00,24.74,22.37,0.00,200.00,216.45,0.00,434.16,-1481.74
1371,-5.79,9.40,20.00,24.43,22.21,0.00,200.00,255.62,0.00,434.16,-1477.27
1372,-5.53,9.40,20.00,24.12,22.06,0.00,200.00,286.80,0.00,434.16,-1449.54
1373,-4.80,9.40,20.00,23.83,21.91,0.00,200.00,309.54,0.00,434.16,-1399.58
1374,-3.66,9.40,20.00,23.55,21.77,0.00,200.00,323.91,0.00,434.16,-1329.93
1375,-2.17,9.40,20.00,23.37,21.68,356.78,200.00,321.73,0.00,434.16,-1248.54
1376,-0.45,9.40,20.00,23.49,21.74,2037.66,200.00,283.97,0.00,434.16,-1169.82
1377,1.41,9.40,20.00,23.84,21.92,3756.74,200.00,216.59,0.00,434.16,-1096.67
1378,3.26,9.40,20.00,24.38,22.19,5171.20,200.00,127.88,0.00,434.16,-1032.12
1379,5.00,9.40,20.00,25.02,22.51,6146.47,200.00,27.60,0.00,434.16,-978.89
1380,6.50,9.40,21.02,25.71,23.37,6567.09,200.00,0.00,0.00,456.39,-939.06
1381,7.66,9.40,22.30,26.37,24.33,6338.83,200.00,0.00,0.00,484.10,-914.61
1382,8.41,9.40,23.31,26.93,25.12,5501.97,200.00,0.00,0.00,505.95,-905.60
1383,8.69,9.40,23.93,27.33,25.63,4140.16,200.00,0.00,0.00,519.48,-910.94
1384,8.51,9.40,24.09,27.50,25.80,2427.21,200.00,0.00,0.00,523.02,-928.57
1385,7.86,9.40,23.69,27.35,25.52,486.46,200.00,0.00,0.00,514.32,-952.77
1386,6.79,9.40,23.13,27.13,25.13,0.00,200.00,0.00,0.00,502.11,-994.24
1387,5.39,9.40,22.49,26.90,24.69,0.00,200.00,0.00,0.00,488.15,-1051.72
1388,3.74,9.40,21.78,26.66,24.22,0.00,200.00,0.00,0.00,472.74,-1120.29
1389,1.97,9.40,21.02,26.40,23.71,0.00,200.00,0.00,0.00,456.28,-1194.30
1390,0.20,9.40,20.24,26.13,23.18,0.00,200.00,0.00,0.00,439.28,-1267.74
1391,-1.46,9.40,20.00,25.85,22.92,0.00,200.00,39.47,0.00,434.16,-1334.68
1392,-2.66,9.40,20.00,25.55,22.78,0.00,200.00,90.75,0.00,434.16,-1379.18
1393,-3.75,9.40,20.00,25.25,22.63,0.00,200.00,141.04,0.00,434.16,-1417.59
1394,-4.43,9.40,20.00,24.95,22.47,0.00,200.00,185.79,0.00,434.16,-1435.87
1395,-4.65,9.40,20.00,24.65,22.32,0.00,200.00,223.66,0.00,434.16,-1431.91
1396,-4.40,9.40,20.00,24.35,22.18,0.00,200.00,253.73,0.00,434.16,-1405.14
1397,-3.69,9.40,20.00,24.06,22.03,0.00,200.00,275.55,0.00,434.16,-1356.58
1398,-2.57,9.40,20.00,23.79,21.90,0.00,200.00,289.20,0.00,434.16,-1288.75
1399,-1.13,9.40,20.00,23.62,21.81,348.95,200.00,286.57,0.00,434.16,-1209.54
1400,0.55,9.40,20.00,23.74,21.87,2032.70,200.00,248.39,0.00,434.16,-1133.51
1401,2.35,9.40,20.00,24.11,22.05,3741.14,200.00,180.94,0.00,434.16,-1063.33
1402,4.15,9.40,20.00,24.65,22.32,5151.31,200.00,92.44,0.00,434.16,-1002.06
1403,5.81,9.40,20.10,25.30,22.70,6122.48,200.00,0.00,0.00,436.38,-952.38
1404,7.24,9.40,21.50,25.99,23.74,6540.90,200.00,0.00,0.00,466.70,-916.36
1405,8.32,9.40,22.76,26.65,24.71,6312.35,200.00,0.00,0.00,494.14,-895.95
1406,8.99,9.40,23.76,27.22,25.49,5477.91,200.00,0.00,0.00,515.67,-891.17
1407,9.19,9.40,24.36,27.62,25.99,4118.72,200.00,0.00,0.00,528.85,-900.88
1408,8.91,9.40,24.51,27.79,26.15,2418.21,200.00,0.00,0.00,532.02,-923.06
1409,8.16,9.40,24.08,27.64,25.86,475.64,200.00,0.00,0.00,522.83,-951.74
1410,7.01,9.40,23.50,27.42,25.46,0.00,200.00,0.00,0.00,510.13,-997.71
1411,5.51,9.40,22.83,27.19,25.01,0.00,200.00,0.00,0.00,495.63,-1059.66
1412,3.77,9.40,22.10,26.94,24.52,0.00,200.00,0.00,0.00,479.65,-1132.61
1413,1.91,9.40,21.31,26.68,24.00,0.00,200.00,0.00,0.00,462.59,-1210.86
1414,0.05,9.40,20.50,26.41,23.45,0.00,200.00,0.00,0.00,444.97,-1288.37
1415,-1.69,9.40,20.00,26.12,23.06,0.00,200.00,22.65,0.00,434.16,-1359.16
1416,-2.97,9.40,20.00,25.82,22.91,0.00,200.00,76.05,0.00,434.16,-1407.14
1417,-4.13,9.40,20.00,25.51,22.76,0.00,200.00,128.50,0.00,434.16,-1448.86
1418,-4.88,9.40,20.00,25.20,22.60,0.00,200.00,175.40,0.00,434.16,-1470.12
1419,-5.16,9.40,20.00,24.89,22.45,0.00,200.00,215.39,0.00,434.16,-1468.79
1420,-4.96,9.40,20.00,24.59,22.29,0.00,200.00,247.53,0.00,434.16,-1444.28
1421,-4.30,9.40,20.00,24.29,22.15,0.00,200.00,271.34,0.00,434.16,-1397.58
1422,-3.22,9.40,20.00,24.01,22.00,0.00,200.00,286.88,0.00,434.16,-1331.18
1423,-1.81,9.40,20.00,23.83,21.92,358.45,200.00,285.71,0.00,434.16,-1253.17
1424,-0.15,9.40,20.00,23.95,21.97,2002.23,200.00,249.46,0.00,434.16,-1177.61
1425,1.64,9.40,20.00,24.30,22.15,3693.69,200.00,183.98,0.00,434.16,-1107.37
1426,3.43,9.40,20.00,24.82,22.41,5088.24,200.00,97.37,0.00,434.16,-1045.53
1427,5.11,9.40,20.01,25.46,22.74,6060.17,200.00,0.00,0.00,434.39,-994.83
1428,6.55,9.40,21.39,26.13,23.76,6473.96,200.00,0.00,0.00,464.26,-957.35
1429,7.66,9.40,22.63,26.79,24.71,6244.16,200.00,0.00,0.00,491.33,-935.07
1430,8.36,9.40,23.61,27.34,25.48,5413.23,200.00,0.00,0.00,512.57,-928.02
1431,8.60,9.40,24.21,27.73,25.97,4056.83,200.00,0.00,0.00,525.52,-935.10
1432,8.37,9.40,24.35,27.90,26.12,2375.00,200.00,0.00,0.00,528.59,-954.36
1433,7.69,9.40,23.93,27.74,25.83,485.83,200.00,0.00,0.00,519.50,-980.01
1434,6.60,9.40,23.35,27.51,25.43,0.00,200.00,0.00,0.00,506.92,-1022.54
1435,5.17,9.40,22.69,27.28,24.99,0.00,200.00,0.00,0.00,492.62,-1080.76
1436,3.51,9.40,21.97,27.03,24.50,0.00,200.00,0.00,0.00,476.89,-1149.75
1437,1.73,9.40,21.20,26.77,23.98,0.00,200.00,0.00,0.00,460.14,-1223.86
1438,-0.05,9.40,20.40,26.49,23.45,0.00,200.00,0.00,0.00,442.89,-1297.07
1439,-1.69,9.40,20.00,26.20,23.10,0.00,200.00,28.16,0.00,434.16,-1363.44
1440,-2.88,9.40,20.00,25.90,22.95,0.00,200.00,79.96,0.00,434.16,-1406.84
1441,-3.95,9.40,20.00,25.59,22.80,0.00,200.00,130.69,0.00,434.16,-1444.06
1442,-4.60,9.40,20.00,25.29,22.64,0.00,200.00,175.73,0.00,434.16,-1460.86
1443,-4.79,9.40,20.00,24.98,22.49,0.00,200.00,213.74,0.00,434.16,-1455.13
1444,-4.50,9.40,20.00,24.68,22.34,0.00,200.00,243.80,0.00,434.16,-1426.33
1445,-3.75,9.40,20.00,24.39,22.19,0.00,200.00,265.45,0.00,434.16,-1375.49
1446,-2.59,9.40,20.00,24.11,22.05,0.00,200.00,278.78,0.00,434.16,-1305.16
1447,-1.09,9.40,20.00,23.94,21.97,374.95,200.00,274.90,0.00,434.16,-1223.71
1448,0.64,9.40,20.00,24.06,22.03,1995.77,200.00,236.28,0.00,434.16,-1144.80
1449,2.50,9.40,20.00,24.42,22.21,3676.96,200.00,168.58,0.00,434.16,-1071.45
1450,4.36,9.40,20.00,24.96,22.48,5062.58,200.00,79.87,0.00,434.16,-1006.80
1451,6.09,9.40,20.28,25.60,22.94,6034.84,200.00,0.00,0.00,440.27,-953.67
1452,7.58,9.40,21.68,26.28,23.98,6446.21,200.00,0.00,0.00,470.73,-914.13
1453,8.73,9.40,22.96,26.94,24.95,6215.84,200.00,0.00,0.00,498.38,-890.22
1454,9.46,9.40,23.96,27.51,25.73,5387.06,200.00,0.00,0.00,520.15,-881.98
1455,9.73,9.40,24.58,27.90,26.24,4033.09,200.00,0.00,0.00,533.62,-888.32
1456,9.52,9.40,24.75,28.08,26.41,2363.14,200.00,0.00,0.00,537.21,-907.35
1457,8.84,9.40,24.35,27.93,26.14,505.67,200.00,0.00,0.00,528.62,-933.32
1458,7.74,9.40,23.79,27.72,25.76,0.00,200.00,0.00,0.00,516.44,-976.46
1459,6.31,9.40,23.15,27.50,25.32,0.00,200.00,0.00,0.00,502.47,-1035.74
1460,4.62,9.40,22.43,27.26,24.85,0.00,200.00,0.00,0.00,487.01,-1106.23
1461,2.81,9.40,21.67,27.00,24.34,0.00,200.00,0.00,0.00,470.48,-1182.25
1462,1.00,9.40,20.89,26.73,23.81,0.00,200.00,0.00,0.00,453.38,-1257.77
1463,-0.70,9.40,20.10,26.45,23.27,0.00,200.00,0.00,0.00,436.27,-1326.81
1464,-1.94,9.40,20.00,26.15,23.08,0.00,200.00,44.67,0.00,434.16,-1373.11
1465,-3.07,9.40,20.00,25.85,22.93,0.00,200.00,95.56,0.00,434.16,-1413.67
1466,-3.79,9.40,20.00,25.55,22.77,0.00,200.00,140.98,0.00,434.16,-1434.09
1467,-4.05,9.40,20.00,25.25,22.62,0.00,200.00,179.58,0.00,434.16,-1432.23
1468,-3.85,9.40,20.00,24.95,22.47,0.00,200.00,210.44,0.00,434.16,-1407.52
1469,-3.18,9.40,20.00,24.66,22.33,0.00,200.00,233.10,0.00,434.16,-1360.94
1470,-2.11,9.40,20.00,24.39,22.19,0.00,200.00,247.61,0.00,434.16,-1294.98
1471,-0.70,9.40,20.00,24.22,22.11,390.34,200.00,244.64,0.00,434.16,-1218.24
1472,0.95,9.40,20.00,24.35,22.17,1988.66,200.00,207.46,0.00,434.16,-1143.91
1473,2.71,9.40,20.00,24.70,22.35,3659.76,200.00,141.49,0.00,434.16,-1075.07
1474,4.48,9.40,20.00,25.24,22.62,5036.47,200.00,54.72,0.00,434.16,-1014.84
1475,6.11,9.40,20.60,25.88,23.24,6009.00,200.00,0.00,0.00,447.20,-966.04
1476,7.51,9.40,21.97,26.55,24.26,6417.89,200.00,0.00,0.00,477.02,-930.69
1477,8.58,9.40,23.22,27.21,25.21,6186.85,200.00,0.00,0.00,504.00,-910.78
1478,9.23,9.40,24.19,27.77,25.98,5360.12,200.00,0.00,0.00,525.10,-906.33
1479,9.42,9.40,24.78,28.16,26.47,4008.49,200.00,0.00,0.00,537.89,-916.22
1480,9.13,9.40,24.91,28.33,26.62,2350.17,200.00,0.00,0.00,540.85,-938.58
1481,8.38,9.40,24.49,28.18,26.34,523.69,200.00,0.00,0.00,531.66,-967.62
1482,7.23,9.40,23.90,27.96,25.93,0.00,200.00,0.00,0.00,518.84,-1013.34
1483,5.74,9.40,23.23,27.73,25.48,0.00,200.00,0.00,0.00,504.26,-1074.82
1484,4.01,9.40,22.49,27.48,24.98,0.00,200.00,0.00,0.00,488.21,-1147.10
1485,2.16,9.40,21.70,27.21,24.46,0.00,200.00,0.00,0.00,471.11,-1224.49
1486,0.32,9.40,20.89,26.94,23.91,0.00,200.00,0.00,0.00,453.49,-1300.94
1487,-1.40,9.40,20.08,26.64,23.36,0.00,200.00,0.00,0.00,435.89,-1370.48
1488,-2.64,9.40,20.00,26.34,23.17,0.00,200.00,47.37,0.00,434.16,-1416.71
1489,-3.77,9.40,20.00,26.03,23.02,0.00,200.00,99.55,0.00,434.16,-1456.87
1490,-4.49,9.40,20.00,25.72,22.86,0.00,200.00,146.08,0.00,434.16,-1476.43
1491,-4.73,9.40,20.00,25.41,22.70,0.00,200.00,185.61,0.00,434.16,-1473.28
1492,-4.50,9.40,20.00,25.10,22.55,0.00,200.00,217.19,0.00,434.16,-1446.85
1493,-3.80,9.40,20.00,24.80,22.40,0.00,200.00,240.36,0.00,434.16,-1398.14
1494,-2.68,9.40,20.00,24.52,22.26,0.00,200.00,255.18,0.00,434.16,-1329.68
1495,-1.22,9.40,20.00,24.36,22.18,404.20,200.00,251.87,0.00,434.16,-1250.31
1496,0.49,9.40,20.00,24.48,22.24,1980.92,200.00,214.50,0.00,434.16,-1172.84
1497,2.32,9.40,20.00,24.83,22.42,3642.09,200.00,148.25,0.00,434.16,-1100.49
1498,4.15,9.40,20.00,25.36,22.68,5009.93,200.00,61.06,0.00,434.16,-1036.46
1499,5.87,9.40,20.52,25.99,23.26,5982.66,200.00,0.00,0.00,445.49,-983.63
1500,7.35,9.40,21.91,26.67,24.29,6389.02,200.00,0.00,0.00,475.55,-944.04
1501,8.50,9.40,23.16,27.32,25.24,6157.21,200.00,0.00,0.00,502.74,-919.66
1502,9.24,9.40,24.15,27.88,26.01,5332.43,200.00,0.00,0.00,524.21,-910.74
1503,9.52,9.40,24.76,28.27,26.51,3983.06,200.00,0.00,0.00,537.44,-916.12
1504,9.33,9.40,24.92,28.44,26.68,2336.11,200.00,0.00,0.00,540.90,-934.02
1505,8.68,9.40,24.52,28.29,26.41,539.88,200.00,0.00,0.00,532.31,-958.72
1506,7.61,9.40,23.96,28.07,26.02,0.00,200.00,0.00,0.00,520.07,-1000.05
1507,6.21,9.40,23.31,27.84,25.58,0.00,200.00,0.00,0.00,506.10,-1057.25
1508,4.58,9.40,22.60,27.60,25.10,0.00,200.00,0.00,0.00,490.68,-1125.42
1509,2.81,9.40,21.85,27.34,24.59,0.00,200.00,0.00,0.00,474.23,-1198.91
1510,1.05,9.40,21.06,27.07,24.07,0.00,200.00,0.00,0.00,457.27,-1271.70
1511,-0.59,9.40,20.28,26.78,23.53,0.00,200.00,0.00,0.00,440.34,-1337.85
1512,-1.76,9.40,20.00,26.49,23.24,0.00,200.00,30.33,0.00,434.16,-1380.91
1513,-2.83,9.40,20.00,26.19,23.09,0.00,200.00,80.33,0.00,434.16,-1418.33
1514,-3.49,9.40,20.00,25.88,22.94,0.00,200.00,124.74,0.00,434.16,-1435.53
1515,-3.69,9.40,20.00,25.58,22.79,0.00,200.00,162.21,0.00,434.16,-1430.42
1516,-3.41,9.40,20.00,25.28,22.64,0.00,200.00,191.83,0.00,434.16,-1402.45
1517,-2.68,9.40,20.00,24.99,22.50,0.00,200.00,213.15,0.00,434.16,-1352.62
1518,-1.54,9.40,20.00,24.72,22.36,0.00,200.00,226.24,0.00,434.16,-1283.48
1519,-0.06,9.40,20.00,24.57,22.28,416.61,200.00,220.94,0.00,434.16,-1204.11
1520,1.64,9.40,20.00,24.70,22.35,1972.58,200.00,182.07,0.00,434.16,-1126.92
1521,3.47,9.40,20.00,25.06,22.53,3623.98,200.00,114.64,0.00,434.16,-1055.25
1522,5.29,9.40,20.00,25.59,22.80,4982.96,200.00,26.54,0.00,434.16,-992.29
1523,6.99,9.40,21.01,26.24,23.62,5955.83,200.00,0.00,0.00,456.07,-940.98
1524,8.44,9.40,22.40,26.92,24.66,6359.59,200.00,0.00,0.00,486.28,-903.31
1525,9.55,9.40,23.66,27.58,25.62,6126.93,200.00,0.00,0.00,513.56,-881.25
1526,10.24,9.40,24.65,28.14,26.39,5304.01,200.00,0.00,0.00,535.06,-875.04
1527,10.46,9.40,25.26,28.54,26.90,3956.82,200.00,0.00,0.00,548.25,-883.48
1528,10.20,9.40,25.41,28.72,27.06,2321.00,200.00,0.00,0.00,551.67,-904.82
1529,9.48,9.40,25.01,28.58,26.79,554.25,200.00,0.00,0.00,542.98,-933.32
1530,8.34,9.40,24.44,28.36,26.40,0.00,200.00,0.00,0.00,530.55,-978.57
1531,6.86,9.40,23.78,28.14,25.96,0.00,200.00,0.00,0.00,516.32,-1039.90
1532,5.14,9.40,23.06,27.89,25.48,0.00,200.00,0.00,0.00,500.59,-1112.36
1533,3.29,9.40,22.29,27.64,24.96,0.00,200.00,0.00,0.00,483.78,-1190.25
1534,1.43,9.40,21.48,27.37,24.42,0.00,200.00,0.00,0.00,466.39,-1267.52
1535,-0.30,9.40,20.68,27.08,23.88,0.00,200.00,0.00,0.00,448.99,-1338.19
1536,-1.57,9.40,20.00,26.78,23.39,0.00,200.00,3.19,0.00,434.16,-1385.63
1537,-2.73,9.40,20.00,26.48,23.24,0.00,200.00,55.02,0.00,434.16,-1427.48
1538,-3.47,9.40,20.00,26.17,23.09,0.00,200.00,101.37,0.00,434.16,-1449.02
1539,-3.76,9.40,20.00,25.86,22.93,0.00,200.00,140.87,0.00,434.16,-1448.09
1540,-3.57,9.40,20.00,25.56,22.78,0.00,200.00,172.58,0.00,434.16,-1424.10
1541,-2.92,9.40,20.00,25.27,22.63,0.00,200.00,196.05,0.00,434.16,-1378.05
1542,-1.86,9.40,20.00,24.99,22.49,0.00,200.00,211.31,0.00,434.16,-1312.41
1543,-0.46,9.40,20.00,24.84,22.42,427.89,200.00,207.79,0.00,434.16,-1236.47
1544,1.18,9.40,20.00,24.96,22.48,1963.65,200.00,171.03,0.00,434.16,-1162.21
1545,2.95,9.40,20.00,25.31,22.66,3605.42,200.00,105.79,0.00,434.16,-1093.04
1546,4.72,9.40,20.00,25.84,22.92,4955.57,200.00,19.90,0.00,434.16,-1032.17
1547,6.37,9.40,21.07,26.47,23.77,5928.53,200.00,0.00,0.00,457.43,-982.53
1548,7.79,9.40,22.44,27.14,24.79,6329.63,200.00,0.00,0.00,487.02,-946.11
1549,8.87,9.40,23.67,27.79,25.73,6096.02,200.00,0.00,0.00,513.73,-924.85
1550,9.54,9.40,24.63,28.34,26.49,5272.78,200.00,0.00,0.00,534.69,-919.00
1551,9.76,9.40,25.22,28.73,26.97,3929.80,200.00,0.00,0.00,547.41,-927.38
1552,9.50,9.40,25.36,28.90,27.13,2304.89,200.00,0.00,0.00,550.44,-948.25
1553,8.79,9.40,24.94,28.76,26.85,566.86,200.00,0.00,0.00,541.46,-975.94
1554,7.67,9.40,24.36,28.54,26.45,0.00,200.00,0.00,0.00,528.77,-1019.81
1555,6.22,9.40,23.69,28.30,26.00,0.00,200.00,0.00,0.00,514.33,-1079.35
1556,4.53,9.40,22.96,28.05,25.51,0.00,200.00,0.00,0.00,498.46,-1149.61
1557,2.73,9.40,22.18,27.79,24.99,0.00,200.00,0.00,0.00,481.57,-1224.92
1558,0.93,9.40,21.38,27.51,24.45,0.00,200.00,0.00,0.00,464.16,-1299.25
1559,-0.74,9.40,20.58,27.22,23.90,0.00,200.00,0.00,0.00,446.82,-1366.66
1560,-1.94,9.40,20.00,26.91,23.46,0.00,200.00,10.01,0.00,434.16,-1410.45
1561,-3.03,9.40,20.00,26.61,23.30,0.00,200.00,61.24,0.00,434.16,-1448.49
1562,-3.70,9.40,20.00,26.29,23.15,0.00,200.00,106.77,0.00,434.16,-1465.98
1563,-3.90,9.40,20.00,25.98,22.99,0.00,200.00,145.26,0.00,434.16,-1460.84
1564,-3.63,9.40,20.00,25.68,22.84,0.00,200.00,175.78,0.00,434.16,-1432.50
1565,-2.89,9.40,20.00,25.39,22.69,0.00,200.00,197.86,0.00,434.16,-1382.00
1566,-1.73,9.40,20.00,25.11,22.55,0.00,200.00,211.58,0.00,434.16,-1311.87
1567,-0.24,9.40,20.00,24.96,22.48,438.07,200.00,206.00,0.00,434.16,-1231.63
1568,1.50,9.40,20.00,25.09,22.54,1954.15,200.00,167.37,0.00,434.16,-1152.95
1569,3.36,9.40,20.00,25.44,22.72,3586.42,200.00,100.26,0.00,434.16,-1079.40
1570,5.22,9.40,20.00,25.97,22.99,4927.78,200.00,12.50,0.00,434.16,-1014.23
1571,6.96,9.40,21.20,26.61,23.91,5900.75,200.00,0.00,0.00,460.24,-960.47
1572,8.46,9.40,22.59,27.28,24.94,6299.14,200.00,0.00,0.00,490.43,-920.12
1573,9.62,9.40,23.85,27.94,25.89,6064.51,200.00,0.00,0.00,517.74,-895.18
1574,10.37,9.40,24.84,28.49,26.67,5237.33,200.00,0.00,0.00,539.32,-885.94
1575,10.65,9.40,25.46,28.89,27.17,3902.02,200.00,0.00,0.00,552.66,-891.27
1576,10.46,9.40,25.63,29.07,27.35,2287.80,200.00,0.00,0.00,556.35,-909.51
1577,9.80,9.40,25.25,28.93,27.09,577.72,200.00,0.00,0.00,548.05,-935.02
1578,8.73,9.40,24.69,28.72,26.70,0.00,200.00,0.00,0.00,535.96,-977.01
1579,7.32,9.40,24.05,28.49,26.27,0.00,200.00,0.00,0.00,522.12,-1035.08
1580,5.66,9.40,23.35,28.25,25.80,0.00,200.00,0.00,0.00,506.80,-1104.31
1581,3.88,9.40,22.59,28.00,25.29,0.00,200.00,0.00,0.00,490.41,-1179.03
1582,2.09,9.40,21.81,27.73,24.77,0.00,200.00,0.00,0.00,473.48,-1253.22
1583,0.42,9.40,21.03,27.44,24.24,0.00,200.00,0.00,0.00,456.55,-1320.94
1584,-0.78,9.40,20.33,27.15,23.74,0.00,200.00,0.00,0.00,441.26,-1365.38
1585,-1.88,9.40,20.00,26.85,23.43,0.00,200.00,26.57,0.00,434.16,-1404.61
1586,-2.58,9.40,20.00,26.55,23.27,0.00,200.00,71.28,0.00,434.16,-1423.71
1587,-2.82,9.40,20.00,26.25,23.12,0.00,200.00,109.16,0.00,434.16,-1420.59
1588,-2.58,9.40,20.00,25.95,22.97,0.00,200.00,139.27,0.00,434.16,-1394.66
1589,-1.89,9.40,20.00,25.66,22.83,0.00,200.00,161.17,0.00,434.16,-1346.94
1590,-0.80,9.40,20.00,25.39,22.69,0.00,200.00,174.93,0.00,434.16,-1279.93
1591,0.63,9.40,20.00,25.25,22.63,447.17,200.00,169.24,0.00,434.16,-1203.32
1592,2.30,9.40,20.00,25.38,22.69,1944.11,200.00,131.03,0.00,434.16,-1128.40
1593,4.08,9.40,20.00,25.74,22.87,3563.61,200.00,64.71,0.00,434.16,-1058.77
1594,5.86,9.40,20.30,26.27,23.29,4899.60,200.00,0.00,0.00,440.77,-997.70
1595,7.51,9.40,21.66,26.91,24.29,5872.52,200.00,0.00,0.00,470.23,-948.20
1596,8.92,9.40,23.03,27.59,25.31,6268.15,200.00,0.00,0.00,499.99,-912.21
1597,9.99,9.40,24.27,28.24,26.25,6032.39,200.00,0.00,0.00,526.82,-891.71
1598,10.65,9.40,25.24,28.79,27.02,5201.25,200.00,0.00,0.00,547.85,-886.91
1599,10.84,9.40,25.83,29.19,27.51,3873.50,200.00,0.00,0.00,560.64,-896.70
1600,10.55,9.40,25.97,29.36,27.67,2269.79,200.00,0.00,0.00,563.77,-919.39
1601,9.81,9.40,25.56,29.23,27.39,586.91,200.00,0.00,0.00,554.91,-949.32
1602,8.64,9.40,24.98,29.01,26.99,0.00,200.00,0.00,0.00,542.22,-995.48
1603,7.14,9.40,24.31,28.78,26.54,0.00,200.00,0.00,0.00,527.74,-1057.51
1604,5.41,9.40,23.58,28.53,26.05,0.00,200.00,0.00,0.00,511.78,-1130.47
1605,3.55,9.40,22.79,28.27,25.53,0.00,200.00,0.00,0.00,494.75,-1208.65
1606,1.69,9.40,21.98,28.00,24.99,0.00,200.00,0.00,0.00,477.17,-1286.00
1607,-0.05,9.40,21.17,27.71,24.44,0.00,200.00,0.00,0.00,459.60,-1356.53
1608,-1.30,9.40,20.44,27.41,23.92,0.00,200.00,0.00,0.00,443.69,-1403.34
1609,-2.46,9.40,20.00,27.10,23.55,0.00,200.00,20.49,0.00,434.16,-1444.62
1610,-3.19,9.40,20.00,26.78,23.39,0.00,200.00,67.14,0.00,434.16,-1465.37
1611,-3.47,9.40,20.00,26.47,23.24,0.00,200.00,106.84,0.00,434.16,-1463.47
1612,-3.26,9.40,20.00,26.17,23.08,0.00,200.00,138.66,0.00,434.16,-1438.33
1613,-2.58,9.40,20.00,25.87,22.94,0.00,200.00,162.13,0.00,434.16,-1390.94
1614,-1.49,9.40,20.00,25.59,22.79,0.00,200.00,177.30,0.00,434.16,-1323.81
1615,-0.06,9.40,20.00,25.45,22.72,455.23,200.00,172.51,0.00,434.16,-1246.84
1616,1.62,9.40,20.00,25.57,22.79,1933.54,200.00,135.34,0.00,434.16,-1170.95
1617,3.42,9.40,20.00,25.92,22.96,3538.53,200.00,70.03,0.00,434.16,-1099.86
1618,5.23,9.40,20.22,26.44,23.33,4871.02,200.00,0.00,0.00,438.84,-1036.78
1619,6.92,9.40,21.56,27.07,24.32,5843.83,200.00,0.00,0.00,468.11,-984.96
1620,8.38,9.40,22.93,27.74,25.33,6236.65,200.00,0.00,0.00,497.75,-946.26
1621,9.50,9.40,24.16,28.38,26.27,5999.69,200.00,0.00,0.00,524.52,-922.71
1622,10.22,9.40,25.13,28.93,27.03,5164.54,200.00,0.00,0.00,545.55,-914.52
1623,10.48,9.40,25.72,29.32,27.52,3844.27,200.00,0.00,0.00,558.43,-920.66
1624,10.27,9.40,25.88,29.49,27.68,2250.89,200.00,0.00,0.00,561.74,-939.51
1625,9.60,9.40,25.48,29.35,27.42,594.47,200.00,0.00,0.00,553.16,-965.48
1626,8.52,9.40,24.91,29.13,27.02,0.00,200.00,0.00,0.00,540.80,-1007.39
1627,7.11,9.40,24.26,28.90,26.58,0.00,200.00,0.00,0.00,526.70,-1065.05
1628,5.46,9.40,23.55,28.65,26.10,0.00,200.00,0.00,0.00,511.17,-1133.55
1629,3.70,9.40,22.78,28.39,25.59,0.00,200.00,0.00,0.00,494.62,-1207.23
1630,1.93,9.40,22.00,28.12,25.06,0.00,200.00,0.00,0.00,477.55,-1280.08
1631,0.29,9.40,21.22,27.83,24.52,0.00,200.00,0.00,0.00,460.55,-1346.16
1632,-0.88,9.40,20.51,27.53,24.02,0.00,200.00,0.00,0.00,445.24,-1388.52
1633,-1.94,9.40,20.00,27.23,23.61,0.00,200.00,13.27,0.00,434.16,-1425.57
1634,-2.59,9.40,20.00,26.92,23.46,0.00,200.00,57.77,0.00,434.16,-1442.27
1635,-2.78,9.40,20.00,26.61,23.31,0.00,200.00,95.29,0.00,434.16,-1436.54
1636,-2.49,9.40,20.00,26.31,23.16,0.00,200.00,124.89,0.00,434.16,-1407.82
1637,-1.74,9.40,20.00,26.02,23.01,0.00,200.00,146.14,0.00,434.16,-1357.14
1638,-0.58,9.40,20.00,25.75,22.87,0.00,200.00,159.10,0.00,434.16,-1287.05
1639,0.91,9.40,20.00,25.62,22.81,462.30,200.00,151.81,0.00,434.16,-1207.66
1640,2.64,9.40,20.00,25.75,22.88,1922.47,200.00,112.48,0.00,434.16,-1129.59
1641,4.49,9.40,20.00,26.11,23.05,3513.10,200.00,45.26,0.00,434.16,-1056.63
1642,6.34,9.40,20.58,26.64,23.61,4842.07,200.00,0.00,0.00,446.81,-992.11
1643,8.06,9.40,21.95,27.27,24.61,5814.70,200.00,0.00,0.00,476.58,-939.28
1644,9.54,9.40,23.34,27.95,25.64,6204.67,200.00,0.00,0.00,506.68,-900.00
1645,10.67,9.40,24.59,28.60,26.60,5966.43,200.00,0.00,0.00,533.85,-876.32
1646,11.39,9.40,25.58,29.16,27.37,5127.23,200.00,0.00,0.00,555.23,-868.45
1647,11.64,9.40,26.18,29.55,27.87,3814.37,200.00,0.00,0.00,568.42,-875.38
1648,11.41,9.40,26.35,29.73,28.04,2231.14,200.00,0.00,0.00,572.03,-895.51
1649,10.72,9.40,25.97,29.61,27.79,600.48,200.00,0.00,0.00,563.72,-923.27
1650,9.60,9.40,25.41,29.39,27.40,0.00,200.00,0.00,0.00,551.54,-967.29
1651,8.15,9.40,24.76,29.17,26.97,0.00,200.00,0.00,0.00,537.56,-1027.45
1652,6.45,9.40,24.05,28.93,26.49,0.00,200.00,0.00,0.00,522.07,-1098.81
1653,4.62,9.40,23.29,28.67,25.98,0.00,200.00,0.00,0.00,505.51,-1175.68
1654,2.79,9.40,22.50,28.40,25.45,0.00,200.00,0.00,0.00,488.36,-1252.03
1655,1.08,9.40,21.71,28.12,24.91,0.00,200.00,0.00,0.00,471.21,-1321.87
1656,-0.16,9.40,20.99,27.83,24.41,0.00,200.00,0.00,0.00,455.70,-1368.14
1657,-1.31,9.40,20.29,27.53,23.91,0.00,200.00,0.00,0.00,440.37,-1409.38
1658,-2.04,9.40,20.00,27.22,23.61,0.00,200.00,24.93,0.00,434.16,-1430.40
1659,-2.32,9.40,20.00,26.91,23.46,0.00,200.00,63.72,0.00,434.16,-1429.09
1660,-2.13,9.40,20.00,26.61,23.31,0.00,200.00,94.77,0.00,434.16,-1404.85
1661,-1.47,9.40,20.00,26.32,23.16,0.00,200.00,117.61,0.00,434.16,-1358.68
1662,-0.41,9.40,20.00,26.05,23.02,0.00,200.00,132.31,0.00,434.16,-1293.06
1663,1.00,9.40,20.00,25.92,22.96,468.42,200.00,126.57,0.00,434.16,-1218.25
1664,2.63,9.40,20.00,26.05,23.02,1910.90,200.00,89.20,0.00,434.16,-1144.51
1665,4.40,9.40,20.00,26.40,23.20,3445.53,200.00,24.51,0.00,434.16,-1075.45
1666,6.16,9.40,20.84,26.92,23.88,4812.75,200.00,0.00,0.00,452.36,-1014.81
1667,7.80,9.40,22.18,27.55,24.86,5785.13,200.00,0.00,0.00,481.44,-965.61
1668,9.20,9.40,23.53,28.22,25.87,6172.22,200.00,0.00,0.00,510.82,-929.68
1669,10.26,9.40,24.75,28.86,26.81,5932.62,200.00,0.00,0.00,537.29,-909.03
1670,10.92,9.40,25.70,29.41,27.56,5089.34,200.00,0.00,0.00,557.96,-903.84
1671,11.11,9.40,26.28,29.79,28.04,3783.80,200.00,0.00,0.00,570.48,-913.11
1672,10.84,9.40,26.42,29.97,28.19,2210.59,200.00,0.00,0.00,573.47,-935.24
1673,10.10,9.40,26.01,29.83,27.92,605.01,200.00,0.00,0.00,564.61,-964.68
1674,8.95,9.40,25.42,29.61,27.52,0.00,200.00,0.00,0.00,551.89,-1009.85
1675,7.47,9.40,24.76,29.38,27.07,0.00,200.00,0.00,0.00,537.41,-1070.73
1676,5.76,9.40,24.02,29.13,26.58,0.00,200.00,0.00,0.00,521.48,-1142.35
1677,3.93,9.40,23.24,28.87,26.05,0.00,200.00,0.00,0.00,504.51,-1219.03
1678,2.10,9.40,22.43,28.59,25.51,0.00,200.00,0.00,0.00,487.01,-1294.74
1679,0.40,9.40,21.63,28.30,24.96,0.00,200.00,0.00,0.00,469.56,-1363.51
1680,-0.81,9.40,20.91,27.99,24.45,0.00,200.00,0.00,0.00,453.81,-1408.18
1681,-1.93,9.40,20.19,27.69,23.94,0.00,200.00,0.00,0.00,438.30,-1447.49
1682,-2.62,9.40,20.00,27.37,23.69,0.00,200.00,32.18,0.00,434.16,-1466.19
1683,-2.85,9.40,20.00,27.06,23.53,0.00,200.00,71.14,0.00,434.16,-1462.19
1684,-2.60,9.40,20.00,26.75,23.38,0.00,200.00,102.14,0.00,434.16,-1434.91
1685,-1.88,9.40,20.00,26.46,23.23,0.00,200.00,124.71,0.00,434.16,-1385.38
1686,-0.75,9.40,20.00,26.18,23.09,0.00,200.00,138.93,0.00,434.16,-1316.12
1687,0.73,9.40,20.00,26.05,23.02,473.63,200.00,132.22,0.00,434.16,-1237.60
1688,2.45,9.40,20.00,26.18,23.09,1898.87,200.00,93.94,0.00,434.16,-1159.79
1689,4.30,9.40,20.00,26.52,23.26,3419.20,200.00,28.31,0.00,434.16,-1086.44
1690,6.15,9.40,20.80,27.04,23.92,4783.08,200.00,0.00,0.00,451.54,-1021.35
1691,7.87,9.40,22.16,27.67,24.91,5755.15,200.00,0.00,0.00,481.00,-967.62
1692,9.37,9.40,23.53,28.34,25.93,6139.31,200.00,0.00,0.00,510.81,-927.12
1693,10.53,9.40,24.77,28.98,26.87,5898.28,200.00,0.00,0.00,537.74,-901.90
1694,11.27,9.40,25.75,29.53,27.64,5050.91,200.00,0.00,0.00,558.91,-892.19
1695,11.56,9.40,26.35,29.91,28.13,3752.61,200.00,0.00,0.00,571.98,-897.07
1696,11.37,9.40,26.51,30.09,28.30,2189.27,200.00,0.00,0.00,575.58,-915.01
1697,10.72,9.40,26.14,29.96,28.05,608.12,200.00,0.00,0.00,567.39,-940.52
1698,9.66,9.40,25.58,29.75,27.67,0.00,200.00,0.00,0.00,555.33,-981.91
1699,8.26,9.40,24.95,29.52,27.23,0.00,200.00,0.00,0.00,541.53,-1039.26
1700,6.62,9.40,24.24,29.28,26.76,0.00,200.00,0.00,0.00,526.27,-1107.66
1701,4.85,9.40,23.49,29.02,26.26,0.00,200.00,0.00,0.00,509.97,-1181.46
1702,3.09,9.40,22.72,28.75,25.73,0.00,200.00,0.00,0.00,493.12,-1254.64
1703,1.44,9.40,21.94,28.47,25.21,0.00,200.00,0.00,0.00,476.31,-1321.26
1704,0.27,9.40,21.24,28.18,24.71,0.00,200.00,0.00,0.00,461.19,-1364.12
1705,-0.81,9.40,20.56,27.88,24.22,0.00,200.00,0.00,0.00,446.26,-1402.11
1706,-1.48,9.40,20.00,27.57,23.79,0.00,200.00,3.88,0.00,434.16,-1419.91
1707,-1.69,9.40,20.00,27.27,23.63,0.00,200.00,41.16,0.00,434.16,-1415.46
1708,-1.43,9.40,20.00,26.97,23.49,0.00,200.00,70.64,0.00,434.16,-1388.19
1709,-0.71,9.40,20.00,26.69,23.34,0.00,200.00,91.87,0.00,434.16,-1339.11
1710,0.41,9.40,20.00,26.41,23.21,0.00,200.00,104.92,0.00,434.16,-1270.75
1711,1.87,9.40,20.00,26.29,23.15,477.97,200.00,96.95,0.00,434.16,-1193.72
1712,3.56,9.40,20.00,26.43,23.22,1881.97,200.00,57.92,0.00,434.16,-1117.69
1713,5.37,9.40,20.11,26.78,23.45,3392.57,200.00,0.00,0.00,436.60,-1046.46
1714,7.18,9.40,21.31,27.31,24.31,4753.06,200.00,0.00,0.00,462.54,-983.88
1715,8.86,9.40,22.66,27.94,25.30,5724.76,200.00,0.00,0.00,491.98,-933.01
1716,10.29,9.40,24.03,28.61,26.32,6105.95,200.00,0.00,0.00,521.70,-895.68
1717,11.38,9.40,25.27,29.26,27.26,5863.41,200.00,0.00,0.00,548.48,-873.93
1718,12.06,9.40,26.23,29.81,28.02,5011.95,200.00,0.00,0.00,569.41,-867.95
1719,12.26,9.40,26.82,30.20,28.51,3720.82,200.00,0.00,0.00,582.22,-876.80
1720,11.99,9.40,26.97,30.38,28.68,2167.23,200.00,0.00,0.00,585.53,-898.95
1721,11.26,9.40,26.58,30.26,28.42,609.90,200.00,0.00,0.00,577.01,-928.89
1722,10.10,9.40,26.01,30.04,28.03,0.00,200.00,0.00,0.00,564.57,-974.75
1723,8.61,9.40,25.35,29.82,27.58,0.00,200.00,0.00,0.00,550.33,-1036.61
1724,6.88,9.40,24.63,29.58,27.10,0.00,200.00,0.00,0.00,534.59,-1109.53
1725,5.02,9.40,23.85,29.32,26.59,0.00,200.00,0.00,0.00,517.77,-1187.81
1726,3.16,9.40,23.05,29.05,26.05,0.00,200.00,0.00,0.00,500.37,-1265.39
1727,1.42,9.40,22.25,28.76,25.50,0.00,200.00,0.00,0.00,482.97,-1336.28
1728,0.16,9.40,21.52,28.46,24.99,0.00,200.00,0.00,0.00,467.24,-1383.18
1729,-1.00,9.40,20.81,28.16,24.48,0.00,200.00,0.00,0.00,451.69,-1425.07
1730,-1.75,9.40,20.17,27.85,24.01,0.00,200.00,0.00,0.00,437.79,-1446.53
1731,-2.03,9.40,20.00,27.54,23.77,0.00,200.00,27.35,0.00,434.16,-1445.44
1732,-1.84,9.40,20.00,27.23,23.62,0.00,200.00,58.96,0.00,434.16,-1421.21
1733,-1.19,9.40,20.00,26.94,23.47,0.00,200.00,82.30,0.00,434.16,-1374.83
1734,-0.12,9.40,20.00,26.66,23.33,0.00,200.00,97.40,0.00,434.16,-1308.80
1735,1.29,9.40,20.00,26.54,23.27,481.51,200.00,91.16,0.00,434.16,-1233.85
1736,2.95,9.40,20.00,26.66,23.33,1863.29,200.00,54.10,0.00,434.16,-1159.34
1737,4.72,9.40,20.14,27.01,23.57,3365.65,200.00,0.00,0.00,437.16,-1089.15
1738,6.51,9.40,21.31,27.52,24.41,4722.71,200.00,0.00,0.00,462.54,-1027.15
1739,8.17,9.40,22.64,28.15,25.39,5693.96,200.00,0.00,0.00,491.47,-976.40
1740,9.60,9.40,23.99,28.81,26.40,6072.17,200.00,0.00,0.00,520.73,-938.73
1741,10.70,9.40,25.20,29.44,27.32,5828.06,200.00,0.00,0.00,547.08,-916.19
1742,11.39,9.40,26.15,29.98,28.07,4972.49,200.00,0.00,0.00,567.65,-908.96
1743,11.62,9.40,26.73,30.36,28.54,3688.45,200.00,0.00,0.00,580.16,-916.18
1744,11.38,9.40,26.87,30.54,28.70,2144.50,200.00,0.00,0.00,583.27,-936.31
1745,10.69,9.40,26.47,30.41,28.44,610.43,200.00,0.00,0.00,574.66,-963.95
1746,9.58,9.40,25.90,30.19,28.04,0.00,200.00,0.00,0.00,562.19,-1007.04
1747,8.15,9.40,25.24,29.95,27.60,0.00,200.00,0.00,0.00,547.99,-1065.81
1748,6.48,9.40,24.52,29.71,27.11,0.00,200.00,0.00,0.00,532.34,-1135.32
1749,4.69,9.40,23.76,29.44,26.60,0.00,200.00,0.00,0.00,515.68,-1209.92
1750,2.91,9.40,22.96,29.17,26.07,0.00,200.00,0.00,0.00,498.51,-1283.57
1751,1.25,9.40,22.18,28.88,25.53,0.00,200.00,0.00,0.00,481.39,-1350.34
1752,0.08,9.40,21.47,28.58,25.02,0.00,200.00,0.00,0.00,466.01,-1392.89
1753,-0.99,9.40,20.77,28.27,24.52,0.00,200.00,0.00,0.00,450.86,-1430.38
1754,-1.65,9.40,20.15,27.96,24.06,0.00,200.00,0.00,0.00,437.40,-1447.36
1755,-1.84,9.40,20.00,27.65,23.83,0.00,200.00,26.97,0.00,434.16,-1441.77
1756,-1.56,9.40,20.00,27.35,23.68,0.00,200.00,56.79,0.00,434.16,-1413.06
1757,-0.81,9.40,20.00,27.06,23.53,0.00,200.00,78.21,0.00,434.16,-1362.26
1758,0.35,9.40,20.00,26.78,23.39,0.00,200.00,91.30,0.00,434.16,-1291.91
1759,1.85,9.40,20.00,26.66,23.33,483.99,200.00,82.71,0.00,434.16,-1212.95
1760,3.59,9.40,20.00,26.80,23.40,1844.28,200.00,43.53,0.00,434.16,-1134.47
1761,5.45,9.40,20.31,27.15,23.73,3338.46,200.00,0.00,0.00,440.95,-1060.50
1762,7.31,9.40,21.51,27.67,24.59,4692.03,200.00,0.00,0.00,466.95,-994.96
1763,9.05,9.40,22.87,28.30,25.58,5660.40,200.00,0.00,0.00,496.49,-940.97
1764,10.54,9.40,24.25,28.96,26.60,6037.97,200.00,0.00,0.00,526.34,-900.38
1765,11.70,9.40,25.49,29.60,27.55,5792.22,200.00,0.00,0.00,553.28,-875.30
1766,12.44,9.40,26.46,30.15,28.31,4932.55,200.00,0.00,0.00,574.40,-865.89
1767,12.71,9.40,27.00,30.54,28.77,3650.53,200.00,-4.47,0.00,586.12,-871.35
1768,12.51,9.40,27.00,30.72,28.86,2121.13,200.00,-16.69,0.00,586.12,-890.22
1769,11.84,9.40,26.86,30.60,28.73,609.78,200.00,0.00,0.00,583.07,-917.13
1770,10.75,9.40,26.31,30.39,28.35,0.00,200.00,0.00,0.00,571.10,-959.87
1771,9.33,9.40,25.68,30.17,27.92,0.00,200.00,0.00,0.00,557.35,-1018.74
1772,7.65,9.40,24.97,29.93,27.45,0.00,200.00,0.00,0.00,542.12,-1088.80
1773,5.85,9.40,24.22,29.68,26.95,0.00,200.00,0.00,0.00,525.80,-1164.38
1774,4.05,9.40,23.44,29.41,26.43,0.00,200.00,0.00,0.00,508.92,-1239.47
1775,2.36,9.40,22.67,29.13,25.90,0.00,200.00,0.00,0.00,492.03,-1308.08
1776,1.16,9.40,21.97,28.83,25.40,0.00,200.00,0.00,0.00,476.82,-1352.81
1777,0.04,9.40,21.27,28.54,24.90,0.00,200.00,0.00,0.00,461.76,-1392.93
1778,-0.67,9.40,20.65,28.23,24.44,0.00,200.00,0.00,0.00,448.34,-1412.90
1779,-0.93,9.40,20.13,27.93,24.03,0.00,200.00,0.00,0.00,436.96,-1410.60
1780,-0.71,9.40,20.00,27.63,23.82,0.00,200.00,20.82,0.00,434.16,-1385.47
1781,-0.04,9.40,20.00,27.34,23.67,0.00,200.00,42.79,0.00,434.16,-1338.51
1782,1.04,9.40,20.00,27.07,23.54,0.00,200.00,56.63,0.00,434.16,-1272.21
1783,2.46,9.40,20.00,26.96,23.48,482.23,200.00,48.79,0.00,434.16,-1197.61
1784,4.11,9.40,20.00,27.09,23.55,1824.98,200.00,10.82,0.00,434.16,-1123.50
1785,5.88,9.40,20.74,27.44,24.09,3311.02,200.00,0.00,0.00,450.33,-1053.95
1786,7.65,9.40,21.92,27.96,24.94,4661.04,200.00,0.00,0.00,475.82,-992.87
1787,9.29,9.40,23.25,28.59,25.92,5623.23,200.00,0.00,0.00,504.79,-943.30
1788,10.69,9.40,24.60,29.25,26.93,6003.37,200.00,0.00,0.00,534.05,-907.11
1789,11.76,9.40,25.81,29.89,27.85,5755.92,200.00,0.00,0.00,560.35,-886.32
1790,12.41,9.40,26.76,30.43,28.59,4892.17,200.00,0.00,0.00,580.80,-881.07
1791,12.60,9.40,27.00,30.81,28.91,3610.30,200.00,-23.47,0.00,586.12,-890.51
1792,12.31,9.40,27.00,30.99,29.00,2097.16,200.00,-33.50,0.00,586.12,-913.21
1793,11.56,9.40,27.00,30.87,28.93,608.03,200.00,-4.55,0.00,586.12,-943.79
1794,10.40,9.40,26.48,30.65,28.57,0.00,200.00,0.00,0.00,574.88,-989.86
1795,8.90,9.40,25.82,30.42,28.12,0.00,200.00,0.00,0.00,560.51,-1051.73
1796,7.17,9.40,25.09,30.17,27.63,0.00,200.00,0.00,0.00,544.65,-1124.43
1797,5.32,9.40,24.31,29.91,27.11,0.00,200.00,0.00,0.00,527.73,-1202.29
1798,3.47,9.40,23.51,29.64,26.57,0.00,200.00,0.00,0.00,510.26,-1279.24
1799,1.74,9.40,22.70,29.35,26.02,0.00,200.00,0.00,0.00,492.82,-1349.30
1800,0.51,9.40,21.98,29.05,25.51,0.00,200.00,0.00,0.00,477.09,-1394.98
1801,-0.63,9.40,21.26,28.74,25.00,0.00,200.00,0.00,0.00,461.56,-1435.67
1802,-1.35,9.40,20.62,28.43,24.53,0.00,200.00,0.00,0.00,447.70,-1455.75
1803,-1.61,9.40,20.08,28.12,24.10,0.00,200.00,0.00,0.00,435.94,-1453.13
1804,-1.39,9.40,20.00,27.81,23.90,0.00,200.00,25.34,0.00,434.16,-1427.22
1805,-0.70,9.40,20.00,27.51,23.76,0.00,200.00,48.23,0.00,434.16,-1379.04
1806,0.41,9.40,20.00,27.23,23.62,0.00,200.00,62.80,0.00,434.16,-1311.10
1807,1.86,9.40,20.00,27.12,23.56,479.82,200.00,55.31,0.00,434.16,-1234.57
1808,3.55,9.40,20.00,27.24,23.62,1805.39,200.00,17.72,0.00,434.16,-1158.01
1809,5.38,9.40,20.65,27.58,24.12,3283.33,200.00,0.00,0.00,448.18,-1085.61
1810,7.20,9.40,21.82,28.10,24.96,4629.75,200.00,0.00,0.00,473.64,-1021.30
1811,8.91,9.40,23.15,28.72,25.94,5585.77,200.00,0.00,0.00,502.64,-968.19
1812,10.38,9.40,24.51,29.37,26.94,5968.39,200.00,0.00,0.00,531.99,-928.18
1813,11.53,9.40,25.73,30.01,27.87,5717.34,200.00,0.00,0.00,558.44,-903.33
1814,12.26,9.40,26.68,30.54,28.61,4851.37,200.00,0.00,0.00,579.11,-893.83
1815,12.53,9.40,27.00,30.92,28.96,3569.69,200.00,-18.74,0.00,586.12,-898.87
1816,12.33,9.40,27.00,31.10,29.05,2072.64,200.00,-30.02,0.00,586.12,-917.14
1817,11.68,9.40,27.00,31.03,29.02,605.26,200.00,-9.82,0.00,586.12,-946.28
1818,10.61,9.40,26.58,30.82,28.70,0.00,200.00,0.00,0.00,576.90,-987.83
1819,9.20,9.40,25.94,30.59,28.26,0.00,200.00,0.00,0.00,563.01,-1045.20
1820,7.56,9.40,25.23,30.34,27.79,0.00,200.00,0.00,0.00,547.67,-1113.48
1821,5.80,9.40,24.47,30.09,27.28,0.00,200.00,0.00,0.00,531.30,-1187.02
1822,4.04,9.40,23.70,29.81,26.76,0.00,200.00,0.00,0.00,514.41,-1259.81
1823,2.40,9.40,22.92,29.53,26.22,0.00,200.00,0.00,0.00,497.57,-1325.92
1824,1.25,9.40,22.22,29.23,25.73,0.00,200.00,0.00,0.00,482.46,-1367.82
1825,0.19,9.40,21.54,28.93,25.23,0.00,200.00,0.00,0.00,467.54,-1405.06
1826,-0.47,9.40,20.93,28.63,24.78,0.00,200.00,0.00,0.00,454.31,-1422.02
1827,-0.66,9.40,20.41,28.32,24.37,0.00,200.00,0.00,0.00,443.16,-1416.60
1828,-0.38,9.40,20.01,28.02,24.02,0.00,200.00,0.00,0.00,434.37,-1388.25
1829,0.36,9.40,20.00,27.74,23.87,0.00,200.00,20.25,0.00,434.16,-1338.03
1830,1.51,9.40,20.00,27.46,23.73,0.00,200.00,32.97,0.00,434.16,-1268.45
1831,3.00,9.40,20.00,27.36,23.68,476.81,200.00,23.54,0.00,434.16,-1190.84
1832,4.71,9.40,20.22,27.49,23.85,1785.56,200.00,0.00,0.00,438.85,-1113.52
1833,6.55,9.40,21.13,27.84,24.48,3255.41,200.00,0.00,0.00,458.59,-1040.76
1834,8.38,9.40,22.31,28.36,25.34,4598.18,200.00,0.00,0.00,484.40,-976.54
1835,10.09,9.40,23.66,28.99,26.33,5548.02,200.00,0.00,0.00,513.67,-923.93
1836,11.55,9.40,25.03,29.65,27.34,5933.04,200.00,0.00,0.00,543.26,-884.86
1837,12.67,9.40,26.25,30.29,28.27,5673.97,200.00,0.00,0.00,569.87,-861.39
1838,13.37,9.40,27.00,30.83,28.92,4810.16,200.00,-15.03,0.00,586.12,-853.67
1839,13.60,9.40,27.00,31.22,29.11,3528.75,200.00,-57.25,0.00,586.12,-860.88
1840,13.36,9.40,27.00,31.40,29.20,2047.59,200.00,-68.63,0.00,586.12,-881.77
1841,12.64,9.40,27.00,31.34,29.17,601.55,200.00,-48.55,0.00,586.12,-914.01
1842,11.51,9.40,27.00,31.13,29.07,0.00,200.00,-7.84,0.00,586.12,-958.89
1843,10.04,9.40,26.46,30.91,28.68,0.00,200.00,0.00,0.00,574.44,-1019.88
1844,8.33,9.40,25.75,30.67,28.21,0.00,200.00,0.00,0.00,558.91,-1092.04
1845,6.48,9.40,24.98,30.41,27.70,0.00,200.00,0.00,0.00,542.29,-1169.67
1846,4.64,9.40,24.19,30.14,27.17,0.00,200.00,0.00,0.00,525.08,-1246.72
1847,2.91,9.40,23.40,29.86,26.63,0.00,200.00,0.00,0.00,507.86,-1317.21
1848,1.67,9.40,22.68,29.57,26.12,0.00,200.00,0.00,0.00,492.34,-1363.52
1849,0.51,9.40,21.97,29.26,25.62,0.00,200.00,0.00,0.00,476.95,-1405.27
1850,-0.23,9.40,21.34,28.96,25.15,0.00,200.00,0.00,0.00,463.20,-1426.73
1851,-0.52,9.40,20.80,28.65,24.72,0.00,200.00,0.00,0.00,451.50,-1425.75
1852,-0.33,9.40,20.37,28.35,24.36,0.00,200.00,0.00,0.00,442.13,-1401.76
1853,0.32,9.40,20.05,28.06,24.05,0.00,200.00,0.00,0.00,435.22,-1355.73
1854,1.38,9.40,20.00,27.78,23.89,0.00,200.00,11.30,0.00,434.16,-1290.18
1855,2.78,9.40,20.00,27.67,23.84,473.28,200.00,3.87,0.00,434.16,-1216.47
1856,4.42,9.40,20.46,27.80,24.13,1765.49,200.00,0.00,0.00,444.08,-1142.70
1857,6.19,9.40,21.33,28.14,24.74,3227.27,200.00,0.00,0.00,463.10,-1073.14
1858,7.95,9.40,22.49,28.65,25.57,4566.32,200.00,0.00,0.00,488.19,-1011.76
1859,9.60,9.40,23.80,29.27,26.54,5510.00,200.00,0.00,0.00,516.74,-961.62
1860,11.01,9.40,25.13,29.92,27.53,5897.34,200.00,0.00,0.00,545.63,-924.65
1861,12.08,9.40,26.33,30.55,28.44,5630.28,200.00,0.00,0.00,571.54,-902.83
1862,12.74,9.40,27.00,31.08,29.04,4768.59,200.00,-18.41,0.00,586.12,-896.36
1863,12.95,9.40,27.00,31.45,29.23,3487.49,200.00,-58.59,0.00,586.12,-904.39
1864,12.69,9.40,27.00,31.62,29.31,2022.07,200.00,-68.21,0.00,586.12,-925.72
1865,11.96,9.40,27.00,31.56,29.28,596.97,200.00,-46.77,0.00,586.12,-958.07
1866,10.83,9.40,27.00,31.34,29.17,0.00,200.00,-4.79,0.00,586.12,-1002.53
1867,9.37,9.40,26.40,31.11,28.76,0.00,200.00,0.00,0.00,573.20,-1062.66
1868,7.67,9.40,25.68,30.86,28.27,0.00,200.00,0.00,0.00,557.40,-1133.51
1869,5.86,9.40,24.90,30.60,27.75,0.00,200.00,0.00,0.00,540.56,-1209.41
1870,4.05,9.40,24.10,30.32,27.21,0.00,200.00,0.00,0.00,523.21,-1284.33
1871,2.36,9.40,23.31,30.03,26.67,0.00,200.00,0.00,0.00,505.91,-1352.29
1872,1.18,9.40,22.59,29.73,26.16,0.00,200.00,0.00,0.00,490.37,-1395.67
1873,0.08,9.40,21.88,29.42,25.65,0.00,200.00,0.00,0.00,475.03,-1434.21
1874,-0.60,9.40,21.25,29.11,25.18,0.00,200.00,0.00,0.00,461.39,-1452.15
1875,-0.81,9.40,20.72,28.80,24.76,0.00,200.00,0.00,0.00,449.86,-1447.39
1876,-0.54,9.40,20.30,28.49,24.40,0.00,200.00,0.00,0.00,440.73,-1419.39
1877,0.19,9.40,20.00,28.20,24.10,0.00,200.00,0.13,0.00,434.16,-1369.18
1878,1.34,9.40,20.00,27.92,23.96,0.00,200.00,13.77,0.00,434.16,-1299.29
1879,2.83,9.40,20.00,27.81,23.91,469.28,200.00,4.83,0.00,434.16,-1221.25
1880,4.56,9.40,20.46,27.94,24.20,1745.22,200.00,0.00,0.00,444.22,-1142.97
1881,6.42,9.40,21.36,28.28,24.82,3198.93,200.00,0.00,0.00,463.70,-1068.85
1882,8.27,9.40,22.54,28.79,25.67,4534.20,200.00,0.00,0.00,489.26,-1002.92
1883,10.01,9.40,23.88,29.41,26.64,5471.74,200.00,0.00,0.00,518.32,-948.28
1884,11.51,9.40,25.23,30.06,27.65,5860.70,200.00,0.00,0.00,547.74,-906.92
1885,12.67,9.40,26.45,30.69,28.57,5586.29,200.00,0.00,0.00,574.20,-880.88
1886,13.42,9.40,27.00,31.23,29.11,4726.68,200.00,-29.16,0.00,586.12,-870.39
1887,13.71,9.40,27.00,31.60,29.30,3445.97,200.00,-71.28,0.00,586.12,-874.64
1888,13.52,9.40,27.00,31.78,29.39,1989.24,200.00,-82.96,0.00,586.12,-892.52
1889,12.87,9.40,27.00,31.73,29.36,591.61,200.00,-63.89,0.00,586.12,-921.89
1890,11.80,9.40,27.00,31.51,29.26,0.00,200.00,-24.14,0.00,586.12,-963.63
1891,10.39,9.40,26.70,31.29,29.00,0.00,200.00,0.00,0.00,579.66,-1021.41
1892,8.74,9.40,26.00,31.05,28.53,0.00,200.00,0.00,0.00,564.49,-1090.32
1893,6.97,9.40,25.26,30.80,28.03,0.00,200.00,0.00,0.00,548.26,-1164.69
1894,5.19,9.40,24.48,30.53,27.51,0.00,200.00,0.00,0.00,531.48,-1238.51
1895,3.53,9.40,23.71,30.24,26.98,0.00,200.00,0.00,0.00,514.71,-1305.82
1896,2.36,9.40,23.02,29.95,26.49,0.00,200.00,0.00,0.00,499.66,-1348.94
1897,1.26,9.40,22.33,29.66,25.99,0.00,200.00,0.00,0.00,484.76,-1387.72
1898,0.58,9.40,21.72,29.35,25.54,0.00,200.00,0.00,0.00,471.50,-1406.35
1899,0.35,9.40,21.20,29.05,25.13,0.00,200.00,0.00,0.00,460.30,-1402.73
1900,0.60,9.40,20.80,28.75,24.77,0.00,200.00,0.00,0.00,451.43,-1376.30
1901,1.30,9.40,20.50,28.47,24.48,0.00,200.00,0.00,0.00,445.03,-1328.06
1902,2.41,9.40,20.32,28.19,24.26,0.00,200.00,0.00,0.00,441.07,-1260.54
1903,3.85,9.40,20.45,28.10,24.27,464.87,200.00,0.00,0.00,443.87,-1185.35
1904,5.52,9.40,20.98,28.23,24.60,1724.75,200.00,0.00,0.00,455.37,-1110.14
1905,7.31,9.40,21.87,28.58,25.22,3170.40,200.00,0.00,0.00,474.74,-1039.37
1906,9.10,9.40,23.04,29.09,26.06,4501.82,200.00,0.00,0.00,500.12,-977.04
1907,10.76,9.40,24.36,29.71,27.04,5433.24,200.00,0.00,0.00,528.90,-926.23
1908,12.18,9.40,25.70,30.37,28.04,5818.19,200.00,0.00,0.00,557.99,-888.88
1909,13.26,9.40,26.90,31.00,28.95,5542.03,200.00,0.00,0.00,584.05,-867.01
1910,13.92,9.40,27.00,31.53,29.26,4684.44,200.00,-60.47,0.00,586.12,-860.80
1911,14.12,9.40,27.00,31.90,29.45,3404.21,200.00,-100.94,0.00,586.12,-869.42
1912,13.83,9.40,27.00,32.08,29.54,1954.96,200.00,-110.90,0.00,586.12,-891.73
1913,13.09,9.40,27.00,32.03,29.51,585.53,200.00,-90.26,0.00,586.12,-925.66
1914,11.93,9.40,27.00,31.81,29.40,0.00,200.00,-48.75,0.00,586.12,-971.84
1915,10.43,9.40,27.00,31.58,29.29,0.00,200.00,-1.26,0.00,586.12,-1033.98
1916,8.69,9.40,26.29,31.34,28.82,0.00,200.00,0.00,0.00,570.73,-1107.08
1917,6.83,9.40,25.52,31.08,28.30,0.00,200.00,0.00,0.00,553.89,-1185.46
1918,4.97,9.40,24.71,30.81,27.76,0.00,200.00,0.00,0.00,536.49,-1263.07
1919,3.23,9.40,23.91,30.52,27.22,0.00,200.00,0.00,0.00,519.08,-1333.89
1920,1.99,9.40,23.19,30.22,26.71,0.00,200.00,0.00,0.00,503.41,-1380.18
1921,0.83,9.40,22.47,29.92,26.20,0.00,200.00,0.00,0.00,487.87,-1421.85
1922,0.08,9.40,21.84,29.61,25.72,0.00,200.00,0.00,0.00,474.00,-1443.00
1923,-0.19,9.40,21.29,29.30,25.29,0.00,200.00,0.00,0.00,462.20,-1441.52
1924,0.01,9.40,20.86,28.99,24.92,0.00,200.00,0.00,0.00,452.76,-1416.81
1925,0.67,9.40,20.54,28.70,24.62,0.00,200.00,0.00,0.00,445.81,-1369.87
1926,1.75,9.40,20.35,28.41,24.38,0.00,200.00,0.00,0.00,441.67,-1303.21
1927,3.18,9.40,20.45,28.31,24.38,460.12,200.00,0.00,0.00,444.03,-1228.53
1928,4.84,9.40,20.96,28.44,24.70,1704.12,200.00,0.00,0.00,455.06,-1153.27
1929,6.64,9.40,21.83,28.77,25.30,3141.69,200.00,0.00,0.00,473.99,-1081.95
1930,8.44,9.40,22.99,29.27,26.13,4469.20,200.00,0.00,0.00,498.97,-1018.61
1931,10.12,9.40,24.30,29.89,27.09,5394.52,200.00,0.00,0.00,527.41,-966.32
1932,11.56,9.40,25.62,30.53,28.08,5775.48,200.00,0.00,0.00,556.19,-927.07
1933,12.68,9.40,26.81,31.15,28.98,5497.52,200.00,0.00,0.00,582.01,-902.87
1934,13.38,9.40,27.00,31.67,29.34,4641.92,200.00,-53.11,0.00,586.12,-893.97
1935,13.63,9.40,27.00,32.04,29.52,3362.26,200.00,-93.25,0.00,586.12,-899.55
1936,13.41,9.40,27.00,32.20,29.60,1920.52,200.00,-103.20,0.00,586.12,-918.55
1937,12.73,9.40,27.00,32.15,29.57,577.03,200.00,-83.04,0.00,586.12,-948.99
1938,11.65,9.40,27.00,31.95,29.48,86.00,200.00,-44.18,0.00,586.12,-992.47
1939,10.23,9.40,26.97,31.72,29.34,0.00,200.00,0.00,0.00,585.36,-1050.57
1940,8.57,9.40,26.25,31.48,28.86,0.00,200.00,0.00,0.00,569.91,-1119.46
1941,6.80,9.40,25.49,31.22,28.35,0.00,200.00,0.00,0.00,553.43,-1193.49
1942,5.03,9.40,24.71,30.94,27.83,0.00,200.00,0.00,0.00,536.43,-1266.64
1943,3.38,9.40,23.93,30.65,27.29,0.00,200.00,0.00,0.00,519.49,-1332.97
1944,2.23,9.40,23.23,30.36,26.79,0.00,200.00,0.00,0.00,504.32,-1374.72
1945,1.17,9.40,22.54,30.05,26.30,0.00,200.00,0.00,0.00,489.34,-1411.92
1946,0.52,9.40,21.93,29.75,25.84,0.00,200.00,0.00,0.00,476.04,-1428.70
1947,0.33,9.40,21.41,29.44,25.43,0.00,200.00,0.00,0.00,464.85,-1422.97
1948,0.62,9.40,21.01,29.14,25.07,0.00,200.00,0.00,0.00,456.04,-1394.19
1949,1.37,9.40,20.72,28.85,24.78,0.00,200.00,0.00,0.00,449.74,-1343.38
1950,2.53,9.40,20.56,28.57,24.57,0.00,200.00,0.00,0.00,446.26,-1273.11
1951,4.02,9.40,20.70,28.48,24.59,455.07,200.00,0.00,0.00,449.32,-1195.20
1952,5.76,9.40,21.24,28.61,24.92,1683.34,200.00,0.00,0.00,460.99,-1116.92
1953,7.62,9.40,22.14,28.95,25.54,3112.81,200.00,0.00,0.00,480.51,-1042.88
1954,9.47,9.40,23.31,29.46,26.39,4436.36,200.00,0.00,0.00,506.06,-977.18
1955,11.20,9.40,24.65,30.08,27.36,5355.60,200.00,0.00,0.00,535.03,-922.90
1956,12.68,9.40,26.00,30.73,28.36,5732.57,200.00,0.00,0.00,564.31,-882.06
1957,13.83,9.40,27.00,31.35,29.18,5452.79,200.00,-14.86,0.00,586.12,-856.70
1958,14.55,9.40,27.00,31.88,29.44,4599.13,200.00,-83.06,0.00,586.12,-847.08
1959,14.82,9.40,27.00,32.26,29.63,3320.13,200.00,-124.48,0.00,586.12,-852.40
1960,14.60,9.40,27.00,32.43,29.71,1885.99,200.00,-135.63,0.00,586.12,-871.62
1961,13.91,9.40,27.00,32.38,29.69,563.83,200.00,-116.75,0.00,586.12,-902.86
1962,12.81,9.40,27.00,32.20,29.60,84.91,200.00,-78.97,0.00,586.12,-947.53
1963,11.37,9.40,27.00,31.97,29.49,0.00,200.00,-33.15,0.00,586.12,-1007.25
1964,9.68,9.40,26.76,31.74,29.25,0.00,200.00,0.00,0.00,580.81,-1078.20
1965,7.86,9.40,26.00,31.48,28.74,0.00,200.00,0.00,0.00,564.46,-1154.67
1966,6.04,9.40,25.22,31.22,28.22,0.00,200.00,0.00,0.00,547.53,-1230.64
1967,4.34,9.40,24.44,30.93,27.69,0.00,200.00,0.00,0.00,530.59,-1300.12
1968,3.12,9.40,23.74,30.64,27.19,0.00,200.00,0.00,0.00,515.36,-1345.29
1969,1.99,9.40,23.04,30.35,26.69,0.00,200.00,0.00,0.00,500.24,-1386.22
1970,1.26,9.40,22.42,30.04,26.23,0.00,200.00,0.00,0.00,486.75,-1406.97
1971,0.99,9.40,21.90,29.74,25.82,0.00,200.00,0.00,0.00,475.31,-1405.41
1972,1.19,9.40,21.47,29.44,25.46,0.00,200.00,0.00,0.00,466.18,-1380.94
1973,1.85,9.40,21.17,29.15,25.16,0.00,200.00,0.00,0.00,459.50,-1334.58
1974,2.92,9.40,20.99,28.88,24.93,0.00,200.00,0.00,0.00,455.61,-1268.81
1975,4.33,9.40,21.11,28.78,24.95,449.78,200.00,0.00,0.00,458.23,-1195.50
1976,5.97,9.40,21.62,28.92,25.27,1662.44,200.00,0.00,0.00,469.36,-1121.70
1977,7.73,9.40,22.49,29.25,25.87,3083.78,200.00,0.00,0.00,488.27,-1052.03
1978,9.49,9.40,23.64,29.76,26.70,4403.29,200.00,0.00,0.00,513.17,-990.57
1979,11.13,9.40,24.94,30.37,27.66,5316.49,200.00,0.00,0.00,541.44,-940.35
1980,12.53,9.40,26.26,31.01,28.63,5689.49,200.00,0.00,0.00,570.00,-903.35
1981,13.59,9.40,27.00,31.63,29.32,5407.85,200.00,-31.35,0.00,586.12,-881.60
1982,14.25,9.40,27.00,32.15,29.58,4556.10,200.00,-96.82,0.00,586.12,-875.22
1983,14.44,9.40,27.00,32.51,29.76,3277.88,200.00,-135.80,0.00,586.12,-883.57
1984,14.15,9.40,27.00,32.68,29.84,1851.41,200.00,-144.63,0.00,586.12,-905.53
1985,13.41,9.40,27.00,32.63,29.81,550.37,200.00,-123.71,0.00,586.12,-939.27
1986,12.26,9.40,27.00,32.43,29.71,83.00,200.00,-83.97,0.00,586.12,-986.01
1987,10.77,9.40,27.00,32.20,29.60,0.00,200.00,-36.29,0.00,586.12,-1047.39
1988,9.05,9.40,26.77,31.95,29.36,0.00,200.00,0.00,0.00,581.23,-1119.57
1989,7.21,9.40,26.00,31.69,28.85,0.00,200.00,0.00,0.00,564.38,-1196.83
1990,5.37,9.40,25.20,31.42,28.31,0.00,200.00,0.00,0.00,547.01,-1273.15
1991,3.66,9.40,24.40,31.12,27.76,0.00,200.00,0.00,0.00,529.66,-1342.52
1992,2.45,9.40,23.68,30.83,27.25,0.00,200.00,0.00,0.00,514.08,-1387.10
1993,1.32,9.40,22.97,30.52,26.74,0.00,200.00,0.00,0.00,498.66,-1427.04
1994,0.62,9.40,22.34,30.21,26.27,0.00,200.00,0.00,0.00,484.94,-1446.35
1995,0.38,9.40,21.80,29.90,25.85,0.00,200.00,0.00,0.00,473.31,-1442.94
1996,0.62,9.40,21.38,29.59,25.48,0.00,200.00,0.00,0.00,464.07,-1416.22
1997,1.33,9.40,21.07,29.30,25.18,0.00,200.00,0.00,0.00,457.34,-1367.22
1998,2.45,9.40,20.90,29.04,24.97,84.50,200.00,0.00,0.00,453.67,-1299.55
1999,3.92,9.40,21.02,28.94,24.98,444.30,200.00,0.00,0.00,456.39,-1223.00
2000,5.63,9.40,21.54,29.06,25.30,1641.43,200.00,0.00,0.00,467.62,-1145.58
2001,7.47,9.40,22.42,29.40,25.91,3054.61,200.00,0.00,0.00,486.67,-1071.99
2002,9.31,9.40,23.57,29.90,26.74,4370.02,200.00,0.00,0.00,511.76,-1006.36
2003,11.03,9.40,24.89,30.50,27.70,5277.20,200.00,0.00,0.00,540.26,-951.79
2004,12.52,9.40,26.22,31.14,28.68,5646.27,200.00,0.00,0.00,569.10,-910.29
2005,13.67,9.40,27.00,31.76,29.38,5362.72,200.00,-29.45,0.00,586.12,-883.95
2006,14.42,9.40,27.00,32.27,29.64,4512.86,200.00,-96.19,0.00,586.12,-872.93
2007,14.70,9.40,27.00,32.63,29.82,3235.52,200.00,-136.62,0.00,586.12,-876.67
2008,14.51,9.40,27.00,32.80,29.90,1816.82,200.00,-147.13,0.00,586.12,-894.10
2009,13.86,9.40,27.00,32.75,29.88,536.75,200.00,-128.23,0.00,586.12,-923.51
2010,12.80,9.40,27.00,32.56,29.78,81.30,200.00,-90.62,0.00,586.12,-966.04
2011,11.40,9.40,27.00,32.33,29.67,0.00,200.00,-45.14,0.00,586.12,-1023.38
2012,9.76,9.40,26.93,32.09,29.51,0.00,200.00,0.00,0.00,584.56,-1091.74
2013,7.99,9.40,26.18,31.84,29.01,0.00,200.00,0.00,0.00,568.40,-1165.45
2014,6.23,9.40,25.41,31.57,28.49,0.00,200.00,0.00,0.00,551.71,-1238.49
2015,4.59,9.40,24.65,31.29,27.97,0.00,200.00,0.00,0.00,535.04,-1304.93
2016,3.44,9.40,23.96,30.99,27.48,0.00,200.00,0.00,0.00,520.13,-1346.89
2017,2.37,9.40,23.28,30.70,26.99,0.00,200.00,0.00,0.00,505.36,-1384.62
2018,1.71,9.40,22.68,30.39,26.53,0.00,200.00,0.00,0.00,492.26,-1402.13
2019,1.50,9.40,22.17,30.09,26.13,0.00,200.00,0.00,0.00,481.22,-1397.34
2020,1.77,9.40,21.77,29.80,25.78,0.00,200.00,0.00,0.00,472.54,-1369.67
2021,2.50,9.40,21.48,29.51,25.50,0.00,200.00,0.00,0.00,466.33,-1320.18
2022,3.64,9.40,21.33,29.26,25.30,84.93,200.00,0.00,0.00,463.14,-1252.47
2023,5.11,9.40,21.48,29.17,25.33,438.67,200.00,0.00,0.00,466.32,-1176.40
2024,6.81,9.40,22.01,29.31,25.66,1620.33,200.00,0.00,0.00,477.88,-1099.79
2025,8.63,9.40,22.90,29.65,26.28,3025.31,200.00,0.00,0.00,497.18,-1027.42
2026,10.44,9.40,24.07,30.15,27.11,4336.55,200.00,0.00,0.00,522.45,-963.41
2027,12.13,9.40,25.38,30.77,28.08,5237.77,200.00,0.00,0.00,551.05,-910.84
2028,13.58,9.40,26.71,31.41,29.06,5602.90,200.00,0.00,0.00,579.92,-871.71
2029,14.68,9.40,27.00,32.03,29.51,5317.45,200.00,-65.33,0.00,586.12,-848.08
2030,15.36,9.40,27.00,32.55,29.77,4469.43,200.00,-131.74,0.00,586.12,-840.12
2031,15.58,9.40,27.00,32.91,29.96,3193.11,200.00,-171.62,0.00,586.12,-847.23
2032,15.32,9.40,27.00,33.08,30.04,1782.27,200.00,-181.46,0.00,586.12,-868.33
2033,14.59,9.40,27.00,33.04,30.02,523.05,200.00,-161.92,0.00,586.12,-901.76
2034,13.44,9.40,27.00,32.85,29.92,79.80,200.00,-123.49,0.00,586.12,-948.47
2035,11.96,9.40,27.00,32.62,29.81,0.00,200.00,-76.99,0.00,586.12,-1010.15
2036,10.23,9.40,27.00,32.38,29.69,0.00,200.00,-25.45,0.00,586.12,-1082.95
2037,8.37,9.40,26.59,32.13,29.36,0.00,200.00,0.00,0.00,577.18,-1161.17
2038,6.52,9.40,25.80,31.86,28.83,0.00,200.00,0.00,0.00,560.03,-1238.75
2039,4.78,9.40,25.01,31.58,28.29,0.00,200.00,0.00,0.00,542.86,-1309.68
2040,3.54,9.40,24.30,31.28,27.79,0.00,200.00,0.00,0.00,527.41,-1356.04
2041,2.38,9.40,23.59,30.98,27.28,0.00,200.00,0.00,0.00,512.07,-1398.09
2042,1.63,9.40,22.96,30.67,26.82,0.00,200.00,0.00,0.00,498.37,-1419.75
2043,1.34,9.40,22.42,30.37,26.40,0.00,200.00,0.00,0.00,486.72,-1418.89
2044,1.53,9.40,21.99,30.07,26.03,0.00,200.00,0.00,0.00,477.40,-1394.93
2045,2.18,9.40,21.68,29.78,25.73,0.00,200.00,0.00,0.00,470.56,-1348.86
2046,3.25,9.40,21.50,29.52,25.51,85.46,200.00,0.00,0.00,466.74,-1284.28
2047,4.65,9.40,21.62,29.43,25.52,432.94,200.00,0.00,0.00,469.31,-1211.05
2048,6.30,9.40,22.12,29.55,25.84,1599.15,200.00,0.00,0.00,480.23,-1136.81
2049,8.07,9.40,22.98,29.88,26.43,2995.90,200.00,0.00,0.00,498.88,-1066.37
2050,9.84,9.40,24.12,30.38,27.25,4302.91,200.00,0.00,0.00,523.50,-1003.85
2051,11.50,9.40,25.40,30.98,28.19,5198.19,200.00,0.00,0.00,551.48,-952.32
2052,12.92,9.40,26.71,31.61,29.16,5559.43,200.00,0.00,0.00,579.75,-913.77
2053,14.01,9.40,27.00,32.22,29.61,5272.03,200.00,-62.91,0.00,586.12,-890.28
2054,14.69,9.40,27.00,32.73,29.86,4425.85,200.00,-127.63,0.00,586.12,-882.00
2055,14.91,9.40,27.00,33.08,30.04,3150.66,200.00,-166.03,0.00,586.12,-888.35
2056,14.66,9.40,27.00,33.24,30.12,1747.81,200.00,-174.66,0.00,586.12,-908.30
2057,13.95,9.40,27.00,33.19,30.09,509.38,200.00,-154.35,0.00,586.12,-940.26
2058,12.84,9.40,27.00,32.99,30.00,78.46,200.00,-115.39,0.00,586.12,-985.06
2059,11.39,9.40,27.00,32.76,29.88,0.00,200.00,-68.58,0.00,586.12,-1044.43
2060,9.71,9.40,27.00,32.52,29.76,0.00,200.00,-16.94,0.00,586.12,-1114.55
2061,7.92,9.40,26.47,32.26,29.36,0.00,200.00,0.00,0.00,574.67,-1189.74
2062,6.12,9.40,25.69,31.98,28.83,0.00,200.00,0.00,0.00,557.61,-1263.96
2063,4.46,9.40,24.90,31.69,28.30,0.00,200.00,0.00,0.00,540.60,-1331.27
2064,3.29,9.40,24.20,31.40,27.80,0.00,200.00,0.00,0.00,525.38,-1373.73
2065,2.21,9.40,23.51,31.09,27.30,0.00,200.00,0.00,0.00,510.33,-1411.68
2066,1.55,9.40,22.89,30.78,26.84,0.00,200.00,0.00,0.00,496.98,-1429.09
2067,1.35,9.40,22.38,30.48,26.43,0.00,200.00,0.00,0.00,485.73,-1423.87
2068,1.63,9.40,21.97,30.17,26.07,0.00,200.00,0.00,0.00,476.86,-1395.46
2069,2.37,9.40,21.67,29.88,25.78,0.00,200.00,0.00,0.00,470.52,-1344.89
2070,3.53,9.40,21.52,29.63,25.58,86.08,200.00,0.00,0.00,467.24,-1275.85
2071,5.02,9.40,21.67,29.54,25.60,427.15,200.00,0.00,0.00,470.42,-1198.26
2072,6.76,9.40,22.20,29.67,25.93,1577.93,200.00,0.00,0.00,481.91,-1119.68
2073,8.62,9.40,23.09,30.00,26.54,2966.38,200.00,0.00,0.00,501.14,-1044.98
2074,10.49,9.40,24.25,30.50,27.37,4269.09,200.00,0.00,0.00,526.34,-978.37
2075,12.22,9.40,25.56,31.11,28.33,5158.48,200.00,0.00,0.00,554.90,-922.95
2076,13.72,9.40,26.89,31.74,29.32,5515.87,200.00,0.00,0.00,583.75,-880.76
2077,14.88,9.40,27.00,32.35,29.68,5226.51,200.00,-78.18,0.00,586.12,-853.91
2078,15.63,9.40,27.00,32.87,29.93,4382.13,200.00,-144.82,0.00,586.12,-842.61
2079,15.91,9.40,27.00,33.22,30.11,3108.21,200.00,-185.14,0.00,586.12,-846.31
2080,15.71,9.40,27.00,33.39,30.19,1713.48,200.00,-195.71,0.00,586.12,-864.02
2081,15.05,9.40,27.00,33.35,30.17,495.81,200.00,-177.49,0.00,586.12,-894.27
2082,13.97,9.40,27.00,33.16,30.08,77.27,200.00,-140.57,0.00,586.12,-937.77
2083,12.55,9.40,27.00,32.94,29.97,0.00,200.00,-95.65,0.00,586.12,-996.27
2084,10.89,9.40,27.00,32.70,29.85,0.00,200.00,-45.76,0.00,586.12,-1065.97
2085,9.10,9.40,26.89,32.45,29.67,0.00,200.00,0.00,0.00,583.80,-1141.20
2086,7.31,9.40,26.13,32.19,29.16,0.00,200.00,0.00,0.00,567.16,-1215.91
2087,5.63,9.40,25.36,31.91,28.63,0.00,200.00,0.00,0.00,550.53,-1284.15
2088,4.45,9.40,24.67,31.62,28.15,0.00,200.00,0.00,0.00,535.62,-1327.96
2089,3.34,9.40,23.99,31.32,27.66,0.00,200.00,0.00,0.00,520.81,-1367.72
2090,2.64,9.40,23.39,31.02,27.20,0.00,200.00,0.00,0.00,507.64,-1387.33
2091,2.40,9.40,22.87,30.72,26.80,0.00,200.00,0.00,0.00,496.51,-1384.69
2092,2.62,9.40,22.47,30.43,26.45,0.00,200.00,0.00,0.00,487.70,-1359.22
2093,3.30,9.40,22.17,30.14,26.16,0.00,200.00,0.00,0.00,481.34,-1311.93
2094,4.40,9.40,22.02,29.90,25.96,86.76,200.00,0.00,0.00,477.99,-1246.46
2095,5.82,9.40,22.16,29.81,25.99,421.34,200.00,0.00,0.00,481.07,-1172.81
2096,7.48,9.40,22.68,29.95,26.31,1556.67,200.00,0.00,0.00,492.34,-1098.31
2097,9.26,9.40,23.55,30.29,26.92,2936.78,200.00,0.00,0.00,511.26,-1027.83
2098,11.03,9.40,24.70,30.79,27.74,4235.12,200.00,0.00,0.00,536.08,-965.57
2099,12.68,9.40,25.99,31.39,28.69,5118.67,200.00,0.00,0.00,564.20,-914.56
2100,14.09,9.40,27.00,32.03,29.51,5472.24,200.00,-21.39,0.00,586.12,-876.81
2101,15.15,9.40,27.00,32.63,29.82,5180.89,200.00,-105.58,0.00,586.12,-854.41
2102,15.81,9.40,27.00,33.15,30.07,4338.30,200.00,-170.26,0.00,586.12,-847.53
2103,16.00,9.40,27.00,33.50,30.25,3065.79,200.00,-208.51,0.00,586.12,-855.57
2104,15.71,9.40,27.00,33.66,30.33,1679.32,200.00,-217.01,0.00,586.12,-877.54
2105,14.96,9.40,27.00,33.62,30.31,482.42,200.00,-196.84,0.00,586.12,-911.96
2106,13.80,9.40,27.00,33.42,30.21,76.22,200.00,-157.87,0.00,586.12,-959.38
2107,12.30,9.40,27.00,33.20,30.10,0.00,200.00,-110.86,0.00,586.12,-1021.53
2108,10.56,9.40,27.00,32.95,29.98,0.00,200.00,-58.87,0.00,586.12,-1094.60
2109,8.70,9.40,27.00,32.70,29.85,0.00,200.00,-3.29,0.00,586.12,-1172.89
2110,6.85,9.40,26.25,32.43,29.34,0.00,200.00,0.00,0.00,569.85,-1250.32
2111,5.12,9.40,25.46,32.14,28.80,0.00,200.00,0.00,0.00,552.61,-1320.90
2112,3.88,9.40,24.74,31.84,28.29,0.00,200.00,0.00,0.00,537.12,-1366.64
2113,2.74,9.40,24.04,31.54,27.79,0.00,200.00,0.00,0.00,521.75,-1407.92
2114,2.00,9.40,23.40,31.23,27.32,0.00,200.00,0.00,0.00,508.06,-1428.62
2115,1.74,9.40,22.87,30.92,26.90,0.00,200.00,0.00,0.00,496.44,-1426.62
2116,1.95,9.40,22.44,30.62,26.53,0.00,200.00,0.00,0.00,487.19,-1401.35
2117,2.63,9.40,22.13,30.33,26.23,0.00,200.00,0.00,0.00,480.44,-1353.81
2118,3.73,9.40,21.96,30.07,26.02,87.51,200.00,0.00,0.00,476.75,-1287.66
2119,5.17,9.40,22.09,29.98,26.04,415.55,200.00,0.00,0.00,479.58,-1212.97
2120,6.85,9.40,22.60,30.11,26.35,1535.39,200.00,0.00,0.00,490.61,-1136.92
2121,8.66,9.40,23.46,30.44,26.95,2907.09,200.00,0.00,0.00,509.32,-1064.45
2122,10.48,9.40,24.60,30.93,27.76,4199.39,200.00,0.00,0.00,533.98,-999.76
2123,12.18,9.40,25.89,31.53,28.71,5078.77,200.00,0.00,0.00,561.99,-945.95
2124,13.64,9.40,27.00,32.16,29.58,5428.55,200.00,-13.86,0.00,586.12,-905.04
2125,14.77,9.40,27.00,32.76,29.88,5135.21,200.00,-98.09,0.00,586.12,-879.16
2126,15.49,9.40,27.00,33.26,30.13,4294.40,200.00,-163.05,0.00,586.12,-868.54
2127,15.76,9.40,27.00,33.61,30.31,3023.44,200.00,-201.82,0.00,586.12,-872.61
2128,15.55,9.40,27.00,33.77,30.39,1645.36,200.00,-211.13,0.00,586.12,-890.44
2129,14.89,9.40,27.00,33.73,30.36,469.29,200.00,-192.18,0.00,586.12,-920.66
2130,13.82,9.40,27.00,33.53,30.27,75.28,200.00,-154.56,0.00,586.12,-963.69
2131,12.41,9.40,27.00,33.30,30.15,0.00,200.00,-109.08,0.00,586.12,-1021.38
2132,10.77,9.40,27.00,33.06,30.03,0.00,200.00,-58.77,0.00,586.12,-1089.96
2133,9.00,9.40,27.00,32.81,29.90,0.00,200.00,-5.02,0.00,586.12,-1163.78
2134,7.24,9.40,26.30,32.54,29.42,0.00,200.00,0.00,0.00,570.95,-1236.80
2135,5.60,9.40,25.54,32.26,28.90,0.00,200.00,0.00,0.00,554.32,-1303.08
2136,4.46,9.40,24.85,31.96,28.41,0.00,200.00,0.00,0.00,539.47,-1344.65
2137,3.39,9.40,24.17,31.67,27.92,0.00,200.00,0.00,0.00,524.77,-1381.97
2138,2.74,9.40,23.57,31.36,27.47,0.00,200.00,0.00,0.00,511.74,-1398.94
2139,2.55,9.40,23.07,31.06,27.07,0.00,200.00,0.00,0.00,500.80,-1393.49
2140,2.84,9.40,22.67,30.77,26.72,0.00,200.00,0.00,0.00,492.23,-1365.07
2141,3.58,9.40,22.39,30.48,26.44,0.00,200.00,0.00,0.00,486.14,-1314.70
2142,4.74,9.40,22.25,30.23,26.24,84.96,200.00,0.00,0.00,483.11,-1246.10
2143,6.23,9.40,22.42,30.16,26.29,409.82,200.00,0.00,0.00,486.62,-1169.45
2144,7.96,9.40,22.95,30.29,26.62,1514.11,200.00,0.00,0.00,498.25,-1091.77
2145,9.80,9.40,23.84,30.63,27.23,2877.34,200.00,0.00,0.00,517.50,-1018.05
2146,11.64,9.40,25.00,31.13,28.06,4158.62,200.00,0.00,0.00,542.63,-952.51
2147,13.36,9.40,26.31,31.74,29.02,5038.80,200.00,0.00,0.00,571.08,-898.30
2148,14.83,9.40,27.00,32.37,29.69,5384.84,200.00,-45.40,0.00,586.12,-857.41
2149,15.96,9.40,27.00,32.98,29.99,5089.49,200.00,-130.71,0.00,586.12,-832.00
2150,16.67,9.40,27.00,33.49,30.25,4250.43,200.00,-196.59,0.00,586.12,-822.29
2151,16.92,9.40,27.00,33.85,30.43,2981.18,200.00,-236.12,0.00,586.12,-827.72
2152,16.68,9.40,27.00,34.02,30.51,1611.66,200.00,-246.07,0.00,586.12,-847.36
2153,15.98,9.40,27.00,33.98,30.49,456.48,200.00,-227.75,0.00,586.12,-879.88
2154,14.86,9.40,27.00,33.79,30.40,74.45,200.00,-190.50,0.00,586.12,-925.54
2155,13.40,9.40,27.00,33.57,30.29,0.00,200.00,-145.15,0.00,586.12,-986.21
2156,11.69,9.40,27.00,33.34,30.17,0.00,200.00,-94.75,0.00,586.12,-1058.09
2157,9.86,9.40,27.00,33.09,30.04,0.00,200.00,-40.68,0.00,586.12,-1135.50
2158,8.02,9.40,26.79,32.82,29.81,0.00,200.00,0.00,0.00,581.50,-1212.38
2159,6.30,9.40,26.01,32.54,29.28,0.00,200.00,0.00,0.00,564.65,-1282.74
2160,5.08,9.40,25.31,32.26,28.78,0.00,200.00,0.00,0.00,549.52,-1328.56
2161,3.93,9.40,24.62,31.96,28.29,0.00,200.00,0.00,0.00,534.48,-1370.27
2162,3.19,9.40,24.00,31.66,27.83,0.00,200.00,0.00,0.00,521.06,-1391.72
2163,2.90,9.40,23.48,31.36,27.42,0.00,200.00,0.00,0.00,509.68,-1390.80
2164,3.10,9.40,23.06,31.06,27.06,0.00,200.00,0.00,0.00,500.61,-1366.90
2165,3.75,9.40,22.76,30.77,26.77,0.00,200.00,0.00,0.00,494.00,-1321.02
2166,4.81,9.40,22.59,30.52,26.56,82.02,200.00,0.00,0.00,490.40,-1256.80
2167,6.21,9.40,22.73,30.44,26.58,404.17,200.00,0.00,0.00,493.32,-1184.42
2168,7.85,9.40,23.23,30.57,26.90,1492.84,200.00,0.00,0.00,504.28,-1110.72
2169,9.61,9.40,24.08,30.90,27.49,2847.54,200.00,0.00,0.00,522.81,-1040.72
2170,11.37,9.40,25.21,31.40,28.30,4117.87,200.00,0.00,0.00,547.19,-978.61
2171,13.02,9.40,26.48,31.99,29.24,4998.76,200.00,0.00,0.00,574.87,-927.53
2172,14.42,9.40,27.00,32.61,29.81,5341.11,200.00,-55.49,0.00,586.12,-889.42
2173,15.49,9.40,27.00,33.21,30.11,5043.75,200.00,-138.26,0.00,586.12,-866.43
2174,16.14,9.40,27.00,33.71,30.36,4200.58,200.00,-201.62,0.00,586.12,-858.76
2175,16.34,9.40,27.00,34.06,30.53,2939.04,200.00,-238.78,0.00,586.12,-865.84
2176,16.07,9.40,27.00,34.21,30.61,1578.23,200.00,-246.57,0.00,586.12,-886.77
2177,15.34,9.40,27.00,34.17,30.58,444.07,200.00,-226.45,0.00,586.12,-920.27
2178,14.20,9.40,27.00,33.97,30.49,73.72,200.00,-187.69,0.00,586.12,-966.52
2179,12.73,9.40,27.00,33.74,30.37,0.00,200.00,-140.98,0.00,586.12,-1027.32
2180,11.02,9.40,27.00,33.50,30.25,0.00,200.00,-89.38,0.00,586.12,-1098.89
2181,9.19,9.40,27.00,33.24,30.12,0.00,200.00,-34.29,0.00,586.12,-1175.53
2182,7.37,9.40,26.69,32.97,29.83,0.00,200.00,0.00,0.00,579.33,-1251.21
2183,5.68,9.40,25.90,32.68,29.29,0.00,200.00,0.00,0.00,562.29,-1319.93
2184,4.49,9.40,25.20,32.39,28.79,0.00,200.00,0.00,0.00,547.03,-1363.71
2185,3.38,9.40,24.50,32.08,28.29,0.00,200.00,0.00,0.00,531.91,-1402.98
2186,2.69,9.40,23.88,31.77,27.83,0.00,200.00,0.00,0.00,518.49,-1421.64
2187,2.47,9.40,23.36,31.47,27.42,0.00,200.00,0.00,0.00,507.17,-1417.57
2188,2.73,9.40,22.95,31.17,27.06,0.00,200.00,0.00,0.00,498.23,-1390.23
2189,3.45,9.40,22.66,30.88,26.77,0.00,200.00,0.00,0.00,491.80,-1340.64
2190,4.59,9.40,22.50,30.62,26.56,79.58,200.00,0.00,0.00,488.44,-1272.48
2191,6.07,9.40,22.65,30.54,26.60,398.64,200.00,0.00,0.00,491.69,-1196.02
2192,7.80,9.40,23.17,30.67,26.92,1471.60,200.00,0.00,0.00,502.97,-1117.99
2193,9.65,9.40,24.04,30.99,27.52,2817.70,200.00,0.00,0.00,521.78,-1043.41
2194,11.50,9.40,25.18,31.48,28.33,4077.13,200.00,0.00,0.00,546.53,-976.71
2195,13.24,9.40,26.47,32.08,29.27,4958.68,200.00,0.00,0.00,574.64,-921.01
2196,14.73,9.40,27.00,32.70,29.85,5297.39,200.00,-56.25,0.00,586.12,-878.30
2197,15.89,9.40,27.00,33.30,30.15,4998.01,200.00,-140.66,0.00,586.12,-850.78
2198,16.64,9.40,27.00,33.80,30.40,4149.00,200.00,-205.70,0.00,586.12,-838.66
2199,16.93,9.40,27.00,34.15,30.57,2897.05,200.00,-244.72,0.00,586.12,-841.49
2200,16.74,9.40,27.00,34.30,30.65,1545.12,200.00,-254.52,0.00,586.12,-858.41
2201,16.09,9.40,27.00,34.26,30.63,432.11,200.00,-236.69,0.00,586.12,-888.24
2202,15.03,9.40,27.00,34.08,30.54,73.08,200.00,-200.30,0.00,586.12,-931.10
2203,13.62,9.40,27.00,33.85,30.43,0.00,200.00,-155.93,0.00,586.12,-988.81
2204,11.98,9.40,27.00,33.62,30.31,0.00,200.00,-106.64,0.00,586.12,-1057.62
2205,10.21,9.40,27.00,33.37,30.18,0.00,200.00,-53.80,0.00,586.12,-1131.89
2206,8.44,9.40,26.99,33.11,30.05,0.00,200.00,0.00,0.00,585.85,-1205.58
2207,6.79,9.40,26.23,32.83,29.53,0.00,200.00,0.00,0.00,569.43,-1272.74
2208,5.63,9.40,25.56,32.54,29.05,0.00,200.00,0.00,0.00,554.76,-1315.37
2209,4.55,9.40,24.88,32.25,28.57,0.00,200.00,0.00,0.00,540.20,-1353.95
2210,3.88,9.40,24.29,31.95,28.12,0.00,200.00,0.00,0.00,527.29,-1372.35
2211,3.66,9.40,23.79,31.65,27.72,0.00,200.00,0.00,0.00,516.43,-1368.49
2212,3.91,9.40,23.40,31.36,27.38,0.00,200.00,0.00,0.00,507.89,-1341.80
2213,4.62,9.40,23.12,31.08,27.10,0.00,200.00,0.00,0.00,501.81,-1293.30
2214,5.74,9.40,22.98,30.84,26.91,77.55,200.00,0.00,0.00,498.75,-1226.67
2215,7.19,9.40,23.14,30.77,26.95,393.26,200.00,0.00,0.00,502.25,-1152.19
2216,8.88,9.40,23.66,30.90,27.28,1450.41,200.00,0.00,0.00,513.65,-1076.46
2217,10.68,9.40,24.53,31.23,27.88,2787.84,200.00,0.00,0.00,532.50,-1004.51
2218,12.48,9.40,25.67,31.73,28.70,4036.44,200.00,0.00,0.00,557.19,-940.74
2219,14.15,9.40,26.96,32.32,29.64,4918.57,200.00,0.00,0.00,585.17,-888.30
2220,15.58,9.40,27.00,32.95,29.97,5253.70,200.00,-90.66,0.00,586.12,-849.09
2221,16.66,9.40,27.00,33.55,30.27,4952.29,200.00,-174.16,0.00,586.12,-825.31
2222,17.33,9.40,27.00,34.05,30.52,4097.63,200.00,-238.05,0.00,586.12,-817.13
2223,17.54,9.40,27.00,34.40,30.70,2855.24,200.00,-275.81,0.00,586.12,-824.10
2224,17.26,9.40,27.00,34.55,30.78,1512.37,200.00,-284.26,0.00,586.12,-845.33
2225,16.52,9.40,27.00,34.51,30.76,420.66,200.00,-265.14,0.00,586.12,-879.65
2226,15.36,9.40,27.00,34.33,30.66,72.51,200.00,-227.34,0.00,586.12,-927.06
2227,13.87,9.40,27.00,34.11,30.55,0.00,200.00,-181.41,0.00,586.12,-989.30
2228,12.13,9.40,27.00,33.87,30.43,0.00,200.00,-130.42,0.00,586.12,-1062.59
2229,10.27,9.40,27.00,33.62,30.31,0.00,200.00,-75.77,0.00,586.12,-1141.23
2230,8.41,9.40,27.00,33.35,30.18,0.00,200.00,-19.17,0.00,586.12,-1219.18
2231,6.67,9.40,26.48,33.07,29.78,0.00,200.00,0.00,0.00,574.86,-1290.41
2232,5.43,9.40,25.78,32.78,29.28,0.00,200.00,0.00,0.00,559.58,-1336.89
2233,4.27,9.40,25.08,32.48,28.78,0.00,200.00,0.00,0.00,544.40,-1379.05
2234,3.52,9.40,24.45,32.18,28.32,0.00,200.00,0.00,0.00,530.86,-1400.75
2235,3.24,9.40,23.93,31.87,27.90,0.00,200.00,0.00,0.00,519.38,-1399.85
2236,3.43,9.40,23.50,31.58,27.54,0.00,200.00,0.00,0.00,510.24,-1375.76
2237,4.09,9.40,23.20,31.29,27.24,0.00,200.00,0.00,0.00,503.57,-1329.48
2238,5.16,9.40,23.03,31.04,27.03,75.86,200.00,0.00,0.00,499.93,-1264.67
2239,6.58,9.40,23.17,30.96,27.06,388.07,200.00,0.00,0.00,502.90,-1191.63
2240,8.23,9.40,23.67,31.08,27.37,1429.28,200.00,0.00,0.00,513.76,-1116.82
2241,10.02,9.40,24.51,31.40,27.96,2757.95,200.00,0.00,0.00,532.06,-1045.29
2242,11.81,9.40,25.62,31.89,28.75,3995.79,200.00,0.00,0.00,556.23,-981.45
2243,13.48,9.40,26.89,32.47,29.68,4878.46,200.00,0.00,0.00,583.75,-928.48
2244,14.91,9.40,27.00,33.09,30.04,5210.06,200.00,-84.49,0.00,586.12,-888.28
2245,16.02,9.40,27.00,33.67,30.34,4906.62,200.00,-166.75,0.00,586.12,-863.08
2246,16.71,9.40,27.00,34.16,30.58,4046.50,200.00,-229.56,0.00,586.12,-853.03
2247,16.95,9.40,27.00,34.50,30.75,2813.64,200.00,-266.53,0.00,586.12,-857.76
2248,16.72,9.40,27.00,34.65,30.83,1479.99,200.00,-274.52,0.00,586.12,-876.40
2249,16.03,9.40,27.00,34.61,30.80,409.76,200.00,-255.38,0.00,586.12,-907.89
2250,14.94,9.40,27.00,34.42,30.71,72.01,200.00,-217.84,0.00,586.12,-952.12
2251,13.51,9.40,27.00,34.19,30.59,0.00,200.00,-172.39,0.00,586.12,-1010.90
2252,11.84,9.40,27.00,33.95,30.47,0.00,200.00,-122.10,0.00,586.12,-1080.45
2253,10.06,9.40,27.00,33.69,30.35,0.00,200.00,-68.34,0.00,586.12,-1155.13
2254,8.28,9.40,27.00,33.42,30.21,0.00,200.00,-12.83,0.00,586.12,-1228.92
2255,6.63,9.40,26.41,33.14,29.78,0.00,200.00,0.00,0.00,573.34,-1295.85
2256,5.48,9.40,25.73,32.85,29.29,0.00,200.00,0.00,0.00,558.50,-1337.94
2257,4.41,9.40,25.05,32.55,28.80,0.00,200.00,0.00,0.00,543.80,-1375.64
2258,3.76,9.40,24.45,32.25,28.35,0.00,200.00,0.00,0.00,530.80,-1392.87
2259,3.56,9.40,23.95,31.95,27.95,0.00,200.00,0.00,0.00,519.88,-1387.53
2260,3.85,9.40,23.56,31.66,27.61,0.00,200.00,0.00,0.00,511.34,-1359.08
2261,4.60,9.40,23.28,31.37,27.32,0.00,200.00,0.00,0.00,505.31,-1308.57
2262,5.76,9.40,23.14,31.12,27.13,74.46,200.00,0.00,0.00,502.32,-1239.69
2263,7.26,9.40,23.31,31.05,27.18,383.07,200.00,0.00,0.00,505.98,-1162.83
2264,9.00,9.40,23.84,31.18,27.51,1408.22,200.00,0.00,0.00,517.48,-1084.34
2265,10.86,9.40,24.71,31.51,28.11,2728.06,200.00,0.00,0.00,536.40,-1009.38
2266,12.72,9.40,25.85,32.00,28.92,3955.22,200.00,0.00,0.00,561.17,-942.38
2267,14.45,9.40,27.00,32.59,29.79,4838.34,200.00,-10.48,0.00,586.12,-886.59
2268,15.94,9.40,27.00,33.21,30.10,5166.49,200.00,-104.71,0.00,586.12,-843.92
2269,17.10,9.40,27.00,33.80,30.40,4861.02,200.00,-188.75,0.00,586.12,-816.64
2270,17.83,9.40,27.00,34.30,30.65,3995.64,200.00,-253.18,0.00,586.12,-804.91
2271,18.10,9.40,27.00,34.64,30.82,2772.27,200.00,-291.77,0.00,586.12,-808.41
2272,17.89,9.40,27.00,34.80,30.90,1448.02,200.00,-301.35,0.00,586.12,-826.32
2273,17.22,9.40,27.00,34.76,30.88,399.47,200.00,-283.88,0.00,586.12,-857.62
2274,16.13,9.40,27.00,34.58,30.79,71.58,200.00,-247.91,0.00,586.12,-902.14
2275,14.69,9.40,27.00,34.37,30.68,0.00,200.00,-203.82,0.00,586.12,-961.63
2276,13.01,9.40,27.00,34.13,30.57,0.00,200.00,-154.69,0.00,586.12,-1032.34
2277,11.21,9.40,27.00,33.89,30.44,0.00,200.00,-101.90,0.00,586.12,-1108.61
2278,9.40,9.40,27.00,33.63,30.31,0.00,200.00,-47.15,0.00,586.12,-1184.40
2279,7.71,9.40,26.89,33.35,30.12,0.00,200.00,0.00,0.00,583.81,-1253.75
2280,6.50,9.40,26.21,33.07,29.64,0.00,200.00,0.00,0.00,569.05,-1298.63
2281,5.38,9.40,25.54,32.78,29.16,0.00,200.00,0.00,0.00,554.39,-1339.46
2282,4.66,9.40,24.94,32.49,28.71,0.00,200.00,0.00,0.00,541.34,-1360.13
2283,4.40,9.40,24.43,32.19,28.31,0.00,200.00,0.00,0.00,530.32,-1358.51
2284,4.61,9.40,24.03,31.90,27.96,0.00,200.00,0.00,0.00,521.61,-1334.03
2285,5.28,9.40,23.74,31.62,27.68,0.00,200.00,0.00,0.00,515.34,-1287.68
2286,6.35,9.40,23.62,31.39,27.50,73.29,200.00,0.00,0.00,512.67,-1223.92
2287,7.76,9.40,23.77,31.32,27.55,378.31,200.00,0.00,0.00,515.98,-1151.54
2288,9.41,9.40,24.28,31.46,27.87,1387.24,200.00,0.00,0.00,527.02,-1077.52
2289,11.18,9.40,25.12,31.78,28.45,2698.18,200.00,0.00,0.00,545.40,-1007.01
2290,12.94,9.40,26.24,32.27,29.25,3914.72,200.00,0.00,0.00,569.55,-944.41
2291,14.58,9.40,27.00,32.85,29.93,4798.25,200.00,-36.25,0.00,586.12,-892.93
2292,15.99,9.40,27.00,33.47,30.23,5123.00,200.00,-128.20,0.00,586.12,-854.46
2293,17.05,9.40,27.00,34.05,30.53,4815.50,200.00,-209.83,0.00,586.12,-831.23
2294,17.70,9.40,27.00,34.54,30.77,3945.07,200.00,-271.76,0.00,586.12,-823.34
2295,17.89,9.40,27.00,34.88,30.94,2731.16,200.00,-307.89,0.00,586.12,-830.50
2296,17.60,9.40,27.00,35.03,31.01,1416.49,200.00,-315.09,0.00,586.12,-851.83
2297,16.85,9.40,27.00,34.99,30.99,389.82,200.00,-295.47,0.00,586.12,-886.36
2298,15.69,9.40,27.00,34.80,30.90,71.20,200.00,-257.44,0.00,586.12,-933.79
2299,14.20,9.40,27.00,34.57,30.79,0.00,200.00,-211.33,0.00,586.12,-995.81
2300,12.47,9.40,27.00,34.33,30.67,0.00,200.00,-160.23,0.00,586.12,-1068.68
2301,10.62,9.40,27.00,34.08,30.54,0.00,200.00,-105.56,0.00,586.12,-1146.69
2302,8.78,9.40,27.00,33.81,30.41,0.00,200.00,-49.02,0.00,586.12,-1223.81
2303,7.06,9.40,26.90,33.53,30.21,0.00,200.00,0.00,0.00,583.87,-1294.04
2304,5.84,9.40,26.20,33.24,29.72,0.00,200.00,0.00,0.00,568.65,-1339.37
2305,4.70,9.40,25.50,32.94,29.22,0.00,200.00,0.00,0.00,553.57,-1380.19
2306,3.99,9.40,24.88,32.64,28.76,0.00,200.00,0.00,0.00,540.17,-1400.39
2307,3.74,9.40,24.36,32.33,28.35,0.00,200.00,0.00,0.00,528.84,-1397.86
2308,3.97,9.40,23.95,32.04,27.99,0.00,200.00,0.00,0.00,519.87,-1372.03
2309,4.66,9.40,23.65,31.75,27.70,0.00,200.00,0.00,0.00,513.41,-1323.91
2310,5.78,9.40,23.52,31.51,27.52,72.34,200.00,0.00,0.00,510.60,-1257.98
2311,7.23,9.40,23.67,31.44,27.55,373.79,200.00,0.00,0.00,513.86,-1183.08
2312,8.93,9.40,24.18,31.56,27.87,1366.37,200.00,0.00,0.00,524.85,-1106.10
2313,10.76,9.40,25.02,31.88,28.45,2668.32,200.00,0.00,0.00,543.23,-1032.26
2314,12.60,9.40,26.14,32.36,29.25,3874.32,200.00,0.00,0.00,567.41,-965.99
2315,14.31,9.40,27.00,32.94,29.97,4758.20,200.00,-29.44,0.00,586.12,-910.59
2316,15.79,9.40,27.00,33.55,30.27,5079.62,200.00,-121.88,0.00,586.12,-867.96
2317,16.94,9.40,27.00,34.13,30.56,4770.10,200.00,-204.19,0.00,586.12,-840.38
2318,17.67,9.40,27.00,34.61,30.81,3894.81,200.00,-266.95,0.00,586.12,-827.99
2319,17.95,9.40,27.00,34.94,30.97,2690.33,200.00,-304.18,0.00,586.12,-830.58
2320,17.76,9.40,27.00,35.09,31.05,1385.42,200.00,-312.75,0.00,586.12,-847.34
2321,17.10,9.40,27.00,35.05,31.03,380.86,200.00,-294.89,0.00,586.12,-877.40
2322,16.04,9.40,27.00,34.87,30.93,70.87,200.00,-258.81,0.00,586.12,-920.41
2323,14.64,9.40,27.00,34.65,30.82,0.00,200.00,-214.75,0.00,586.12,-978.10
2324,13.00,9.40,27.00,34.41,30.71,0.00,200.00,-165.80,0.00,586.12,-1046.76
2325,11.24,9.40,27.00,34.16,30.58,0.00,200.00,-113.34,0.00,586.12,-1120.73
2326,9.47,9.40,27.00,33.90,30.45,0.00,200.00,-59.06,0.00,586.12,-1194.01
2327,7.84,9.40,27.00,33.63,30.31,0.00,200.00,-4.85,0.00,586.12,-1260.66
2328,6.69,9.40,26.40,33.34,29.87,0.00,200.00,0.00,0.00,573.05,-1302.72
2329,5.62,9.40,25.73,33.05,29.39,0.00,200.00,0.00,0.00,558.65,-1340.57
2330,4.97,9.40,25.15,32.76,28.95,0.00,200.00,0.00,0.00,545.92,-1358.16
2331,4.77,9.40,24.66,32.46,28.56,0.00,200.00,0.00,0.00,535.25,-1353.39
2332,5.05,9.40,24.27,32.17,28.22,0.00,200.00,0.00,0.00,526.92,-1325.71
2333,5.79,9.40,24.00,31.89,27.95,0.00,200.00,0.00,0.00,521.06,-1276.17
2334,6.93,9.40,23.90,31.67,27.78,71.56,200.00,0.00,0.00,518.82,-1209.24
2335,8.41,9.40,24.08,31.60,27.84,369.56,200.00,0.00,0.00,522.63,-1133.83
2336,10.12,9.40,24.60,31.74,28.17,1345.61,200.00,0.00,0.00,534.07,-1056.70
2337,11.95,9.40,25.47,32.06,28.77,2638.50,200.00,0.00,0.00,552.81,-983.12
2338,13.78,9.40,26.59,32.55,29.57,3834.04,200.00,0.00,0.00,577.27,-917.52
2339,15.48,9.40,27.00,33.14,30.07,4718.20,200.00,-63.06,0.00,586.12,-863.20
2340,16.93,9.40,27.00,33.75,30.37,5036.37,200.00,-156.03,0.00,586.12,-822.06
2341,18.04,9.40,27.00,34.34,30.67,4724.83,200.00,-238.65,0.00,586.12,-796.38
2342,18.74,9.40,27.00,34.82,30.91,3844.90,200.00,-301.46,0.00,586.12,-786.27
2343,18.97,9.40,27.00,35.16,31.08,2649.81,200.00,-338.62,0.00,586.12,-791.53
2344,18.71,9.40,27.00,35.31,31.16,1354.84,200.00,-347.01,0.00,586.12,-811.35
2345,17.99,9.40,27.00,35.28,31.14,372.61,200.00,-328.97,0.00,586.12,-844.88
2346,16.86,9.40,27.00,35.10,31.05,70.60,200.00,-292.57,0.00,586.12,-891.65
2347,15.38,9.40,27.00,34.88,30.94,0.00,200.00,-247.93,0.00,586.12,-953.33
2348,13.66,9.40,27.00,34.65,30.83,0.00,200.00,-198.21,0.00,586.12,-1026.16
2349,11.81,9.40,27.00,34.41,30.70,0.00,200.00,-144.77,0.00,586.12,-1104.47
2350,9.96,9.40,27.00,34.15,30.57,0.00,200.00,-89.33,0.00,586.12,-1182.20
2351,8.23,9.40,27.00,33.87,30.44,0.00,200.00,-33.78,0.00,586.12,-1253.37
2352,6.99,9.40,26.78,33.59,30.18,0.00,200.00,0.00,0.00,581.28,-1300.01
2353,5.83,9.40,26.09,33.30,29.69,0.00,200.00,0.00,0.00,566.40,-1342.39
2354,5.09,9.40,25.48,33.00,29.24,0.00,200.00,0.00,0.00,553.13,-1364.44
2355,4.80,9.40,24.96,32.70,28.83,0.00,200.00,0.00,0.00,541.90,-1364.03
2356,4.99,9.40,24.55,32.41,28.48,0.00,200.00,0.00,0.00,532.97,-1340.56
2357,5.64,9.40,24.25,32.13,28.19,0.00,200.00,0.00,0.00,526.51,-1295.01
2358,6.70,9.40,24.12,31.90,28.01,70.93,200.00,0.00,0.00,523.64,-1231.85
2359,8.10,9.40,24.27,31.83,28.05,365.61,200.00,0.00,0.00,526.83,-1159.96
2360,9.74,9.40,24.76,31.96,28.36,1324.98,200.00,0.00,0.00,537.59,-1085.97
2361,11.51,9.40,25.60,32.28,28.94,2608.71,200.00,0.00,0.00,555.64,-1015.14
2362,13.28,9.40,26.69,32.75,29.72,3793.88,200.00,0.00,0.00,579.39,-951.88
2363,14.92,9.40,27.00,33.33,30.16,4678.26,200.00,-67.79,0.00,586.12,-899.50
2364,16.34,9.40,27.00,33.93,30.46,4993.26,200.00,-158.51,0.00,586.12,-859.88
2365,17.42,9.40,27.00,34.50,30.75,4679.72,200.00,-238.96,0.00,586.12,-835.30
2366,18.09,9.40,27.00,34.98,30.99,3795.35,200.00,-299.68,0.00,586.12,-825.81
2367,18.30,9.40,27.00,35.30,31.15,2609.61,200.00,-335.00,0.00,586.12,-831.29
2368,18.04,9.40,27.00,35.45,31.22,1324.77,200.00,-341.80,0.00,586.12,-850.92
2369,17.32,9.40,27.00,35.41,31.20,365.10,200.00,-322.58,0.00,586.12,-883.92
2370,16.20,9.40,27.00,35.22,31.11,70.36,200.00,-285.25,0.00,586.12,-929.73
2371,14.74,9.40,27.00,34.99,31.00,0.00,200.00,-239.88,0.00,586.12,-990.00
2372,13.05,9.40,27.00,34.76,30.88,0.00,200.00,-189.62,0.00,586.12,-1061.01
2373,11.24,9.40,27.00,34.50,30.75,0.00,200.00,-135.86,0.00,586.12,-1137.09
2374,9.44,9.40,27.00,34.24,30.62,0.00,200.00,-80.31,0.00,586.12,-1212.23
2375,7.76,9.40,27.00,33.96,30.48,0.00,200.00,-24.86,0.00,586.12,-1280.44
2376,6.59,9.40,26.66,33.67,30.16,0.00,200.00,0.00,0.00,578.70,-1323.83
2377,5.50,9.40,25.98,33.37,29.68,0.00,200.00,0.00,0.00,563.97,-1362.64
2378,4.82,9.40,25.38,33.07,29.23,0.00,200.00,0.00,0.00,550.92,-1380.87
2379,4.62,9.40,24.87,32.77,28.82,0.00,200.00,0.00,0.00,539.97,-1376.42
2380,4.89,9.40,24.48,32.48,28.48,0.00,200.00,0.00,0.00,531.39,-1348.74
2381,5.63,9.40,24.20,32.20,28.20,0.00,200.00,0.00,0.00,525.31,-1298.86
2382,6.78,9.40,24.09,31.97,28.03,70.43,200.00,0.00,0.00,522.89,-1231.27
2383,8.27,9.40,24.26,31.90,28.08,361.98,200.00,0.00,0.00,526.59,-1154.95
2384,10.01,9.40,24.78,32.03,28.40,1304.49,200.00,0.00,0.00,537.84,-1076.44
2385,11.87,9.40,25.63,32.35,28.99,2578.99,200.00,0.00,0.00,556.39,-1001.10
2386,13.73,9.40,26.75,32.82,29.79,3753.85,200.00,0.00,0.00,580.66,-933.38
2387,15.46,9.40,27.00,33.40,30.20,4638.41,200.00,-73.80,0.00,586.12,-876.67
2388,16.96,9.40,27.00,34.00,30.50,4950.31,200.00,-166.36,0.00,586.12,-832.88
2389,18.13,9.40,27.00,34.58,30.79,4634.78,200.00,-248.67,0.00,586.12,-804.34
2390,18.88,9.40,27.00,35.06,31.03,3746.20,200.00,-311.27,0.00,586.12,-791.13
2391,19.16,9.40,27.00,35.39,31.19,2569.77,200.00,-348.54,0.00,586.12,-793.23
2392,18.97,9.40,27.00,35.54,31.27,1295.23,200.00,-357.40,0.00,586.12,-809.83
2393,18.31,9.40,27.00,35.50,31.25,358.36,200.00,-340.45,0.00,586.12,-840.26
2394,17.24,9.40,27.00,35.33,31.16,70.17,200.00,-305.38,0.00,586.12,-883.90
2395,15.83,9.40,27.00,35.11,31.06,0.00,200.00,-262.17,0.00,586.12,-942.40
2396,14.18,9.40,27.00,34.88,30.94,0.00,200.00,-213.95,0.00,586.12,-1012.06
2397,12.40,9.40,27.00,34.64,30.82,0.00,200.00,-162.12,0.00,586.12,-1087.22
2398,10.61,9.40,27.00,34.38,30.69,0.00,200.00,-108.34,0.00,586.12,-1161.88
2399,8.95,9.40,27.00,34.11,30.56,0.00,200.00,-54.52,0.00,586.12,-1230.07
2400,7.77,9.40,27.00,33.84,30.42,0.00,200.00,-6.40,0.00,586.12,-1273.92
2401,6.68,9.40,26.43,33.55,29.99,0.00,200.00,0.00,0.00,573.69,-1313.62
2402,5.99,9.40,25.84,33.26,29.55,0.00,200.00,0.00,0.00,560.97,-1333.17
2403,5.75,9.40,25.35,32.97,29.16,0.00,200.00,0.00,0.00,550.27,-1330.47
2404,5.99,9.40,24.96,32.68,28.82,0.00,200.00,0.00,0.00,541.89,-1304.95
2405,6.68,9.40,24.69,32.41,28.55,0.00,200.00,0.00,0.00,535.95,-1257.61
2406,7.78,9.40,24.58,32.19,28.38,70.04,200.00,0.00,0.00,533.59,-1192.92
2407,9.22,9.40,24.75,32.13,28.44,358.67,200.00,0.00,0.00,537.30,-1119.87
2408,10.89,9.40,25.26,32.26,28.76,1248.17,200.00,0.00,0.00,548.36,-1044.66
2409,12.67,9.40,26.11,32.58,29.34,2543.71,200.00,0.00,0.00,566.70,-973.01
2410,14.46,9.40,27.00,33.06,30.03,3713.98,200.00,-15.17,0.00,586.12,-909.18
2411,16.11,9.40,27.00,33.63,30.32,4598.66,200.00,-105.99,0.00,586.12,-856.54
2412,17.52,9.40,27.00,34.24,30.62,4907.55,200.00,-197.15,0.00,586.12,-816.96
2413,18.60,9.40,27.00,34.81,30.91,4590.03,200.00,-277.87,0.00,586.12,-792.71
2414,19.25,9.40,27.00,35.29,31.14,3697.45,200.00,-338.66,0.00,586.12,-783.85
2415,19.45,9.40,27.00,35.62,31.31,2520.94,200.00,-373.99,0.00,586.12,-790.31
2416,19.16,9.40,27.00,35.76,31.38,1230.26,200.00,-380.65,0.00,586.12,-811.15
2417,18.41,9.40,27.00,35.72,31.36,352.41,200.00,-361.93,0.00,586.12,-846.02
2418,17.25,9.40,27.00,35.54,31.27,70.01,200.00,-325.05,0.00,586.12,-894.00
2419,15.75,9.40,27.00,35.32,31.16,0.00,200.00,-279.93,0.00,586.12,-956.67
2420,14.01,9.40,27.00,35.09,31.05,0.00,200.00,-229.74,0.00,586.12,-1030.30
2421,12.15,9.40,27.00,34.84,30.92,0.00,200.00,-175.89,0.00,586.12,-1109.20
2422,10.29,9.40,27.00,34.58,30.79,0.00,200.00,-120.08,0.00,586.12,-1187.30
2423,8.56,9.40,27.00,34.31,30.65,0.00,200.00,-64.21,0.00,586.12,-1258.63
2424,7.32,9.40,27.00,34.02,30.51,0.00,200.00,-14.07,0.00,586.12,-1305.31
2425,6.16,9.40,26.51,33.73,30.12,0.00,200.00,0.00,0.00,575.40,-1347.44
2426,5.42,9.40,25.89,33.43,29.66,0.00,200.00,0.00,0.00,562.10,-1369.02
2427,5.15,9.40,25.38,33.13,29.25,0.00,200.00,0.00,0.00,550.86,-1367.94
2428,5.35,9.40,24.97,32.84,28.90,0.00,200.00,0.00,0.00,541.96,-1343.60
2429,6.02,9.40,24.67,32.56,28.61,0.00,200.00,0.00,0.00,535.54,-1297.01
2430,7.11,9.40,24.54,32.33,28.43,69.75,200.00,0.00,0.00,532.75,-1232.61
2431,8.54,9.40,24.69,32.26,28.48,355.71,200.00,0.00,0.00,536.07,-1159.44
2432,10.21,9.40,25.19,32.38,28.78,1228.32,200.00,0.00,0.00,546.75,-1083.57
2433,12.01,9.40,26.01,32.69,29.35,2506.67,200.00,0.00,0.00,564.71,-1010.75
2434,13.82,9.40,27.00,33.16,30.08,3674.28,200.00,-7.44,0.00,586.12,-945.31
2435,15.51,9.40,27.00,33.73,30.36,4554.46,200.00,-97.33,0.00,586.12,-890.61
2436,16.96,9.40,27.00,34.32,30.66,4864.98,200.00,-187.79,0.00,586.12,-848.59
2437,18.08,9.40,27.00,34.89,30.94,4539.26,200.00,-267.95,0.00,586.12,-821.49
2438,18.79,9.40,27.00,35.35,31.18,3649.13,200.00,-328.42,0.00,586.12,-809.45
2439,19.05,9.40,27.00,35.67,31.34,2472.87,200.00,-363.66,0.00,586.12,-812.41
2440,18.83,9.40,27.00,35.81,31.40,1201.91,200.00,-370.65,0.00,586.12,-829.54
2441,18.16,9.40,27.00,35.77,31.38,347.25,200.00,-352.70,0.00,586.12,-860.55
2442,17.08,9.40,27.00,35.59,31.29,69.89,200.00,-316.85,0.00,586.12,-904.50
2443,15.67,9.40,27.00,35.37,31.18,0.00,200.00,-272.95,0.00,586.12,-962.95
2444,14.02,9.40,27.00,35.13,31.07,0.00,200.00,-224.17,0.00,586.12,-1032.24
2445,12.25,9.40,27.00,34.89,30.94,0.00,200.00,-171.89,0.00,586.12,-1106.71
2446,10.48,9.40,27.00,34.63,30.81,0.00,200.00,-117.80,0.00,586.12,-1180.37
2447,8.84,9.40,27.00,34.35,30.68,0.00,200.00,-63.81,0.00,586.12,-1247.25
2448,7.69,9.40,27.00,34.07,30.54,0.00,200.00,-15.63,0.00,586.12,-1289.57
2449,6.63,9.40,26.56,33.78,30.17,0.00,200.00,0.00,0.00,576.50,-1327.41
2450,5.98,9.40,25.97,33.49,29.73,0.00,200.00,0.00,0.00,563.85,-1344.85
2451,5.79,9.40,25.49,33.20,29.34,0.00,200.00,0.00,0.00,553.28,-1339.80
2452,6.08,9.40,25.11,32.91,29.01,0.00,200.00,0.00,0.00,545.07,-1311.73
2453,6.82,9.40,24.85,32.64,28.74,0.00,200.00,0.00,0.00,539.34,-1261.67
2454,7.98,9.40,24.75,32.41,28.58,69.54,200.00,0.00,0.00,537.23,-1194.08
2455,9.48,9.40,24.93,32.35,28.64,353.11,200.00,0.00,0.00,541.26,-1118.08
2456,11.21,9.40,25.45,32.48,28.97,1208.64,200.00,0.00,0.00,552.57,-1039.68
2457,13.06,9.40,26.31,32.80,29.55,2469.94,200.00,0.00,0.00,571.09,-964.63
2458,14.91,9.40,27.00,33.27,30.14,3634.76,200.00,-30.46,0.00,586.12,-897.34
2459,16.64,9.40,27.00,33.85,30.42,4507.95,200.00,-121.95,0.00,586.12,-841.19
2460,18.12,9.40,27.00,34.45,30.72,4822.64,200.00,-213.94,0.00,586.12,-798.16
2461,19.26,9.40,27.00,35.02,31.01,4487.49,200.00,-295.40,0.00,586.12,-770.48
2462,19.98,9.40,27.00,35.49,31.25,3601.27,200.00,-357.05,0.00,586.12,-758.30
2463,20.24,9.40,27.00,35.82,31.41,2425.57,200.00,-393.32,0.00,586.12,-761.58
2464,20.01,9.40,27.00,35.96,31.48,1174.15,200.00,-401.34,0.00,586.12,-779.55
2465,19.32,9.40,27.00,35.93,31.46,342.92,200.00,-384.47,0.00,586.12,-811.95
2466,18.21,9.40,27.00,35.76,31.38,69.80,200.00,-349.54,0.00,586.12,-857.71
2467,16.76,9.40,27.00,35.55,31.27,0.00,200.00,-306.33,0.00,586.12,-918.38
2468,15.06,9.40,27.00,35.32,31.16,0.00,200.00,-258.00,0.00,586.12,-990.28
2469,13.24,9.40,27.00,35.08,31.04,0.00,200.00,-205.95,0.00,586.12,-1067.71
2470,11.41,9.40,27.00,34.83,30.91,0.00,200.00,-151.88,0.00,586.12,-1144.65
2471,9.70,9.40,27.00,34.56,30.78,0.00,200.00,-97.67,0.00,586.12,-1215.11
2472,8.48,9.40,27.00,34.28,30.64,0.00,200.00,-49.05,0.00,586.12,-1261.32
2473,7.34,9.40,27.00,34.00,30.50,0.00,200.00,-0.73,0.00,586.12,-1303.24
2474,6.61,9.40,26.42,33.71,30.06,0.00,200.00,0.00,0.00,573.44,-1324.94
2475,6.33,9.40,25.91,33.42,29.67,0.00,200.00,0.00,0.00,562.55,-1324.30
2476,6.53,9.40,25.52,33.14,29.33,0.00,200.00,0.00,0.00,553.97,-1300.73
2477,7.18,9.40,25.24,32.86,29.05,0.00,200.00,0.00,0.00,547.82,-1255.22
2478,8.25,9.40,25.12,32.64,28.88,70.45,200.00,0.00,0.00,545.25,-1192.20
2479,9.65,9.40,25.28,32.58,28.93,350.88,200.00,0.00,0.00,548.78,-1120.76
2480,11.29,9.40,25.77,32.71,29.24,1189.16,200.00,0.00,0.00,559.50,-1046.73
2481,13.06,9.40,26.60,33.02,29.81,2433.53,200.00,0.00,0.00,577.35,-975.87
2482,14.82,9.40,27.00,33.49,30.24,3595.44,200.00,-48.99,0.00,586.12,-912.57
2483,16.46,9.40,27.00,34.05,30.53,4461.76,200.00,-138.04,0.00,586.12,-860.19
2484,17.86,9.40,27.00,34.65,30.82,4780.53,200.00,-227.58,0.00,586.12,-820.68
2485,18.92,9.40,27.00,35.21,31.10,4436.18,200.00,-306.48,0.00,586.12,-796.20
2486,19.57,9.40,27.00,35.67,31.34,3553.89,200.00,-365.62,0.00,586.12,-786.92
2487,19.77,9.40,27.00,35.99,31.49,2379.07,200.00,-399.43,0.00,586.12,-792.76
2488,19.49,9.40,27.00,36.12,31.56,1146.99,200.00,-405.23,0.00,586.12,-812.98
2489,18.75,9.40,27.00,36.08,31.54,339.41,200.00,-386.45,0.00,586.12,-847.34
2490,17.60,9.40,27.00,35.90,31.45,70.78,200.00,-349.77,0.00,586.12,-894.68
2491,16.12,9.40,27.00,35.69,31.34,0.00,200.00,-304.90,0.00,586.12,-956.48
2492,14.40,9.40,27.00,35.45,31.23,0.00,200.00,-255.04,0.00,586.12,-1029.05
2493,12.56,9.40,27.00,35.21,31.10,0.00,200.00,-201.61,0.00,586.12,-1106.71
2494,10.73,9.40,27.00,34.94,30.97,0.00,200.00,-146.30,0.00,586.12,-1183.43
2495,9.03,9.40,27.00,34.67,30.83,0.00,200.00,-91.04,0.00,586.12,-1253.22
2496,7.82,9.40,27.00,34.38,30.69,0.00,200.00,-41.53,0.00,586.12,-1298.36
2497,6.70,9.40,26.90,34.09,30.49,0.00,200.00,0.00,0.00,583.87,-1338.74
2498,6.00,9.40,26.30,33.80,30.05,0.00,200.00,0.00,0.00,570.83,-1358.48
2499,5.77,9.40,25.79,33.50,29.65,0.00,200.00,0.00,0.00,559.87,-1355.49
2500,6.02,9.40,25.39,33.21,29.30,0.00,200.00,0.00,0.00,551.27,-1329.20
2501,6.73,9.40,25.11,32.93,29.02,0.00,200.00,0.00,0.00,545.16,-1280.63
2502,7.86,9.40,25.00,32.71,28.86,76.61,200.00,0.00,0.00,542.75,-1214.36
2503,9.34,9.40,25.17,32.65,28.91,349.04,200.00,0.00,0.00,546.47,-1139.29
2504,11.05,9.40,25.68,32.77,29.22,1169.89,200.00,0.00,0.00,557.38,-1061.32
2505,12.90,9.40,26.51,33.07,29.79,2397.46,200.00,0.00,0.00,575.44,-986.24
2506,14.75,9.40,27.00,33.54,30.27,3556.33,200.00,-43.45,0.00,586.12,-918.55
2507,16.47,9.40,27.00,34.10,30.55,4415.91,200.00,-133.46,0.00,586.12,-861.63
2508,17.96,9.40,27.00,34.69,30.84,4738.67,200.00,-224.17,0.00,586.12,-817.53
2509,19.12,9.40,27.00,35.25,31.12,4385.36,200.00,-304.32,0.00,586.12,-788.40
2510,19.87,9.40,27.00,35.71,31.36,3506.99,200.00,-364.89,0.00,586.12,-774.49
2511,20.15,9.40,27.00,36.02,31.51,2333.38,200.00,-400.28,0.00,586.12,-775.77
2512,19.96,9.40,27.00,36.16,31.58,1120.46,200.00,-407.94,0.00,586.12,-791.62
2513,19.31,9.40,27.00,36.13,31.56,336.72,200.00,-391.36,0.00,586.12,-821.84
2514,18.25,9.40,27.00,35.96,31.48,77.10,200.00,-357.04,0.00,586.12,-865.36
2515,16.85,9.40,27.00,35.74,31.37,0.00,200.00,-314.49,0.00,586.12,-923.46
2516,15.21,9.40,27.00,35.52,31.26,0.00,200.00,-266.98,0.00,586.12,-992.60
2517,13.45,9.40,27.00,35.28,31.14,0.00,200.00,-215.88,0.00,586.12,-1067.14
2518,11.68,9.40,27.00,35.03,31.01,0.00,200.00,-162.88,0.00,586.12,-1141.07
2519,10.04,9.40,27.00,34.76,30.88,0.00,200.00,-109.87,0.00,586.12,-1208.44
2520,8.88,9.40,27.00,34.48,30.74,0.00,200.00,-62.54,0.00,586.12,-1251.59
2521,7.80,9.40,27.00,34.20,30.60,0.00,200.00,-15.64,0.00,586.12,-1290.34
2522,7.14,9.40,26.64,33.92,30.28,0.00,200.00,0.00,0.00,578.37,-1308.89
2523,6.93,9.40,26.16,33.63,29.90,0.00,200.00,0.00,0.00,567.96,-1305.15
2524,7.20,9.40,25.79,33.35,29.57,0.00,200.00,0.00,0.00,559.87,-1278.55
2525,7.92,9.40,25.53,33.08,29.31,0.00,200.00,0.00,0.00,554.24,-1230.12
2526,9.05,9.40,25.44,32.87,29.16,82.75,200.00,0.00,0.00,552.30,-1164.57
2527,10.51,9.40,25.63,32.82,29.22,347.58,200.00,0.00,0.00,556.39,-1090.55
2528,12.20,9.40,26.14,32.95,29.55,1150.83,200.00,0.00,0.00,567.55,-1013.99
2529,14.02,9.40,26.98,33.26,30.12,2361.74,200.00,0.00,0.00,585.76,-940.67
2530,15.83,9.40,27.00,33.73,30.36,3517.44,200.00,-78.08,0.00,586.12,-875.11
2531,17.51,9.40,27.00,34.30,30.65,4370.42,200.00,-168.07,0.00,586.12,-820.67
2532,18.94,9.40,27.00,34.89,30.94,4691.61,200.00,-258.51,0.00,586.12,-779.40
2533,20.04,9.40,27.00,35.45,31.23,4335.05,200.00,-338.16,0.00,586.12,-753.41
2534,20.72,9.40,27.00,35.92,31.46,3460.61,200.00,-398.03,0.00,586.12,-742.94
2535,20.93,9.40,27.00,36.23,31.62,2288.51,200.00,-432.53,0.00,586.12,-747.92
2536,20.66,9.40,27.00,36.37,31.68,1094.55,200.00,-439.28,0.00,586.12,-767.75
2537,19.93,9.40,27.00,36.34,31.67,334.87,200.00,-421.83,0.00,586.12,-802.25
2538,18.78,9.40,27.00,36.17,31.59,83.40,200.00,-386.55,0.00,586.12,-850.28
2539,17.29,9.40,27.00,35.96,31.48,0.00,200.00,-342.78,0.00,586.12,-912.88
2540,15.56,9.40,27.00,35.74,31.37,0.00,200.00,-293.87,0.00,586.12,-986.57
2541,13.70,9.40,27.00,35.50,31.25,0.00,200.00,-241.23,0.00,586.12,-1065.66
2542,11.84,9.40,27.00,35.24,31.12,0.00,200.00,-186.56,0.00,586.12,-1144.09
2543,10.10,9.40,27.00,34.98,30.99,0.00,200.00,-131.75,0.00,586.12,-1215.87
2544,8.85,9.40,27.00,34.70,30.85,0.00,200.00,-82.51,0.00,586.12,-1263.35
2545,7.69,9.40,27.00,34.41,30.71,0.00,200.00,-33.63,0.00,586.12,-1306.21
2546,6.94,9.40,26.86,34.12,30.49,0.00,200.00,0.00,0.00,583.16,-1328.66
2547,6.65,9.40,26.36,33.83,30.09,0.00,200.00,0.00,0.00,572.13,-1328.56
2548,6.84,9.40,25.95,33.55,29.75,0.00,200.00,0.00,0.00,563.42,-1305.32
2549,7.50,9.40,25.67,33.27,29.47,0.00,200.00,0.00,0.00,557.17,-1259.92
2550,8.56,9.40,25.55,33.06,29.30,88.84,200.00,0.00,0.00,554.65,-1197.16
2551,9.97,9.40,25.71,33.00,29.35,346.53,200.00,0.00,0.00,558.15,-1125.46
2552,11.62,9.40,26.20,33.12,29.66,1131.99,200.00,0.00,0.00,568.70,-1050.73
2553,13.40,9.40,27.00,33.42,30.21,2326.37,200.00,-0.47,0.00,586.12,-978.76
2554,15.18,9.40,27.00,33.88,30.44,3478.78,200.00,-77.68,0.00,586.12,-914.09
2555,16.84,9.40,27.00,34.43,30.72,4325.30,200.00,-165.68,0.00,586.12,-860.07
2556,18.27,9.40,27.00,35.02,31.01,4643.08,200.00,-254.26,0.00,586.12,-818.76
2557,19.36,9.40,27.00,35.57,31.28,4285.27,200.00,-332.18,0.00,586.12,-792.27
2558,20.04,9.40,27.00,36.02,31.51,3414.76,200.00,-390.55,0.00,586.12,-780.87
2559,20.27,9.40,27.00,36.32,31.66,2244.48,200.00,-423.76,0.00,586.12,-784.49
2560,20.03,9.40,27.00,36.45,31.72,1064.14,200.00,-429.56,0.00,586.12,-802.58
2561,19.33,9.40,27.00,36.41,31.71,333.84,200.00,-411.66,0.00,586.12,-835.05
2562,18.22,9.40,27.00,36.24,31.62,89.67,200.00,-376.24,0.00,586.12,-880.77
2563,16.78,9.40,27.00,36.03,31.51,0.00,200.00,-332.49,0.00,586.12,-940.60
2564,15.11,9.40,27.00,35.80,31.40,0.00,200.00,-283.83,0.00,586.12,-1011.18
2565,13.32,9.40,27.00,35.55,31.28,0.00,200.00,-231.63,0.00,586.12,-1086.85
2566,11.53,9.40,27.00,35.30,31.15,0.00,200.00,-177.61,0.00,586.12,-1161.59
2567,9.87,9.40,27.00,35.03,31.01,0.00,200.00,-123.67,0.00,586.12,-1229.46
2568,8.71,9.40,27.00,34.75,30.87,0.00,200.00,-75.47,0.00,586.12,-1272.88
2569,7.63,9.40,27.00,34.46,30.73,0.00,200.00,-27.85,0.00,586.12,-1311.47
2570,6.97,9.40,26.80,34.17,30.49,0.00,200.00,0.00,0.00,581.85,-1329.55
2571,6.77,9.40,26.32,33.88,30.10,0.00,200.00,0.00,0.00,571.30,-1325.00
2572,7.06,9.40,25.94,33.60,29.77,0.00,200.00,0.00,0.00,563.11,-1297.29
2573,7.80,9.40,25.68,33.32,29.50,0.00,200.00,0.00,0.00,557.42,-1247.46
2574,8.96,9.40,25.59,33.11,29.35,94.89,200.00,0.00,0.00,555.55,-1180.46
2575,10.46,9.40,25.78,33.06,29.42,345.89,200.00,0.00,0.00,559.69,-1104.52
2576,12.20,9.40,26.30,33.18,29.74,1113.38,200.00,0.00,0.00,570.84,-1025.63
2577,14.06,9.40,27.00,33.49,30.24,2291.38,200.00,-9.54,0.00,586.12,-949.63
2578,15.92,9.40,27.00,33.95,30.47,3440.37,200.00,-88.68,0.00,586.12,-881.15
2579,17.66,9.40,27.00,34.51,30.75,4280.56,200.00,-178.58,0.00,586.12,-823.58
2580,19.16,9.40,27.00,35.09,31.05,4595.06,200.00,-269.02,0.00,586.12,-779.01
2581,20.31,9.40,27.00,35.65,31.32,4236.03,200.00,-348.77,0.00,586.12,-749.59
2582,21.06,9.40,27.00,36.11,31.55,3369.46,200.00,-408.95,0.00,586.12,-735.63
2583,21.34,9.40,27.00,36.41,31.71,2201.30,200.00,-443.94,0.00,586.12,-737.10
2584,21.13,9.40,27.00,36.55,31.77,1031.16,200.00,-451.54,0.00,586.12,-753.49
2585,20.47,9.40,27.00,36.52,31.76,333.64,200.00,-435.65,0.00,586.12,-784.82
2586,19.38,9.40,27.00,36.36,31.68,95.89,200.00,-402.20,0.00,586.12,-829.95
2587,17.96,9.40,27.00,36.16,31.58,0.00,200.00,-360.19,0.00,586.12,-889.53
2588,16.29,9.40,27.00,35.94,31.47,0.00,200.00,-313.09,0.00,586.12,-960.32
2589,14.50,9.40,27.00,35.71,31.35,0.00,200.00,-262.28,0.00,586.12,-1036.65
2590,12.70,9.40,27.00,35.46,31.23,0.00,200.00,-209.46,0.00,586.12,-1112.49
2591,11.02,9.40,27.00,35.19,31.10,0.00,200.00,-156.51,0.00,586.12,-1181.89
2592,9.82,9.40,27.00,34.92,30.96,0.00,200.00,-109.08,0.00,586.12,-1227.31
2593,8.70,9.40,27.00,34.65,30.82,0.00,200.00,-62.03,0.00,586.12,-1268.25
2594,7.99,9.40,27.00,34.36,30.68,0.00,200.00,-20.32,0.00,586.12,-1289.05
2595,7.74,9.40,26.80,34.08,30.44,0.00,200.00,0.00,0.00,581.71,-1287.59
2596,7.96,9.40,26.42,33.81,30.11,0.00,200.00,0.00,0.00,573.49,-1263.28
2597,8.64,9.40,26.15,33.54,29.84,0.00,200.00,0.00,0.00,567.70,-1217.14
2598,9.72,9.40,26.06,33.34,29.70,100.86,200.00,0.00,0.00,565.72,-1154.18
2599,11.14,9.40,26.24,33.29,29.76,345.67,200.00,0.00,0.00,569.65,-1082.41
2600,12.80,9.40,26.74,33.41,30.08,1092.52,200.00,0.00,0.00,580.46,-1007.76
2601,14.57,9.40,27.00,33.72,30.36,2256.76,200.00,-40.15,0.00,586.12,-936.05
2602,16.34,9.40,27.00,34.18,30.59,3402.23,200.00,-117.64,0.00,586.12,-871.92
2603,17.98,9.40,27.00,34.73,30.87,4236.22,200.00,-205.67,0.00,586.12,-818.72
2604,19.39,9.40,27.00,35.31,31.16,4547.57,200.00,-294.07,0.00,586.12,-778.50
2605,20.45,9.40,27.00,35.86,31.43,4187.34,200.00,-371.62,0.00,586.12,-753.37
2606,21.10,9.40,27.00,36.32,31.66,3324.72,200.00,-429.54,0.00,586.12,-743.62
2607,21.29,9.40,27.00,36.62,31.81,2158.99,200.00,-462.20,0.00,586.12,-749.17
2608,21.00,9.40,27.00,36.75,31.87,999.44,200.00,-467.52,0.00,586.12,-769.50
2609,20.25,9.40,27.00,36.72,31.86,334.26,200.00,-449.61,0.00,586.12,-804.68
2610,19.09,9.40,27.00,36.55,31.78,102.03,200.00,-414.19,0.00,586.12,-853.50
2611,17.59,9.40,27.00,36.34,31.67,0.00,200.00,-370.15,0.00,586.12,-916.38
2612,15.86,9.40,27.00,36.12,31.56,0.00,200.00,-321.03,0.00,586.12,-990.14
2613,14.00,9.40,27.00,35.88,31.44,0.00,200.00,-268.23,0.00,586.12,-1069.09
2614,12.15,9.40,27.00,35.62,31.31,0.00,200.00,-213.48,0.00,586.12,-1147.16
2615,10.43,9.40,27.00,35.35,31.18,0.00,200.00,-158.68,0.00,586.12,-1218.38
2616,9.19,9.40,27.00,35.07,31.04,0.00,200.00,-109.47,0.00,586.12,-1265.27
2617,8.04,9.40,27.00,34.79,30.89,0.00,200.00,-60.76,0.00,586.12,-1307.18
2618,7.32,9.40,27.00,34.50,30.75,0.00,200.00,-17.53,0.00,586.12,-1328.50
2619,7.06,9.40,26.74,34.21,30.47,0.00,200.00,0.00,0.00,580.46,-1327.11
2620,7.28,9.40,26.34,33.92,30.13,0.00,200.00,0.00,0.00,571.88,-1302.43
2621,7.96,9.40,26.06,33.65,29.85,0.00,200.00,0.00,0.00,565.78,-1255.45
2622,9.07,9.40,25.96,33.44,29.70,106.74,200.00,0.00,0.00,563.59,-1191.34
2623,10.51,9.40,26.13,33.38,29.76,345.87,200.00,0.00,0.00,567.33,-1117.89
2624,12.20,9.40,26.62,33.50,30.06,1067.58,200.00,0.00,0.00,577.95,-1041.06
2625,14.02,9.40,27.00,33.80,30.40,2222.55,200.00,-31.23,0.00,586.12,-966.74
2626,15.84,9.40,27.00,34.25,30.62,3364.36,200.00,-108.35,0.00,586.12,-899.63
2627,17.55,9.40,27.00,34.80,30.90,4192.29,200.00,-196.19,0.00,586.12,-843.08
2628,19.02,9.40,27.00,35.37,31.18,4500.63,200.00,-284.58,0.00,586.12,-799.21
2629,20.16,9.40,27.00,35.91,31.46,4139.24,200.00,-362.33,0.00,586.12,-770.16
2630,20.88,9.40,27.00,36.36,31.68,3280.56,200.00,-420.68,0.00,586.12,-756.26
2631,21.16,9.40,27.00,36.65,31.83,2117.54,200.00,-454.02,0.00,586.12,-757.49
2632,20.95,9.40,27.00,36.78,31.89,968.98,200.00,-460.33,0.00,586.12,-773.41
2633,20.29,9.40,27.00,36.75,31.87,335.68,200.00,-443.89,0.00,586.12,-804.19
2634,19.23,9.40,27.00,36.59,31.79,108.09,200.00,-410.21,0.00,586.12,-848.66
2635,17.82,9.40,27.00,36.38,31.69,0.00,200.00,-367.97,0.00,586.12,-907.09
2636,16.18,9.40,27.00,36.16,31.58,0.00,200.00,-320.80,0.00,586.12,-976.43
2637,14.42,9.40,27.00,35.92,31.46,0.00,200.00,-270.06,0.00,586.12,-1051.03
2638,12.65,9.40,27.00,35.67,31.33,0.00,200.00,-217.45,0.00,586.12,-1124.88
2639,11.02,9.40,27.00,35.40,31.20,0.00,200.00,-164.86,0.00,586.12,-1192.04
2640,9.86,9.40,27.00,35.13,31.06,0.00,200.00,-117.91,0.00,586.12,-1235.14
2641,8.80,9.40,27.00,34.85,30.93,0.00,200.00,-71.50,0.00,586.12,-1273.43
2642,8.15,9.40,27.00,34.57,30.78,0.00,200.00,-30.58,0.00,586.12,-1291.42
2643,7.96,9.40,26.95,34.29,30.62,0.00,200.00,0.00,0.00,585.07,-1287.02
2644,8.24,9.40,26.59,34.01,30.30,0.00,200.00,0.00,0.00,577.17,-1259.67
2645,8.98,9.40,26.34,33.74,30.04,0.00,200.00,0.00,0.00,571.73,-1210.40
2646,10.13,9.40,26.27,33.55,29.91,112.54,200.00,0.00,0.00,570.23,-1144.49
2647,11.62,9.40,26.47,33.50,29.98,346.50,200.00,0.00,0.00,574.60,-1069.58
2648,13.34,9.40,26.98,33.63,30.30,1043.26,200.00,0.00,0.00,585.74,-991.61
2649,15.18,9.40,27.00,33.93,30.47,2188.73,200.00,-58.68,0.00,586.12,-916.54
2650,17.02,9.40,27.00,34.39,30.69,3326.78,200.00,-137.13,0.00,586.12,-849.10
2651,18.73,9.40,27.00,34.94,30.97,4148.78,200.00,-226.08,0.00,586.12,-792.66
2652,20.19,9.40,27.00,35.52,31.26,4454.24,200.00,-315.37,0.00,586.12,-749.33
2653,21.31,9.40,27.00,36.07,31.53,4091.72,200.00,-393.83,0.00,586.12,-721.25
2654,22.02,9.40,27.00,36.52,31.76,3237.00,200.00,-452.72,0.00,586.12,-708.76
2655,22.26,9.40,27.00,36.82,31.91,2076.97,200.00,-486.43,0.00,586.12,-711.83
2656,22.01,9.40,27.00,36.95,31.97,939.78,200.00,-493.00,0.00,586.12,-730.03
2657,21.31,9.40,27.00,36.93,31.96,338.52,200.00,-476.94,0.00,586.12,-763.60
2658,20.18,9.40,27.00,36.78,31.89,114.05,200.00,-443.47,0.00,586.12,-811.29
2659,18.71,9.40,27.00,36.57,31.79,0.00,200.00,-401.15,0.00,586.12,-873.16
2660,17.00,9.40,27.00,36.36,31.68,0.00,200.00,-353.66,0.00,586.12,-946.22
2661,15.16,9.40,27.00,36.13,31.56,0.00,200.00,-302.39,0.00,586.12,-1024.78
2662,13.32,9.40,27.00,35.88,31.44,0.00,200.00,-249.04,0.00,586.12,-1102.79
2663,11.59,9.40,27.00,35.62,31.31,0.00,200.00,-195.52,0.00,586.12,-1174.28
2664,10.35,9.40,27.00,35.35,31.17,0.00,200.00,-147.41,0.00,586.12,-1221.89
2665,9.19,9.40,27.00,35.07,31.03,0.00,200.00,-99.69,0.00,586.12,-1264.70
2666,8.45,9.40,27.00,34.79,30.89,0.00,200.00,-57.31,0.00,586.12,-1287.24
2667,8.17,9.40,27.00,34.50,30.75,0.00,200.00,-21.61,0.00,586.12,-1287.38
2668,8.36,9.40,26.91,34.23,30.57,0.00,200.00,0.00,0.00,584.18,-1264.52
2669,9.01,9.40,26.63,33.96,30.30,0.00,200.00,0.00,0.00,578.19,-1219.63
2670,10.07,9.40,26.54,33.76,30.15,118.24,200.00,0.00,0.00,576.14,-1158.05
2671,11.47,9.40,26.71,33.71,30.21,347.56,200.00,0.00,0.00,579.91,-1087.20
2672,13.11,9.40,27.00,33.83,30.42,1019.57,200.00,-14.16,0.00,586.12,-1012.95
2673,14.87,9.40,27.00,34.13,30.56,2155.33,200.00,-71.69,0.00,586.12,-941.29
2674,16.64,9.40,27.00,34.58,30.79,3289.50,200.00,-147.69,0.00,586.12,-876.95
2675,18.28,9.40,27.00,35.12,31.06,4105.72,200.00,-234.15,0.00,586.12,-823.24
2676,19.68,9.40,27.00,35.69,31.34,4408.42,200.00,-320.98,0.00,586.12,-782.27
2677,20.76,9.40,27.00,36.23,31.61,4044.81,200.00,-397.01,0.00,586.12,-756.16
2678,21.42,9.40,27.00,36.66,31.83,3194.05,200.00,-453.59,0.00,586.12,-745.24
2679,21.62,9.40,27.00,36.95,31.98,2037.29,200.00,-485.14,0.00,586.12,-749.47
2680,21.35,9.40,27.00,37.07,32.04,911.83,200.00,-489.79,0.00,586.12,-768.43
2681,20.63,9.40,27.00,37.04,32.02,341.74,200.00,-472.25,0.00,586.12,-802.47
2682,19.49,9.40,27.00,36.89,31.94,119.90,200.00,-437.53,0.00,586.12,-850.25
2683,18.03,9.40,27.00,36.68,31.84,0.00,200.00,-394.08,0.00,586.12,-911.68
2684,16.32,9.40,27.00,36.45,31.73,0.00,200.00,-345.63,0.00,586.12,-983.84
2685,14.50,9.40,27.00,36.21,31.61,0.00,200.00,-293.60,0.00,586.12,-1061.07
2686,12.69,9.40,27.00,35.96,31.48,0.00,200.00,-239.69,0.00,586.12,-1137.34
2687,11.00,9.40,27.00,35.69,31.35,0.00,200.00,-185.81,0.00,586.12,-1206.67
2688,9.80,9.40,27.00,35.41,31.21,0.00,200.00,-137.53,0.00,586.12,-1251.82
2689,8.70,9.40,27.00,35.13,31.07,0.00,200.00,-89.87,0.00,586.12,-1291.74
2690,8.02,9.40,27.00,34.84,30.92,0.00,200.00,-47.77,0.00,586.12,-1311.06
2691,7.80,9.40,27.00,34.56,30.78,0.00,200.00,-12.56,0.00,586.12,-1307.68
2692,8.07,9.40,26.80,34.28,30.54,0.00,200.00,0.00,0.00,581.67,-1281.04
2693,8.80,9.40,26.53,34.01,30.27,0.00,200.00,0.00,0.00,575.95,-1232.16
2694,9.94,9.40,26.45,33.81,30.13,123.84,200.00,0.00,0.00,574.27,-1166.51
2695,11.43,9.40,26.65,33.76,30.20,349.05,200.00,0.00,0.00,578.44,-1091.36
2696,13.16,9.40,27.00,33.88,30.44,996.50,200.00,-10.50,0.00,586.12,-1012.61
2697,15.02,9.40,27.00,34.17,30.59,2122.36,200.00,-69.35,0.00,586.12,-936.37
2698,16.87,9.40,27.00,34.62,30.81,3252.53,200.00,-146.78,0.00,586.12,-867.41
2699,18.61,9.40,27.00,35.16,31.08,4063.11,200.00,-234.75,0.00,586.12,-809.11
2700,20.11,9.40,27.00,35.73,31.36,4363.19,200.00,-323.18,0.00,586.12,-763.63
2701,21.27,9.40,27.00,36.27,31.63,3998.53,200.00,-400.89,0.00,586.12,-733.11
2702,22.02,9.40,27.00,36.71,31.85,3151.72,200.00,-459.28,0.00,586.12,-717.98
2703,22.31,9.40,27.00,37.00,32.00,1998.49,200.00,-492.71,0.00,586.12,-718.22
2704,22.12,9.40,27.00,37.12,32.06,885.11,200.00,-499.42,0.00,586.12,-733.49
2705,21.47,9.40,27.00,37.10,32.05,344.89,200.00,-484.23,0.00,586.12,-764.26
2706,20.40,9.40,27.00,36.95,31.98,125.64,200.00,-451.93,0.00,586.12,-809.17
2707,18.99,9.40,27.00,36.75,31.88,0.00,200.00,-410.79,0.00,586.12,-867.99
2708,17.35,9.40,27.00,36.54,31.77,0.00,200.00,-364.59,0.00,586.12,-937.92
2709,15.58,9.40,27.00,36.31,31.65,0.00,200.00,-314.72,0.00,586.12,-1013.32
2710,13.80,9.40,27.00,36.06,31.53,0.00,200.00,-262.87,0.00,586.12,-1088.17
2711,12.14,9.40,27.00,35.80,31.40,0.00,200.00,-210.93,0.00,586.12,-1156.52
2712,10.96,9.40,27.00,35.54,31.27,0.00,200.00,-164.43,0.00,586.12,-1201.20
2713,9.87,9.40,27.00,35.26,31.13,0.00,200.00,-118.42,0.00,586.12,-1241.02
2714,9.19,9.40,27.00,34.99,30.99,0.00,200.00,-77.79,0.00,586.12,-1260.70
2715,8.97,9.40,27.00,34.71,30.85,0.00,200.00,-43.88,0.00,586.12,-1258.13
2716,9.22,9.40,27.00,34.44,30.72,0.00,200.00,-17.63,0.00,586.12,-1232.74
2717,9.92,9.40,26.99,34.18,30.58,0.00,200.00,0.00,0.00,585.96,-1185.54
2718,11.04,9.40,26.93,33.99,30.46,129.34,200.00,0.00,0.00,584.52,-1122.07
2719,12.48,9.40,27.00,33.95,30.47,350.98,200.00,-9.11,0.00,586.12,-1049.42
2720,14.16,9.40,27.00,34.07,30.54,974.07,200.00,-45.24,0.00,586.12,-973.42
2721,15.96,9.40,27.00,34.37,30.69,2089.82,200.00,-103.84,0.00,586.12,-900.22
2722,17.75,9.40,27.00,34.82,30.91,3215.89,200.00,-180.74,0.00,586.12,-834.60
2723,19.41,9.40,27.00,35.37,31.18,4020.96,200.00,-267.93,0.00,586.12,-779.87
2724,20.83,9.40,27.00,35.94,31.47,4318.56,200.00,-355.34,0.00,586.12,-738.20
2725,21.91,9.40,27.00,36.47,31.74,3952.88,200.00,-431.81,0.00,586.12,-711.68
2726,22.58,9.40,27.00,36.91,31.96,3110.02,200.00,-488.79,0.00,586.12,-700.71
2727,22.78,9.40,27.00,37.20,32.10,1960.59,200.00,-520.69,0.00,586.12,-705.24
2728,22.50,9.40,27.00,37.33,32.16,859.62,200.00,-525.80,0.00,586.12,-724.92
2729,21.75,9.40,27.00,37.30,32.15,347.99,200.00,-509.14,0.00,586.12,-760.24
2730,20.59,9.40,27.00,37.16,32.08,131.26,200.00,-475.31,0.00,586.12,-809.78
2731,19.09,9.40,27.00,36.96,31.98,0.00,200.00,-432.44,0.00,586.12,-873.06
2732,17.36,9.40,27.00,36.74,31.87,0.00,200.00,-384.41,0.00,586.12,-947.36
2733,15.50,9.40,27.00,36.50,31.75,0.00,200.00,-332.62,0.00,586.12,-1026.95
2734,13.63,9.40,27.00,36.26,31.63,0.00,200.00,-278.79,0.00,586.12,-1105.81
2735,11.90,9.40,27.00,35.99,31.50,0.00,200.00,-224.81,0.00,586.12,-1177.93
2736,10.64,9.40,27.00,35.72,31.36,0.00,200.00,-176.23,0.00,586.12,-1226.19
2737,9.48,9.40,27.00,35.44,31.22,0.00,200.00,-128.16,0.00,586.12,-1269.20
2738,8.73,9.40,27.00,35.16,31.08,0.00,200.00,-85.48,0.00,586.12,-1291.73
2739,8.45,9.40,27.00,34.88,30.94,0.00,200.00,-49.57,0.00,586.12,-1291.65
2740,8.65,9.40,27.00,34.60,30.80,0.00,200.00,-21.38,0.00,586.12,-1268.35
2741,9.31,9.40,27.00,34.33,30.66,0.00,200.00,-1.36,0.00,586.12,-1222.84
2742,10.39,9.40,26.93,34.14,30.53,134.72,200.00,0.00,0.00,584.59,-1160.71
2743,11.81,9.40,27.00,34.09,30.54,353.99,200.00,-7.74,0.00,586.12,-1088.90
2744,13.47,9.40,27.00,34.20,30.60,952.29,200.00,-42.16,0.00,586.12,-1013.19
2745,15.26,9.40,27.00,34.49,30.74,2057.72,200.00,-99.10,0.00,586.12,-939.78
2746,17.06,9.40,27.00,34.93,30.96,3179.58,200.00,-174.48,0.00,586.12,-873.47
2747,18.73,9.40,27.00,35.46,31.23,3979.29,200.00,-260.28,0.00,586.12,-817.60
2748,20.18,9.40,27.00,36.02,31.51,4274.55,200.00,-346.46,0.00,586.12,-774.34
2749,21.29,9.40,27.00,36.55,31.77,3907.88,200.00,-421.91,0.00,586.12,-745.81
2750,21.99,9.40,27.00,36.97,31.99,3068.98,200.00,-478.10,0.00,586.12,-732.43
2751,22.24,9.40,27.00,37.26,32.13,1923.59,200.00,-509.48,0.00,586.12,-734.19
2752,22.01,9.40,27.00,37.37,32.19,835.33,200.00,-514.43,0.00,586.12,-750.80
2753,21.33,9.40,27.00,37.35,32.17,351.03,200.00,-498.09,0.00,586.12,-782.87
2754,20.24,9.40,27.00,37.20,32.10,136.75,200.00,-464.88,0.00,586.12,-828.94
2755,18.82,9.40,27.00,36.99,32.00,0.00,200.00,-422.79,0.00,586.12,-888.41
2756,17.16,9.40,27.00,36.77,31.89,0.00,200.00,-375.74,0.00,586.12,-958.69
2757,15.38,9.40,27.00,36.54,31.77,0.00,200.00,-325.12,0.00,586.12,-1034.09
2758,13.61,9.40,27.00,36.29,31.64,0.00,200.00,-272.64,0.00,586.12,-1108.62
2759,11.96,9.40,27.00,36.03,31.51,0.00,200.00,-220.19,0.00,586.12,-1176.33
2760,10.79,9.40,27.00,35.75,31.38,0.00,200.00,-173.27,0.00,586.12,-1220.22
2761,9.72,9.40,27.00,35.48,31.24,0.00,200.00,-127.02,0.00,586.12,-1258.78
2762,9.07,9.40,27.00,35.20,31.10,0.00,200.00,-86.29,0.00,586.12,-1276.91
2763,8.88,9.40,27.00,34.92,30.96,0.00,200.00,-52.44,0.00,586.12,-1272.51
2764,9.17,9.40,27.00,34.64,30.82,0.00,200.00,-26.38,0.00,586.12,-1245.04
2765,9.92,9.40,27.00,34.38,30.69,0.00,200.00,-8.58,0.00,586.12,-1195.53
2766,11.08,9.40,27.00,34.19,30.60,139.99,200.00,-4.51,0.00,586.12,-1129.70
2767,12.58,9.40,27.00,34.15,30.58,357.20,200.00,-19.66,0.00,586.12,-1054.39
2768,14.32,9.40,27.00,34.27,30.64,931.15,200.00,-56.19,0.00,586.12,-975.37
2769,16.18,9.40,27.00,34.57,30.78,2026.08,200.00,-115.11,0.00,586.12,-898.91
2770,18.03,9.40,27.00,35.01,31.01,3143.62,200.00,-192.40,0.00,586.12,-829.90
2771,19.76,9.40,27.00,35.55,31.27,3938.11,200.00,-280.00,0.00,586.12,-771.68
2772,21.25,9.40,27.00,36.11,31.56,4231.17,200.00,-367.89,0.00,586.12,-726.47
2773,22.40,9.40,27.00,36.64,31.82,3863.54,200.00,-444.92,0.00,586.12,-696.39
2774,23.13,9.40,27.00,37.08,32.04,3028.60,200.00,-502.62,0.00,586.12,-681.92
2775,23.39,9.40,27.00,37.37,32.18,1887.49,200.00,-535.42,0.00,586.12,-683.04
2776,23.18,9.40,27.00,37.49,32.24,812.23,200.00,-541.77,0.00,586.12,-699.52
2777,22.50,9.40,27.00,37.47,32.24,354.00,200.00,-526.93,0.00,586.12,-732.02
2778,21.40,9.40,27.00,37.34,32.17,142.12,200.00,-495.11,0.00,586.12,-779.06
2779,19.96,9.40,27.00,37.14,32.07,0.00,200.00,-454.13,0.00,586.12,-839.85
2780,18.27,9.40,27.00,36.93,31.96,0.00,200.00,-407.99,0.00,586.12,-911.87
2781,16.46,9.40,27.00,36.70,31.85,0.00,200.00,-358.06,0.00,586.12,-989.43
2782,14.64,9.40,27.00,36.46,31.73,0.00,200.00,-306.05,0.00,586.12,-1066.50
2783,12.95,9.40,27.00,36.21,31.60,0.00,200.00,-253.85,0.00,586.12,-1137.11
2784,11.72,9.40,27.00,35.94,31.47,0.00,200.00,-206.92,0.00,586.12,-1184.32
2785,10.58,9.40,27.00,35.67,31.34,0.00,200.00,-160.48,0.00,586.12,-1226.41
2786,9.86,9.40,27.00,35.40,31.20,0.00,200.00,-119.33,0.00,586.12,-1248.34
2787,9.59,9.40,27.00,35.12,31.06,0.00,200.00,-84.84,0.00,586.12,-1247.97
2788,9.80,9.40,27.00,34.85,30.93,0.00,200.00,-57.94,0.00,586.12,-1224.72
2789,10.46,9.40,27.00,34.59,30.80,0.00,200.00,-39.10,0.00,586.12,-1179.58
2790,11.53,9.40,27.00,34.41,30.71,145.15,200.00,-33.92,0.00,586.12,-1118.30
2791,12.94,9.40,27.00,34.37,30.69,360.35,200.00,-47.73,0.00,586.12,-1047.55
2792,14.58,9.40,27.00,34.49,30.74,910.65,200.00,-82.28,0.00,586.12,-972.90
2793,16.35,9.40,27.00,34.78,30.89,1994.90,200.00,-139.23,0.00,586.12,-900.83
2794,18.11,9.40,27.00,35.22,31.11,3108.02,200.00,-214.37,0.00,586.12,-836.11
2795,19.75,9.40,27.00,35.75,31.37,3897.43,200.00,-299.68,0.00,586.12,-782.05
2796,21.15,9.40,27.00,36.31,31.65,4188.42,200.00,-385.17,0.00,586.12,-740.82
2797,22.21,9.40,27.00,36.83,31.91,3819.88,200.00,-459.73,0.00,586.12,-714.52
2798,22.86,9.40,27.00,37.26,32.13,2988.89,200.00,-514.96,0.00,586.12,-703.59
2799,23.05,9.40,27.00,37.54,32.27,1852.29,200.00,-545.32,0.00,586.12,-707.99
2800,22.77,9.40,27.00,37.65,32.32,790.30,200.00,-549.36,0.00,586.12,-727.49
2801,22.02,9.40,27.00,37.63,32.31,356.92,200.00,-532.49,0.00,586.12,-762.79
2802,20.87,9.40,27.00,37.49,32.24,147.36,200.00,-498.77,0.00,586.12,-812.34
2803,19.38,9.40,27.00,37.28,32.14,0.00,200.00,-455.91,0.00,586.12,-875.17
2804,17.65,9.40,27.00,37.06,32.03,0.00,200.00,-407.97,0.00,586.12,-948.81
2805,15.81,9.40,27.00,36.83,31.91,0.00,200.00,-356.35,0.00,586.12,-1027.56
2806,13.97,9.40,27.00,36.58,31.79,0.00,200.00,-302.78,0.00,586.12,-1105.38
2807,12.25,9.40,27.00,36.32,31.66,0.00,200.00,-249.15,0.00,586.12,-1176.29
2808,11.02,9.40,27.00,36.05,31.52,0.00,200.00,-200.93,0.00,586.12,-1223.44
2809,9.89,9.40,27.00,35.77,31.38,0.00,200.00,-153.38,0.00,586.12,-1264.94
2810,9.18,9.40,27.00,35.48,31.24,0.00,200.00,-111.31,0.00,586.12,-1285.82
2811,8.93,9.40,27.00,35.20,31.10,0.00,200.00,-76.09,0.00,586.12,-1283.98
2812,9.17,9.40,27.00,34.93,30.96,0.00,200.00,-48.67,0.00,586.12,-1258.84
2813,9.88,9.40,27.00,34.66,30.83,0.00,200.00,-29.52,0.00,586.12,-1211.41
2814,11.00,9.40,27.00,34.47,30.74,150.19,200.00,-24.32,0.00,586.12,-1147.55
2815,12.46,9.40,27.00,34.43,30.71,363.43,200.00,-38.26,0.00,586.12,-1073.81
2816,14.17,9.40,27.00,34.54,30.77,890.81,200.00,-72.94,0.00,586.12,-995.75
2817,16.00,9.40,27.00,34.82,30.91,1964.19,200.00,-130.12,0.00,586.12,-919.94
2818,17.84,9.40,27.00,35.25,31.13,3072.80,200.00,-205.66,0.00,586.12,-851.22
2819,19.56,9.40,27.00,35.78,31.39,3857.26,200.00,-291.53,0.00,586.12,-792.93
2820,21.04,9.40,27.00,36.33,31.67,4146.33,200.00,-377.76,0.00,586.12,-747.29
2821,22.20,9.40,27.00,36.85,31.93,3776.90,200.00,-453.24,0.00,586.12,-716.46
2822,22.94,9.40,27.00,37.28,32.14,2949.87,200.00,-509.59,0.00,586.12,-700.92
2823,23.22,9.40,27.00,37.55,32.28,1817.99,200.00,-541.28,0.00,586.12,-700.70
2824,23.03,9.40,27.00,37.67,32.33,769.52,200.00,-546.95,0.00,586.12,-715.65
2825,22.38,9.40,27.00,37.65,32.32,359.78,200.00,-532.06,0.00,586.12,-746.56
2826,21.31,9.40,27.00,37.51,32.26,152.46,200.00,-500.52,0.00,586.12,-791.90
2827,19.91,9.40,27.00,37.31,32.16,0.00,200.00,-459.86,0.00,586.12,-850.59
2828,18.27,9.40,27.00,37.10,32.05,0.00,200.00,-414.19,0.00,586.12,-920.27
2829,16.51,9.40,27.00,36.87,31.94,0.00,200.00,-364.88,0.00,586.12,-995.28
2830,14.75,9.40,27.00,36.63,31.82,0.00,200.00,-313.63,0.00,586.12,-1069.63
2831,13.11,9.40,27.00,36.38,31.69,0.00,200.00,-262.32,0.00,586.12,-1137.37
2832,11.94,9.40,27.00,36.11,31.56,0.00,200.00,-216.37,0.00,586.12,-1181.76
2833,10.87,9.40,27.00,35.84,31.42,0.00,200.00,-171.07,0.00,586.12,-1220.77
2834,10.21,9.40,27.00,35.57,31.28,0.00,200.00,-131.19,0.00,586.12,-1239.55
2835,10.01,9.40,27.00,35.30,31.15,0.00,200.00,-98.07,0.00,586.12,-1236.01
2836,10.28,9.40,27.00,35.03,31.01,0.00,200.00,-72.64,0.00,586.12,-1209.60
2837,11.01,9.40,27.00,34.77,30.89,0.00,200.00,-55.35,0.00,586.12,-1161.33
2838,12.15,9.40,27.00,34.60,30.80,155.12,200.00,-52.05,0.00,586.12,-1097.18
2839,13.62,9.40,27.00,34.56,30.78,366.45,200.00,-67.70,0.00,586.12,-1023.58
2840,15.33,9.40,27.00,34.68,30.84,871.62,200.00,-103.69,0.00,586.12,-946.01
2841,17.15,9.40,27.00,34.98,30.99,1933.96,200.00,-161.91,0.00,586.12,-871.10
2842,18.97,9.40,27.00,35.42,31.21,3037.95,200.00,-238.26,0.00,586.12,-803.69
2843,20.67,9.40,27.00,35.95,31.48,3817.61,200.00,-324.70,0.00,586.12,-747.11
2844,22.11,9.40,27.00,36.51,31.75,4104.89,200.00,-411.27,0.00,586.12,-703.60
2845,23.22,9.40,27.00,37.03,32.02,3734.62,200.00,-486.86,0.00,586.12,-675.26
2846,23.91,9.40,27.00,37.46,32.23,2907.64,200.00,-543.13,0.00,586.12,-662.59
2847,24.13,9.40,27.00,37.75,32.37,1784.59,200.00,-574.60,0.00,586.12,-665.58
2848,23.87,9.40,27.00,37.86,32.43,749.86,200.00,-579.94,0.00,586.12,-684.09
2849,23.14,9.40,27.00,37.85,32.43,362.58,200.00,-564.71,0.00,586.12,-718.91
2850,22.00,9.40,27.00,37.72,32.36,157.44,200.00,-532.56,0.00,586.12,-768.39
2851,20.52,9.40,27.00,37.53,32.26,0.00,200.00,-491.03,0.00,586.12,-831.33
2852,18.79,9.40,27.00,37.32,32.16,0.00,200.00,-444.28,0.00,586.12,-905.39
2853,16.94,9.40,27.00,37.09,32.05,0.00,200.00,-393.71,0.00,586.12,-984.89
2854,15.09,9.40,27.00,36.85,31.92,0.00,200.00,-341.04,0.00,586.12,-1063.77
2855,13.35,9.40,27.00,36.59,31.80,0.00,200.00,-288.16,0.00,586.12,-1136.05
2856,12.09,9.40,27.00,36.33,31.67,0.00,200.00,-240.46,0.00,586.12,-1185.04
2857,10.93,9.40,27.00,36.06,31.53,0.00,200.00,-193.33,0.00,586.12,-1228.48
2858,10.18,9.40,27.00,35.78,31.39,0.00,200.00,-151.51,0.00,586.12,-1251.56
2859,9.89,9.40,27.00,35.50,31.25,0.00,200.00,-116.38,0.00,586.12,-1252.14
2860,10.08,9.40,27.00,35.23,31.12,0.00,200.00,-88.88,0.00,586.12,-1229.65
2861,10.73,9.40,27.00,34.97,30.99,0.00,200.00,-69.49,0.00,586.12,-1185.05
2862,11.79,9.40,27.00,34.79,30.90,159.93,200.00,-64.19,0.00,586.12,-1124.40
2863,13.19,9.40,27.00,34.76,30.88,369.41,200.00,-77.82,0.00,586.12,-1053.95
2864,14.84,9.40,27.00,34.87,30.93,853.08,200.00,-111.63,0.00,586.12,-979.08
2865,16.61,9.40,27.00,35.15,31.08,1904.21,200.00,-167.61,0.00,586.12,-906.47
2866,18.38,9.40,27.00,35.58,31.29,3003.50,200.00,-241.75,0.00,586.12,-840.93
2867,20.03,9.40,27.00,36.11,31.55,3778.50,200.00,-326.03,0.00,586.12,-785.80
2868,21.45,9.40,27.00,36.66,31.83,4064.13,200.00,-410.55,0.00,586.12,-743.30
2869,22.53,9.40,27.00,37.17,32.09,3693.06,200.00,-484.22,0.00,586.12,-715.53
2870,23.21,9.40,27.00,37.59,32.29,2861.72,200.00,-538.69,0.00,586.12,-702.95
2871,23.43,9.40,27.00,37.86,32.43,1752.08,200.00,-568.64,0.00,586.12,-705.65
2872,23.17,9.40,27.00,37.97,32.49,731.31,200.00,-572.77,0.00,586.12,-723.45
2873,22.46,9.40,27.00,37.96,32.48,365.32,200.00,-556.70,0.00,586.12,-757.22
2874,21.35,9.40,27.00,37.82,32.41,162.28,200.00,-523.87,0.00,586.12,-805.22
2875,19.90,9.40,27.00,37.62,32.31,0.00,200.00,-481.82,0.00,586.12,-866.18
2876,18.21,9.40,27.00,37.40,32.20,0.00,200.00,-434.76,0.00,586.12,-937.88
2877,16.41,9.40,27.00,37.17,32.08,0.00,200.00,-384.11,0.00,586.12,-1014.65
2878,14.61,9.40,27.00,36.92,31.96,0.00,200.00,-331.56,0.00,586.12,-1090.46
2879,12.94,9.40,27.00,36.66,31.83,0.00,200.00,-279.02,0.00,586.12,-1159.35
2880,11.75,9.40,27.00,36.39,31.70,0.00,200.00,-231.85,0.00,586.12,-1204.78
2881,10.66,9.40,27.00,36.12,31.56,0.00,200.00,-185.47,0.00,586.12,-1244.31
2882,9.99,9.40,27.00,35.84,31.42,0.00,200.00,-144.62,0.00,586.12,-1263.29
2883,9.79,9.40,27.00,35.56,31.28,0.00,200.00,-110.65,0.00,586.12,-1259.62
2884,10.07,9.40,27.00,35.29,31.14,0.00,200.00,-84.49,0.00,586.12,-1232.75
2885,10.81,9.40,27.00,35.03,31.01,0.00,200.00,-66.60,0.00,586.12,-1183.70
2886,11.97,9.40,27.00,34.85,30.93,164.63,200.00,-62.88,0.00,586.12,-1118.52
2887,13.46,9.40,27.00,34.81,30.91,372.30,200.00,-78.11,0.00,586.12,-1043.45
2888,15.20,9.40,27.00,34.92,30.96,835.20,200.00,-113.40,0.00,586.12,-963.89
2889,17.06,9.40,27.00,35.20,31.10,1874.95,200.00,-170.82,0.00,586.12,-886.63
2890,18.92,9.40,27.00,35.63,31.31,2969.46,200.00,-246.41,0.00,586.12,-816.56
2891,20.66,9.40,27.00,36.15,31.57,3739.92,200.00,-332.17,0.00,586.12,-757.07
2892,22.16,9.40,27.00,36.69,31.85,4024.06,200.00,-418.16,0.00,586.12,-710.41
2893,23.32,9.40,27.00,37.21,32.10,3652.21,200.00,-493.29,0.00,586.12,-678.73
2894,24.07,9.40,27.00,37.62,32.31,2816.86,200.00,-549.16,0.00,586.12,-662.53
2895,24.35,9.40,27.00,37.89,32.45,1720.47,200.00,-580.34,0.00,586.12,-661.87
2896,24.16,9.40,27.00,38.00,32.50,713.83,200.00,-586.16,0.00,586.12,-676.87
2897,23.50,9.40,27.00,37.99,32.50,368.01,200.00,-572.02,0.00,586.12,-708.39
2898,22.42,9.40,27.00,37.87,32.43,166.99,200.00,-541.54,0.00,586.12,-754.86
2899,21.01,9.40,27.00,37.67,32.34,0.00,200.00,-501.65,0.00,586.12,-814.65
2900,19.35,9.40,27.00,37.47,32.23,0.00,200.00,-456.61,0.00,586.12,-885.61
2901,17.56,9.40,27.00,37.25,32.12,0.00,200.00,-407.83,0.00,586.12,-962.08
2902,15.77,9.40,27.00,37.01,32.00,0.00,200.00,-356.98,0.00,586.12,-1038.04
2903,14.10,9.40,27.00,36.76,31.88,0.00,200.00,-305.96,0.00,586.12,-1107.53
2904,12.89,9.40,27.00,36.50,31.75,0.00,200.00,-260.08,0.00,586.12,-1154.12
2905,11.79,9.40,27.00,36.24,31.62,0.00,200.00,-214.82,0.00,586.12,-1195.13
2906,11.09,9.40,27.00,35.97,31.48,0.00,200.00,-174.87,0.00,586.12,-1216.00
2907,10.85,9.40,27.00,35.70,31.35,0.00,200.00,-141.58,0.00,586.12,-1214.63
2908,11.08,9.40,27.00,35.43,31.22,0.00,200.00,-115.88,0.00,586.12,-1190.43
2909,11.77,9.40,27.00,35.18,31.09,0.00,200.00,-98.22,0.00,586.12,-1144.41
2910,12.86,9.40,27.00,35.01,31.00,169.22,200.00,-94.61,0.00,586.12,-1082.65
2911,14.29,9.40,27.00,34.98,30.99,375.13,200.00,-109.66,0.00,586.12,-1011.23
2912,15.95,9.40,27.00,35.09,31.04,817.96,200.00,-144.35,0.00,586.12,-935.49
2913,17.73,9.40,27.00,35.37,31.19,1846.19,200.00,-200.84,0.00,586.12,-862.21
2914,19.51,9.40,27.00,35.80,31.40,2929.57,200.00,-275.20,0.00,586.12,-796.25
2915,21.16,9.40,27.00,36.32,31.66,3701.89,200.00,-359.55,0.00,586.12,-741.01
2916,22.57,9.40,27.00,36.86,31.93,3984.68,200.00,-443.93,0.00,586.12,-698.69
2917,23.64,9.40,27.00,37.37,32.19,3612.09,200.00,-517.26,0.00,586.12,-671.38
2918,24.29,9.40,27.00,37.78,32.39,2773.07,200.00,-571.16,0.00,586.12,-659.54
2919,24.48,9.40,27.00,38.05,32.53,1689.75,200.00,-600.36,0.00,586.12,-663.24
2920,24.20,9.40,27.00,38.16,32.58,697.40,200.00,-604.21,0.00,586.12,-682.57
2921,23.45,9.40,27.00,38.14,32.57,370.64,200.00,-588.22,0.00,586.12,-718.37
2922,22.28,9.40,27.00,38.02,32.51,171.57,200.00,-555.89,0.00,586.12,-769.05
2923,20.78,9.40,27.00,37.82,32.41,0.00,200.00,-514.04,0.00,586.12,-832.74
2924,19.05,9.40,27.00,37.61,32.31,0.00,200.00,-467.02,0.00,586.12,-907.36
2925,17.19,9.40,27.00,37.38,32.19,0.00,200.00,-416.23,0.00,586.12,-987.19
2926,15.33,9.40,27.00,37.14,32.07,0.00,200.00,-363.38,0.00,586.12,-1066.20
2927,13.60,9.40,27.00,36.89,31.94,0.00,200.00,-310.39,0.00,586.12,-1138.38
2928,12.33,9.40,27.00,36.62,31.81,0.00,200.00,-262.56,0.00,586.12,-1187.38
2929,11.18,9.40,27.00,36.35,31.67,0.00,200.00,-215.44,0.00,586.12,-1230.29
2930,10.44,9.40,27.00,36.07,31.54,0.00,200.00,-173.73,0.00,586.12,-1252.65
2931,10.17,9.40,27.00,35.79,31.40,0.00,200.00,-138.79,0.00,586.12,-1252.33
2932,10.38,9.40,27.00,35.52,31.26,0.00,200.00,-111.56,0.00,586.12,-1228.75
2933,11.06,9.40,27.00,35.26,31.13,0.00,200.00,-92.53,0.00,586.12,-1182.89
2934,12.15,9.40,27.00,35.08,31.04,173.69,200.00,-87.75,0.00,586.12,-1120.89
2935,13.59,9.40,27.00,35.04,31.02,377.90,200.00,-101.76,0.00,586.12,-1048.74
2936,15.27,9.40,27.00,35.15,31.07,801.38,200.00,-135.41,0.00,586.12,-971.74
2937,17.07,9.40,27.00,35.42,31.21,1817.94,200.00,-190.93,0.00,586.12,-896.72
2938,18.89,9.40,27.00,35.84,31.42,2888.92,200.00,-264.43,0.00,586.12,-828.57
2939,20.58,9.40,27.00,36.35,31.67,3664.43,200.00,-348.14,0.00,586.12,-770.76
2940,22.04,9.40,27.00,36.88,31.94,3946.00,200.00,-432.09,0.00,586.12,-725.49
2941,23.17,9.40,27.00,37.38,32.19,3572.71,200.00,-505.20,0.00,586.12,-694.89
2942,23.89,9.40,27.00,37.79,32.39,2730.35,200.00,-559.07,0.00,586.12,-679.44
2943,24.15,9.40,27.00,38.05,32.52,1659.92,200.00,-588.58,0.00,586.12,-679.31
2944,23.94,9.40,27.00,38.15,32.58,681.99,200.00,-593.10,0.00,586.12,-694.62
2945,23.27,9.40,27.00,38.13,32.57,373.22,200.00,-578.15,0.00,586.12,-726.32
2946,22.20,9.40,27.00,38.01,32.50,176.03,200.00,-547.17,0.00,586.12,-772.82
2947,20.79,9.40,27.00,37.81,32.41,0.00,200.00,-506.80,0.00,586.12,-832.15
2948,19.14,9.40,27.00,37.60,32.30,0.00,200.00,-461.42,0.00,586.12,-902.34
2949,17.38,9.40,27.00,37.38,32.19,0.00,200.00,-412.41,0.00,586.12,-977.73
2950,15.61,9.40,27.00,37.14,32.07,0.00,200.00,-361.48,0.00,586.12,-1052.32
2951,13.97,9.40,27.00,36.89,31.94,0.00,200.00,-310.53,0.00,586.12,-1120.16
2952,12.79,9.40,27.00,36.63,31.81,0.00,200.00,-264.79,0.00,586.12,-1165.03
2953,11.73,9.40,27.00,36.36,31.68,0.00,200.00,-219.88,0.00,586.12,-1203.86
2954,11.08,9.40,27.00,36.09,31.54,0.00,200.00,-180.43,0.00,586.12,-1222.34
2955,10.89,9.40,27.00,35.82,31.41,0.00,200.00,-147.78,0.00,586.12,-1218.38
2956,11.18,9.40,27.00,35.55,31.28,0.00,200.00,-122.86,0.00,586.12,-1191.42
2957,11.92,9.40,27.00,35.30,31.15,0.00,200.00,-106.12,0.00,586.12,-1142.50
2958,13.08,9.40,27.00,35.13,31.07,178.05,200.00,-103.70,0.00,586.12,-1077.83
2959,14.57,9.40,27.00,35.10,31.05,380.61,200.00,-119.97,0.00,586.12,-1003.34
2960,16.30,9.40,27.00,35.21,31.11,785.43,200.00,-155.61,0.00,586.12,-924.29
2961,18.15,9.40,27.00,35.49,31.25,1790.20,200.00,-212.93,0.00,586.12,-847.59
2962,20.00,9.40,27.00,35.92,31.46,2848.98,200.00,-287.99,0.00,586.12,-778.15
2963,21.71,9.40,27.00,36.43,31.72,3627.53,200.00,-373.17,0.00,586.12,-719.48
2964,23.19,9.40,27.00,36.97,31.99,3908.03,200.00,-458.44,0.00,586.12,-673.80
2965,24.32,9.40,27.00,37.48,32.24,3534.08,200.00,-532.68,0.00,586.12,-643.23
2966,25.04,9.40,27.00,37.89,32.45,2688.70,200.00,-587.49,0.00,586.12,-628.26
2967,25.29,9.40,27.00,38.16,32.58,1630.96,200.00,-617.88,0.00,586.12,-629.08
2968,25.06,9.40,27.00,38.27,32.63,667.58,200.00,-623.22,0.00,586.12,-645.84
2969,24.36,9.40,27.00,38.26,32.63,375.74,200.00,-609.06,0.00,586.12,-679.48
2970,23.24,9.40,27.00,38.14,32.57,180.36,200.00,-578.75,0.00,586.12,-728.41
2971,21.78,9.40,27.00,37.96,32.48,0.00,200.00,-538.77,0.00,586.12,-790.49
2972,20.08,9.40,27.00,37.75,32.38,0.00,200.00,-493.54,0.00,586.12,-863.76
2973,18.25,9.40,27.00,37.54,32.27,0.00,200.00,-444.47,0.00,586.12,-942.55
2974,16.42,9.40,27.00,37.30,32.15,0.00,200.00,-393.25,0.00,586.12,-1020.82
2975,14.70,9.40,27.00,37.06,32.03,0.00,200.00,-341.79,0.00,586.12,-1092.59
2976,13.44,9.40,27.00,36.80,31.90,0.00,200.00,-295.30,0.00,586.12,-1141.72
2977,12.29,9.40,27.00,36.53,31.77,0.00,200.00,-249.47,0.00,586.12,-1184.86
2978,11.56,9.40,27.00,36.27,31.63,0.00,200.00,-208.90,0.00,586.12,-1207.78
2979,11.28,9.40,27.00,36.00,31.50,0.00,200.00,-174.95,0.00,586.12,-1208.33
2980,11.47,9.40,27.00,35.73,31.37,0.00,200.00,-148.58,0.00,586.12,-1185.93
2981,12.13,9.40,27.00,35.48,31.24,0.00,200.00,-130.23,0.00,586.12,-1141.56
2982,13.19,9.40,27.00,35.31,31.16,182.29,200.00,-126.16,0.00,586.12,-1081.44
2983,14.59,9.40,27.00,35.28,31.14,383.25,200.00,-140.58,0.00,586.12,-1011.36
2984,16.23,9.40,27.00,35.39,31.19,770.13,200.00,-174.11,0.00,586.12,-936.50
2985,17.99,9.40,27.00,35.66,31.33,1762.97,200.00,-229.12,0.00,586.12,-863.74
2986,19.75,9.40,27.00,36.08,31.54,2809.75,200.00,-301.72,0.00,586.12,-797.98
2987,21.39,9.40,27.00,36.59,31.79,3591.21,200.00,-384.43,0.00,586.12,-742.74
2988,22.79,9.40,27.00,37.12,32.06,3870.77,200.00,-467.20,0.00,586.12,-700.19
2989,23.86,9.40,27.00,37.62,32.31,3496.20,200.00,-538.95,0.00,586.12,-672.41
2990,24.52,9.40,27.00,38.02,32.51,2648.11,200.00,-591.28,0.00,586.12,-659.85
2991,24.71,9.40,27.00,38.27,32.64,1602.88,200.00,-619.37,0.00,586.12,-662.76
2992,24.44,9.40,27.00,38.37,32.69,654.12,200.00,-622.64,0.00,586.12,-681.25
2993,23.70,9.40,27.00,38.36,32.68,378.21,200.00,-606.67,0.00,586.12,-716.29
2994,22.56,9.40,27.00,38.24,32.62,184.56,200.00,-574.78,0.00,586.12,-766.27
2995,21.08,9.40,27.00,38.04,32.52,0.00,200.00,-533.30,0.00,586.12,-828.88
2996,19.37,9.40,27.00,37.83,32.41,0.00,200.00,-486.74,0.00,586.12,-902.23
2997,17.54,9.40,27.00,37.60,32.30,0.00,200.00,-436.50,0.00,586.12,-980.66
2998,15.72,9.40,27.00,37.36,32.18,0.00,200.00,-384.28,0.00,586.12,-1058.11
2999,14.02,9.40,27.00,37.11,32.05,0.00,200.00,-332.01,0.00,586.12,-1128.63
3000,12.78,9.40,27.00,36.85,31.92,0.00,200.00,-284.87,0.00,586.12,-1176.19
3001,11.67,9.40,27.00,36.57,31.79,0.00,200.00,-238.63,0.00,586.12,-1217.26
3002,10.98,9.40,27.00,36.30,31.65,0.00,200.00,-197.86,0.00,586.12,-1237.70
3003,10.75,9.40,27.00,36.03,31.51,0.00,200.00,-163.93,0.00,586.12,-1235.42
3004,11.01,9.40,27.00,35.76,31.38,0.00,200.00,-137.78,0.00,586.12,-1209.86
3005,11.73,9.40,27.00,35.50,31.25,0.00,200.00,-119.88,0.00,586.12,-1162.03
3006,12.86,9.40,27.00,35.33,31.17,186.43,200.00,-116.58,0.00,586.12,-1098.26
3007,14.34,9.40,27.00,35.30,31.15,385.83,200.00,-131.87,0.00,586.12,-1024.23
3008,16.06,9.40,27.00,35.40,31.20,755.47,200.00,-166.28,0.00,586.12,-945.15
3009,17.91,9.40,27.00,35.67,31.34,1736.27,200.00,-222.25,0.00,586.12,-867.98
3010,19.76,9.40,27.00,36.08,31.54,2771.25,200.00,-295.87,0.00,586.12,-797.66
3011,21.50,9.40,27.00,36.59,31.80,3555.48,200.00,-379.80,0.00,586.12,-737.81
3012,22.99,9.40,27.00,37.12,32.06,3834.25,200.00,-463.94,0.00,586.12,-690.63
3013,24.15,9.40,27.00,37.62,32.31,3459.09,200.00,-537.18,0.00,586.12,-658.24
3014,24.90,9.40,27.00,38.02,32.51,2608.59,200.00,-591.10,0.00,586.12,-641.15
3015,25.19,9.40,27.00,38.27,32.64,1575.66,200.00,-621.00,0.00,586.12,-639.70
3016,25.00,9.40,27.00,38.38,32.69,641.60,200.00,-626.31,0.00,586.12,-654.04
3017,24.35,9.40,27.00,38.37,32.68,380.63,200.00,-612.61,0.00,586.12,-685.23
3018,23.29,9.40,27.00,38.25,32.63,188.65,200.00,-583.11,0.00,586.12,-731.67
3019,21.88,9.40,27.00,38.07,32.53,0.00,200.00,-543.97,0.00,586.12,-790.96
3020,20.24,9.40,27.00,37.86,32.43,0.00,200.00,-499.74,0.00,586.12,-861.31
3021,18.48,9.40,27.00,37.65,32.32,0.00,200.00,-451.78,0.00,586.12,-937.07
3022,16.71,9.40,27.00,37.41,32.21,0.00,200.00,-401.80,0.00,586.12,-1012.24
3023,15.06,9.40,27.00,37.17,32.08,0.00,200.00,-351.68,0.00,586.12,-1080.86
3024,13.86,9.40,27.00,36.92,31.96,0.00,200.00,-306.57,0.00,586.12,-1127.07
3025,12.78,9.40,27.00,36.66,31.83,0.00,200.00,-262.27,0.00,586.12,-1167.08
3026,12.11,9.40,27.00,36.39,31.70,0.00,200.00,-223.31,0.00,586.12,-1186.91
3027,11.89,9.40,27.00,36.13,31.56,0.00,200.00,-191.03,0.00,586.12,-1184.47
3028,12.15,9.40,27.00,35.87,31.43,0.00,200.00,-166.37,0.00,586.12,-1159.20
3029,12.87,9.40,27.00,35.62,31.31,0.00,200.00,-149.78,0.00,586.12,-1112.10
3030,13.99,9.40,27.00,35.46,31.23,190.46,200.00,-147.75,0.00,586.12,-1049.60
3031,15.45,9.40,27.00,35.44,31.22,388.35,200.00,-163.98,0.00,586.12,-977.18
3032,17.14,9.40,27.00,35.55,31.27,741.43,200.00,-198.96,0.00,586.12,-900.03
3033,18.94,9.40,27.00,35.82,31.41,1710.08,200.00,-255.16,0.00,586.12,-825.15
3034,20.75,9.40,27.00,36.24,31.62,2733.49,200.00,-328.69,0.00,586.12,-757.44
3035,22.42,9.40,27.00,36.75,31.88,3520.34,200.00,-412.33,0.00,586.12,-700.55
3036,23.85,9.40,27.00,37.28,32.14,3798.46,200.00,-495.94,0.00,586.12,-656.63
3037,24.94,9.40,27.00,37.78,32.39,3422.75,200.00,-568.43,0.00,586.12,-627.79
3038,25.61,9.40,27.00,38.18,32.59,2570.13,200.00,-621.37,0.00,586.12,-614.48
3039,25.82,9.40,27.00,38.44,32.72,1549.30,200.00,-650.21,0.00,586.12,-617.04
3040,25.54,9.40,27.00,38.55,32.77,629.97,200.00,-654.40,0.00,586.12,-635.62
3041,24.81,9.40,27.00,38.54,32.77,382.99,200.00,-639.69,0.00,586.12,-671.32
3042,23.65,9.40,27.00,38.43,32.71,192.61,200.00,-608.95,0.00,586.12,-722.35
3043,22.16,9.40,27.00,38.24,32.62,0.00,200.00,-568.36,0.00,586.12,-786.20
3044,20.42,9.40,27.00,38.04,32.52,0.00,200.00,-522.52,0.00,586.12,-861.09
3045,18.56,9.40,27.00,37.82,32.41,0.00,200.00,-472.83,0.00,586.12,-941.34
3046,16.70,9.40,27.00,37.59,32.29,0.00,200.00,-421.01,0.00,586.12,-1020.89
3047,14.96,9.40,27.00,37.34,32.17,0.00,200.00,-368.96,0.00,586.12,-1093.75
3048,13.68,9.40,27.00,37.08,32.04,0.00,200.00,-321.81,0.00,586.12,-1144.11
3049,12.51,9.40,27.00,36.82,31.91,0.00,200.00,-275.45,0.00,586.12,-1187.94
3050,11.77,9.40,27.00,36.55,31.77,0.00,200.00,-234.40,0.00,586.12,-1211.32
3051,11.48,9.40,27.00,36.28,31.64,0.00,200.00,-200.04,0.00,586.12,-1212.12
3052,11.67,9.40,27.00,36.01,31.51,0.00,200.00,-173.31,0.00,586.12,-1189.76
3053,12.33,9.40,27.00,35.76,31.38,0.00,200.00,-154.68,0.00,586.12,-1145.21
3054,13.40,9.40,27.00,35.60,31.30,194.37,200.00,-150.79,0.00,586.12,-1084.94
3055,14.81,9.40,27.00,35.56,31.28,390.81,200.00,-165.12,0.00,586.12,-1014.28
3056,16.47,9.40,27.00,35.66,31.33,728.02,200.00,-198.13,0.00,586.12,-938.38
3057,18.25,9.40,27.00,35.93,31.46,1684.43,200.00,-252.36,0.00,586.12,-864.26
3058,20.03,9.40,27.00,36.34,31.67,2696.45,200.00,-323.96,0.00,586.12,-796.83
3059,21.70,9.40,27.00,36.83,31.92,3485.80,200.00,-405.84,0.00,586.12,-739.77
3060,23.13,9.40,27.00,37.36,32.18,3763.41,200.00,-487.85,0.00,586.12,-695.23
3061,24.23,9.40,27.00,37.84,32.42,3387.19,200.00,-558.91,0.00,586.12,-665.31
3062,24.92,9.40,27.00,38.23,32.62,2532.72,200.00,-610.61,0.00,586.12,-650.47
3063,25.16,9.40,27.00,38.48,32.74,1523.79,200.00,-638.52,0.00,586.12,-651.14
3064,24.92,9.40,27.00,38.58,32.79,619.22,200.00,-642.15,0.00,586.12,-667.47
3065,24.23,9.40,27.00,38.57,32.78,385.31,200.00,-627.39,0.00,586.12,-700.69
3066,23.13,9.40,27.00,38.45,32.73,196.45,200.00,-596.75,0.00,586.12,-748.90
3067,21.70,9.40,27.00,38.26,32.63,0.00,200.00,-556.46,0.00,586.12,-809.53
3068,20.03,9.40,27.00,38.05,32.53,0.00,200.00,-511.13,0.00,586.12,-880.92
3069,18.25,9.40,27.00,37.83,32.42,0.00,200.00,-462.16,0.00,586.12,-957.40
3070,16.46,9.40,27.00,37.60,32.30,0.00,200.00,-411.25,0.00,586.12,-1032.96
3071,14.81,9.40,27.00,37.35,32.17,0.00,200.00,-360.32,0.00,586.12,-1101.65
3072,13.61,9.40,27.00,37.09,32.04,0.00,200.00,-314.43,0.00,586.12,-1147.83
3073,12.53,9.40,27.00,36.82,31.91,0.00,200.00,-269.54,0.00,586.12,-1187.26
3074,11.88,9.40,27.00,36.55,31.78,0.00,200.00,-230.12,0.00,586.12,-1206.19
3075,11.69,9.40,27.00,36.29,31.64,0.00,200.00,-197.53,0.00,586.12,-1202.54
3076,11.97,9.40,27.00,36.03,31.51,0.00,200.00,-172.71,0.00,586.12,-1175.76
3077,12.72,9.40,27.00,35.80,31.40,84.81,200.00,-158.41,0.00,586.12,-1128.19
3078,13.88,9.40,27.00,35.64,31.32,198.18,200.00,-156.69,0.00,586.12,-1063.79
3079,15.38,9.40,27.00,35.62,31.31,393.20,200.00,-173.14,0.00,586.12,-989.08
3080,17.12,9.40,27.00,35.72,31.36,715.22,200.00,-208.17,0.00,586.12,-909.27
3081,18.98,9.40,27.00,35.99,31.49,1659.31,200.00,-264.33,0.00,586.12,-831.44
3082,20.84,9.40,27.00,36.40,31.70,2660.16,200.00,-337.77,0.00,586.12,-760.54
3083,22.57,9.40,27.00,36.90,31.95,3451.86,200.00,-421.51,0.00,586.12,-700.34
3084,24.07,9.40,27.00,37.43,32.21,3729.11,200.00,-505.34,0.00,586.12,-653.01
3085,25.22,9.40,27.00,37.92,32.46,3352.41,200.00,-578.16,0.00,586.12,-620.67
3086,25.96,9.40,27.00,38.31,32.66,2496.37,200.00,-631.53,0.00,586.12,-603.80
3087,26.24,9.40,27.00,38.57,32.78,1499.13,200.00,-661.14,0.00,586.12,-602.89
3088,26.03,9.40,27.00,38.68,32.84,609.29,200.00,-666.50,0.00,586.12,-618.15
3089,25.36,9.40,27.00,38.67,32.84,387.57,200.00,-653.62,0.00,586.12,-650.87
3090,24.27,9.40,27.00,38.57,32.79,200.18,200.00,-624.67,0.00,586.12,-699.05
3091,22.84,9.40,27.00,38.39,32.69,0.00,200.00,-587.66,0.00,586.12,-760.03
3092,21.17,9.40,27.00,38.19,32.60,0.00,200.00,-543.53,0.00,586.12,-832.22
3093,19.36,9.40,27.00,37.98,32.49,0.00,200.00,-495.57,0.00,586.12,-909.93
3094,17.56,9.40,27.00,37.75,32.38,0.00,200.00,-445.48,0.00,586.12,-987.16
3095,15.87,9.40,27.00,37.51,32.26,0.00,200.00,-395.15,0.00,586.12,-1057.92
3096,14.62,9.40,27.00,37.26,32.13,0.00,200.00,-349.61,0.00,586.12,-1106.71
3097,13.50,9.40,27.00,37.00,32.00,0.00,200.00,-304.89,0.00,586.12,-1148.96
3098,12.78,9.40,27.00,36.74,31.87,0.00,200.00,-265.42,0.00,586.12,-1171.06
3099,12.53,9.40,27.00,36.48,31.74,0.00,200.00,-232.55,0.00,586.12,-1170.89
3100,12.74,9.40,27.00,36.22,31.61,0.00,200.00,-207.24,0.00,586.12,-1147.86
3101,13.41,9.40,27.00,36.00,31.50,85.21,200.00,-192.27,0.00,586.12,-1104.28
3102,14.49,9.40,27.00,35.85,31.43,201.89,200.00,-189.78,0.00,586.12,-1044.13
3103,15.90,9.40,27.00,35.83,31.41,395.53,200.00,-205.14,0.00,586.12,-973.76
3104,17.55,9.40,27.00,35.93,31.47,703.03,200.00,-238.75,0.00,586.12,-898.32
3105,19.32,9.40,27.00,36.20,31.60,1634.73,200.00,-293.18,0.00,586.12,-824.87
3106,21.09,9.40,27.00,36.60,31.80,2624.62,200.00,-364.65,0.00,586.12,-758.35
3107,22.73,9.40,27.00,37.10,32.05,3418.54,200.00,-446.29,0.00,586.12,-702.50
3108,24.13,9.40,27.00,37.62,32.31,3695.56,200.00,-527.89,0.00,586.12,-659.44
3109,25.20,9.40,27.00,38.11,32.56,3318.43,200.00,-598.37,0.00,586.12,-631.26
3110,25.85,9.40,27.00,38.50,32.75,2461.07,200.00,-649.31,0.00,586.12,-618.41
3111,26.03,9.40,27.00,38.75,32.87,1475.29,200.00,-676.53,0.00,586.12,-621.35
3112,25.75,9.40,27.00,38.85,32.92,600.17,200.00,-679.61,0.00,586.12,-640.27
3113,25.00,9.40,27.00,38.84,32.92,389.78,200.00,-664.72,0.00,586.12,-676.53
3114,23.84,9.40,27.00,38.73,32.87,203.80,200.00,-633.69,0.00,586.12,-727.96
3115,22.34,9.40,27.00,38.54,32.77,0.00,200.00,-594.59,0.00,586.12,-791.78
3116,20.61,9.40,27.00,38.34,32.67,0.00,200.00,-548.43,0.00,586.12,-866.45
3117,18.76,9.40,27.00,38.12,32.56,0.00,200.00,-498.50,0.00,586.12,-946.25
3118,16.91,9.40,27.00,37.88,32.44,0.00,200.00,-446.52,0.00,586.12,-1025.15
3119,15.19,9.40,27.00,37.64,32.32,0.00,200.00,-394.40,0.00,586.12,-1097.17
3120,13.91,9.40,27.00,37.38,32.19,0.00,200.00,-347.15,0.00,586.12,-1146.88
3121,12.78,9.40,27.00,37.11,32.06,0.00,200.00,-300.90,0.00,586.12,-1189.50
3122,12.06,9.40,27.00,36.84,31.92,0.00,200.00,-260.06,0.00,586.12,-1211.51
3123,11.80,9.40,27.00,36.57,31.79,0.00,200.00,-226.00,0.00,586.12,-1210.80
3124,12.03,9.40,27.00,36.31,31.65,0.00,200.00,-199.67,0.00,586.12,-1186.78
3125,12.72,9.40,27.00,36.08,31.54,85.63,200.00,-183.87,0.00,586.12,-1141.80
3126,13.83,9.40,27.00,35.92,31.46,205.49,200.00,-180.87,0.00,586.12,-1079.88
3127,15.28,9.40,27.00,35.89,31.45,397.79,200.00,-195.79,0.00,586.12,-1007.27
3128,16.98,9.40,27.00,35.99,31.49,691.44,200.00,-229.04,0.00,586.12,-929.14
3129,18.80,9.40,27.00,36.25,31.62,1610.69,200.00,-283.21,0.00,586.12,-852.60
3130,20.63,9.40,27.00,36.64,31.82,2589.82,200.00,-354.53,0.00,586.12,-782.62
3131,22.34,9.40,27.00,37.14,32.07,3385.85,200.00,-436.26,0.00,586.12,-723.04
3132,23.82,9.40,27.00,37.65,32.33,3662.77,200.00,-518.16,0.00,586.12,-676.00
3133,24.96,9.40,27.00,38.13,32.57,3285.25,200.00,-589.14,0.00,586.12,-643.61
3134,25.70,9.40,27.00,38.51,32.76,2426.81,200.00,-640.78,0.00,586.12,-626.36
3135,25.97,9.40,27.00,38.76,32.88,1452.28,200.00,-669.01,0.00,586.12,-624.83
3136,25.78,9.40,27.00,38.85,32.93,591.81,200.00,-673.41,0.00,586.12,-639.25
3137,25.12,9.40,27.00,38.85,32.93,391.94,200.00,-660.28,0.00,586.12,-671.10
3138,24.05,9.40,27.00,38.75,32.87,207.30,200.00,-631.11,0.00,586.12,-718.12
3139,22.65,9.40,27.00,38.56,32.78,0.00,200.00,-593.96,0.00,586.12,-777.54
3140,21.01,9.40,27.00,38.36,32.68,0.00,200.00,-549.84,0.00,586.12,-847.89
3141,19.25,9.40,27.00,38.14,32.57,0.00,200.00,-502.04,0.00,586.12,-923.51
3142,17.49,9.40,27.00,37.91,32.46,0.00,200.00,-452.26,0.00,586.12,-998.41
3143,15.85,9.40,27.00,37.67,32.34,0.00,200.00,-402.38,0.00,586.12,-1066.64
3144,14.65,9.40,27.00,37.42,32.21,0.00,200.00,-357.37,0.00,586.12,-1112.97
3145,13.59,9.40,27.00,37.16,32.08,0.00,200.00,-313.39,0.00,586.12,-1152.34
3146,12.93,9.40,27.00,36.90,31.95,0.00,200.00,-274.80,0.00,586.12,-1171.44
3147,12.74,9.40,27.00,36.64,31.82,0.00,200.00,-242.94,0.00,586.12,-1168.17
3148,13.02,9.40,27.00,36.38,31.69,0.00,200.00,-218.76,0.00,586.12,-1141.98
3149,13.76,9.40,27.00,36.16,31.58,86.06,200.00,-205.06,0.00,586.12,-1095.23
3150,14.90,9.40,27.00,36.02,31.51,208.98,200.00,-204.17,0.00,586.12,-1032.03
3151,16.39,9.40,27.00,35.99,31.50,400.00,200.00,-220.95,0.00,586.12,-958.49
3152,18.10,9.40,27.00,36.10,31.55,680.43,200.00,-255.79,0.00,586.12,-879.81
3153,19.94,9.40,27.00,36.37,31.68,1587.18,200.00,-311.27,0.00,586.12,-803.12
3154,21.77,9.40,27.00,36.77,31.89,2555.78,200.00,-383.63,0.00,586.12,-733.40
3155,23.47,9.40,27.00,37.27,32.13,3353.78,200.00,-466.25,0.00,586.12,-674.53
3156,24.93,9.40,27.00,37.79,32.39,3630.74,200.00,-548.84,0.00,586.12,-628.63
3157,26.04,9.40,27.00,38.27,32.64,3252.87,200.00,-620.30,0.00,586.12,-597.80
3158,26.74,9.40,27.00,38.66,32.83,2393.59,200.00,-672.20,0.00,586.12,-582.52
3159,26.97,9.40,27.00,38.91,32.95,1430.08,200.00,-700.59,0.00,586.12,-583.38
3160,26.72,9.40,27.00,39.01,33.01,584.18,200.00,-705.08,0.00,586.12,-600.61
3161,26.01,9.40,27.00,39.02,33.01,394.05,200.00,-692.07,0.00,586.12,-635.74
3162,24.88,9.40,27.00,38.92,32.96,210.70,200.00,-662.75,0.00,586.12,-686.36
3163,23.40,9.40,27.00,38.74,32.87,0.00,200.00,-625.21,0.00,586.12,-749.58
3164,21.69,9.40,27.00,38.54,32.77,0.00,200.00,-580.45,0.00,586.12,-823.95
3165,19.84,9.40,27.00,38.33,32.67,0.00,200.00,-531.80,0.00,586.12,-903.80
3166,17.99,9.40,27.00,38.10,32.55,0.00,200.00,-480.98,0.00,586.12,-983.06
3167,16.26,9.40,27.00,37.86,32.43,0.00,200.00,-429.88,0.00,586.12,-1055.76
3168,14.97,9.40,27.00,37.61,32.31,0.00,200.00,-383.42,0.00,586.12,-1106.75
3169,13.81,9.40,27.00,37.35,32.18,0.00,200.00,-337.88,0.00,586.12,-1150.67
3170,13.07,9.40,27.00,37.09,32.05,0.00,200.00,-297.59,0.00,586.12,-1174.28
3171,12.78,9.40,27.00,36.83,31.91,0.00,200.00,-263.92,0.00,586.12,-1175.45
3172,12.97,9.40,27.00,36.57,31.78,0.00,200.00,-237.81,0.00,586.12,-1153.58
3173,13.62,9.40,27.00,36.35,31.68,86.49,200.00,-222.92,0.00,586.12,-1111.22
3174,14.68,9.40,27.00,36.20,31.60,212.37,200.00,-220.05,0.00,586.12,-1052.04
3175,16.08,9.40,27.00,36.18,31.59,402.14,200.00,-234.68,0.00,586.12,-982.21
3176,17.72,9.40,27.00,36.27,31.64,670.01,200.00,-267.22,0.00,586.12,-906.88
3177,19.49,9.40,27.00,36.53,31.77,1564.22,200.00,-320.27,0.00,586.12,-833.19
3178,21.25,9.40,27.00,36.93,31.96,2522.49,200.00,-390.15,0.00,586.12,-766.08
3179,22.90,9.40,27.00,37.41,32.21,3322.34,200.00,-470.34,0.00,586.12,-709.46
3180,24.31,9.40,27.00,37.92,32.46,3599.49,200.00,-550.57,0.00,586.12,-665.40
3181,25.38,9.40,27.00,38.40,32.70,3220.61,200.00,-619.74,0.00,586.12,-636.00
3182,26.05,9.40,27.00,38.77,32.88,2361.40,200.00,-669.47,0.00,586.12,-621.73
3183,26.26,9.40,27.00,39.01,33.00,1408.68,200.00,-695.92,0.00,586.12,-623.18
3184,26.00,9.40,27.00,39.10,33.05,577.26,200.00,-698.76,0.00,586.12,-640.62
3185,25.28,9.40,27.00,39.10,33.05,396.12,200.00,-684.54,0.00,586.12,-675.63
3186,24.15,9.40,27.00,38.99,33.00,213.98,200.00,-654.11,0.00,586.12,-725.70
3187,22.69,9.40,27.00,38.81,32.90,0.00,200.00,-615.62,0.00,586.12,-787.86
3188,20.99,9.40,27.00,38.60,32.80,0.00,200.00,-570.12,0.00,586.12,-860.75
3189,19.18,9.40,27.00,38.38,32.69,0.00,200.00,-520.93,0.00,586.12,-938.70
3190,17.37,9.40,27.00,38.15,32.58,0.00,200.00,-469.78,0.00,586.12,-1015.66
3191,15.69,9.40,27.00,37.90,32.45,0.00,200.00,-418.56,0.00,586.12,-1085.69
3192,14.45,9.40,27.00,37.65,32.32,0.00,200.00,-372.16,0.00,586.12,-1133.80
3193,13.36,9.40,27.00,37.38,32.19,0.00,200.00,-326.93,0.00,586.12,-1174.39
3194,12.68,9.40,27.00,37.12,32.06,0.00,200.00,-287.16,0.00,586.12,-1194.39
3195,12.47,9.40,27.00,36.85,31.93,0.00,200.00,-254.22,0.00,586.12,-1191.69
3196,12.74,9.40,27.00,36.59,31.80,0.00,200.00,-229.05,0.00,586.12,-1165.75
3197,13.48,9.40,27.00,36.37,31.69,86.93,200.00,-215.31,0.00,586.12,-1119.18
3198,14.63,9.40,27.00,36.22,31.61,215.66,200.00,-213.86,0.00,586.12,-1055.71
3199,16.12,9.40,27.00,36.20,31.60,404.21,200.00,-229.96,0.00,586.12,-981.43
3200,17.85,9.40,27.00,36.29,31.65,660.15,200.00,-263.99,0.00,586.12,-901.56
3201,19.71,9.40,27.00,36.55,31.78,1541.81,200.00,-318.57,0.00,586.12,-823.28
3202,21.57,9.40,27.00,36.94,31.97,2489.97,200.00,-389.99,0.00,586.12,-751.61
3203,23.31,9.40,27.00,37.43,32.22,3291.54,200.00,-471.86,0.00,586.12,-690.52
3204,24.80,9.40,27.00,37.94,32.47,3569.00,200.00,-553.86,0.00,586.12,-642.15
3205,25.97,9.40,27.00,38.42,32.71,3182.97,200.00,-624.80,0.00,586.12,-608.58
3206,26.72,9.40,27.00,38.79,32.90,2330.23,200.00,-676.42,0.00,586.12,-590.39
3207,27.00,9.40,27.00,39.04,33.02,1388.07,200.00,-704.89,0.00,586.12,-588.23
3208,26.81,9.40,27.00,39.14,33.07,571.00,200.00,-709.90,0.00,586.12,-602.40
3209,26.16,9.40,27.00,39.14,33.07,398.13,200.00,-698.07,0.00,586.12,-634.62
3210,25.09,9.40,27.00,39.07,33.03,217.17,200.00,-673.07,0.00,586.12,-683.21
3211,23.68,9.40,27.00,38.91,32.96,84.70,200.00,-637.41,0.00,586.12,-744.58
3212,22.03,9.40,27.00,38.72,32.86,0.00,200.00,-593.88,0.00,586.12,-815.74
3213,20.25,9.40,27.00,38.51,32.76,0.00,200.00,-546.56,0.00,586.12,-892.38
3214,18.47,9.40,27.00,38.29,32.64,0.00,200.00,-497.16,0.00,586.12,-968.49
3215,16.81,9.40,27.00,38.05,32.52,0.00,200.00,-447.56,0.00,586.12,-1038.09
3216,15.58,9.40,27.00,37.80,32.40,0.00,200.00,-402.57,0.00,586.12,-1086.38
3217,14.48,9.40,27.00,37.55,32.27,0.00,200.00,-358.62,0.00,586.12,-1127.44
3218,13.80,9.40,27.00,37.29,32.14,0.00,200.00,-319.96,0.00,586.12,-1148.36
3219,13.57,9.40,27.00,37.03,32.02,0.00,200.00,-287.92,0.00,586.12,-1147.03
3220,13.81,9.40,27.00,36.78,31.89,0.00,200.00,-263.45,0.00,586.12,-1122.87
3221,14.50,9.40,27.00,36.57,31.78,85.18,200.00,-250.24,0.00,586.12,-1078.48
3222,15.61,9.40,27.00,36.43,31.71,218.85,200.00,-249.21,0.00,586.12,-1017.64
3223,17.05,9.40,27.00,36.41,31.70,406.23,200.00,-265.37,0.00,586.12,-946.28
3224,18.72,9.40,27.00,36.51,31.76,650.84,200.00,-299.13,0.00,586.12,-869.59
3225,20.51,9.40,27.00,36.77,31.88,1519.94,200.00,-353.09,0.00,586.12,-794.74
3226,22.30,9.40,27.00,37.16,32.08,2458.21,200.00,-423.60,0.00,586.12,-726.72
3227,23.96,9.40,27.00,37.65,32.33,3260.38,200.00,-504.35,0.00,586.12,-669.51
3228,25.37,9.40,27.00,38.16,32.58,3539.29,200.00,-585.03,0.00,586.12,-625.19
3229,26.45,9.40,27.00,38.64,32.82,3146.47,200.00,-654.40,0.00,586.12,-595.80
3230,27.11,9.40,27.00,39.01,33.01,2300.08,200.00,-704.33,0.00,586.12,-581.90
3231,27.30,9.40,27.00,39.25,33.13,1362.44,200.00,-731.01,0.00,586.12,-584.11
3232,27.02,9.40,27.00,39.35,33.17,565.36,200.00,-734.26,0.00,586.12,-602.72
3233,26.27,9.40,27.00,39.35,33.18,400.09,200.00,-720.79,0.00,586.12,-639.47
3234,25.11,9.40,27.00,39.28,33.14,220.25,200.00,-694.03,0.00,586.12,-692.54
3235,23.61,9.40,27.00,39.12,33.06,84.90,200.00,-656.42,0.00,586.12,-758.19
3236,21.87,9.40,27.00,38.92,32.96,0.00,200.00,-610.86,0.00,586.12,-833.47
3237,20.01,9.40,27.00,38.71,32.86,0.00,200.00,-561.45,0.00,586.12,-914.01
3238,18.15,9.40,27.00,38.48,32.74,0.00,200.00,-509.92,0.00,586.12,-993.77
3239,16.41,9.40,27.00,38.24,32.62,0.00,200.00,-458.18,0.00,586.12,-1066.75
3240,15.11,9.40,27.00,37.98,32.49,0.00,200.00,-411.02,0.00,586.12,-1118.23
3241,13.95,9.40,27.00,37.72,32.36,0.00,200.00,-364.96,0.00,586.12,-1162.00
3242,13.21,9.40,27.00,37.46,32.23,0.00,200.00,-324.24,0.00,586.12,-1185.25
3243,12.93,9.40,27.00,37.19,32.10,0.00,200.00,-290.22,0.00,586.12,-1185.84
3244,13.13,9.40,27.00,36.93,31.97,0.00,200.00,-263.86,0.00,586.12,-1163.20
3245,13.80,9.40,27.00,36.71,31.86,83.64,200.00,-248.86,0.00,586.12,-1119.89
3246,14.88,9.40,27.00,36.56,31.78,221.94,200.00,-246.28,0.00,586.12,-1059.76
3247,16.31,9.40,27.00,36.53,31.77,408.18,200.00,-260.90,0.00,586.12,-988.58
3248,17.98,9.40,27.00,36.63,31.81,642.08,200.00,-293.16,0.00,586.12,-911.55
3249,19.77,9.40,27.00,36.88,31.94,1498.62,200.00,-345.68,0.00,586.12,-835.87
3250,21.58,9.40,27.00,37.26,32.13,2427.21,200.00,-414.84,0.00,586.12,-766.54
3251,23.26,9.40,27.00,37.74,32.37,3224.24,200.00,-494.41,0.00,586.12,-707.58
3252,24.71,9.40,27.00,38.23,32.62,3510.36,200.00,-574.17,0.00,586.12,-661.12
3253,25.83,9.40,27.00,38.70,32.85,3111.08,200.00,-642.78,0.00,586.12,-629.17
3254,26.54,9.40,27.00,39.06,33.03,2270.95,200.00,-692.23,0.00,586.12,-612.35
3255,26.79,9.40,27.00,39.29,33.15,1337.41,200.00,-718.69,0.00,586.12,-611.33
3256,26.57,9.40,27.00,39.39,33.19,560.33,200.00,-722.15,0.00,586.12,-626.47
3257,25.89,9.40,27.00,39.39,33.19,402.01,200.00,-709.33,0.00,586.12,-659.60
3258,24.81,9.40,27.00,39.31,33.16,223.23,200.00,-683.45,0.00,586.12,-708.82
3259,23.39,9.40,27.00,39.15,33.08,85.13,200.00,-646.83,0.00,586.12,-770.37
3260,21.74,9.40,27.00,38.95,32.98,0.00,200.00,-602.46,0.00,586.12,-841.38
3261,19.97,9.40,27.00,38.74,32.87,0.00,200.00,-554.42,0.00,586.12,-917.55
3262,18.20,9.40,27.00,38.51,32.75,0.00,200.00,-504.42,0.00,586.12,-992.86
3263,16.55,9.40,27.00,38.27,32.63,0.00,200.00,-454.36,0.00,586.12,-1061.36
3264,15.34,9.40,27.00,38.01,32.51,0.00,200.00,-408.98,0.00,586.12,-1108.52
3265,14.27,9.40,27.00,37.76,32.38,0.00,200.00,-364.87,0.00,586.12,-1147.90
3266,13.62,9.40,27.00,37.49,32.25,0.00,200.00,-326.19,0.00,586.12,-1166.85
3267,13.43,9.40,27.00,37.23,32.12,0.00,200.00,-294.29,0.00,586.12,-1163.31
3268,13.72,9.40,27.00,36.98,31.99,0.00,200.00,-270.12,0.00,586.12,-1136.71
3269,14.47,9.40,27.00,36.76,31.88,82.28,200.00,-257.37,0.00,586.12,-1089.69
3270,15.63,9.40,27.00,36.62,31.81,224.93,200.00,-257.15,0.00,586.12,-1026.17
3271,17.13,9.40,27.00,36.60,31.80,410.07,200.00,-274.01,0.00,586.12,-951.83
3272,18.86,9.40,27.00,36.70,31.85,633.84,200.00,-308.37,0.00,586.12,-871.92
3273,20.72,9.40,27.00,36.95,31.98,1477.85,200.00,-362.83,0.00,586.12,-793.67
3274,22.57,9.40,27.00,37.34,32.17,2396.98,200.00,-433.78,0.00,586.12,-722.13
3275,24.30,9.40,27.00,37.83,32.41,3189.03,200.00,-515.00,0.00,586.12,-661.35
3276,25.78,9.40,27.00,38.33,32.67,3482.21,200.00,-596.38,0.00,586.12,-613.51
3277,26.92,9.40,27.00,38.80,32.90,3076.81,200.00,-666.43,0.00,586.12,-580.60
3278,27.65,9.40,27.00,39.17,33.09,2242.81,200.00,-717.23,0.00,586.12,-563.29
3279,27.91,9.40,27.00,39.41,33.20,1313.54,200.00,-744.94,0.00,586.12,-562.24
3280,27.69,9.40,27.00,39.51,33.25,555.86,200.00,-749.66,0.00,586.12,-577.88
3281,27.00,9.40,27.00,39.52,33.26,403.87,200.00,-738.16,0.00,586.12,-612.06
3282,25.89,9.40,27.00,39.45,33.23,226.11,200.00,-713.38,0.00,586.12,-662.79
3283,24.45,9.40,27.00,39.30,33.15,85.38,200.00,-677.60,0.00,586.12,-726.22
3284,22.75,9.40,27.00,39.11,33.06,0.00,200.00,-633.79,0.00,586.12,-799.50
3285,20.94,9.40,27.00,38.90,32.95,0.00,200.00,-586.11,0.00,586.12,-878.32
3286,19.11,9.40,27.00,38.68,32.84,0.00,200.00,-536.25,0.00,586.12,-956.62
3287,17.41,9.40,27.00,38.45,32.72,0.00,200.00,-486.10,0.00,586.12,-1028.45
3288,16.12,9.40,27.00,38.20,32.60,0.00,200.00,-440.36,0.00,586.12,-1079.38
3289,14.98,9.40,27.00,37.95,32.47,0.00,200.00,-395.71,0.00,586.12,-1122.62
3290,14.25,9.40,27.00,37.69,32.34,0.00,200.00,-356.29,0.00,586.12,-1145.66
3291,13.98,9.40,27.00,37.43,32.21,0.00,200.00,-323.45,0.00,586.12,-1146.37
3292,14.18,9.40,27.00,37.18,32.09,0.00,200.00,-298.14,0.00,586.12,-1124.17
3293,14.84,9.40,27.00,36.96,31.98,81.09,200.00,-284.10,0.00,586.12,-1081.63
3294,15.90,9.40,27.00,36.83,31.91,227.83,200.00,-282.51,0.00,586.12,-1022.69
3295,17.31,9.40,27.00,36.80,31.90,411.90,200.00,-297.71,0.00,586.12,-952.86
3296,18.95,9.40,27.00,36.90,31.95,626.12,200.00,-330.19,0.00,586.12,-877.37
3297,20.71,9.40,27.00,37.15,32.07,1457.62,200.00,-382.51,0.00,586.12,-803.39
3298,22.47,9.40,27.00,37.53,32.27,2367.52,200.00,-451.15,0.00,586.12,-735.95
3299,24.11,9.40,27.00,38.01,32.50,3154.77,200.00,-529.95,0.00,586.12,-679.08
3300,25.51,9.40,27.00,38.50,32.75,3454.84,200.00,-608.90,0.00,586.12,-634.96
3301,26.58,9.40,27.00,38.96,32.98,3043.66,200.00,-676.44,0.00,586.12,-605.49
3302,27.23,9.40,27.00,39.33,33.16,2215.66,200.00,-724.77,0.00,586.12,-591.34
3303,27.42,9.40,27.00,39.55,33.28,1290.81,200.00,-750.08,0.00,586.12,-593.16
3304,27.14,9.40,27.00,39.64,33.32,551.91,200.00,-752.62,0.00,586.12,-611.38
3305,26.40,9.40,27.00,39.65,33.33,405.69,200.00,-739.21,0.00,586.12,-647.88
3306,25.24,9.40,27.00,39.58,33.29,228.89,200.00,-712.61,0.00,586.12,-700.55
3307,23.76,9.40,27.00,39.42,33.21,85.65,200.00,-675.01,0.00,586.12,-765.44
3308,22.04,9.40,27.00,39.22,33.11,0.00,200.00,-629.52,0.00,586.12,-839.75
3309,20.20,9.40,27.00,39.00,33.00,0.00,200.00,-580.28,0.00,586.12,-919.14
3310,18.36,9.40,27.00,38.77,32.89,0.00,200.00,-529.00,0.00,586.12,-997.58
3311,16.66,9.40,27.00,38.53,32.76,0.00,200.00,-477.61,0.00,586.12,-1069.08
3312,15.37,9.40,27.00,38.28,32.64,0.00,200.00,-430.74,0.00,586.12,-1119.40
3313,14.25,9.40,27.00,38.01,32.51,0.00,200.00,-385.21,0.00,586.12,-1161.43
3314,13.55,9.40,27.00,37.75,32.37,0.00,200.00,-345.09,0.00,586.12,-1182.83
3315,13.31,9.40,27.00,37.48,32.24,0.00,200.00,-311.77,0.00,586.12,-1181.50
3316,13.56,9.40,27.00,37.22,32.11,0.00,200.00,-286.18,0.00,586.12,-1156.87
3317,14.26,9.40,27.00,37.00,32.00,80.03,200.00,-272.08,0.00,586.12,-1111.53
3318,15.39,9.40,27.00,36.86,31.93,230.63,200.00,-270.74,0.00,586.12,-1049.51
3319,16.86,9.40,27.00,36.83,31.92,413.67,200.00,-286.27,0.00,586.12,-976.23
3320,18.58,9.40,27.00,36.93,31.96,618.89,200.00,-319.19,0.00,586.12,-896.95
3321,20.42,9.40,27.00,37.17,32.08,1437.94,200.00,-372.05,0.00,586.12,-818.91
3322,22.26,9.40,27.00,37.55,32.27,2338.83,200.00,-441.34,0.00,586.12,-747.18
3323,23.98,9.40,27.00,38.02,32.51,3121.44,200.00,-520.95,0.00,586.12,-685.86
3324,25.47,9.40,27.00,38.51,32.75,3428.26,200.00,-600.95,0.00,586.12,-637.19
3325,26.63,9.40,27.00,38.97,32.98,3011.62,200.00,-669.65,0.00,586.12,-603.09
3326,27.37,9.40,27.00,39.33,33.16,2189.51,200.00,-719.37,0.00,586.12,-584.32
3327,27.66,9.40,27.00,39.56,33.28,1269.17,200.00,-746.26,0.00,586.12,-581.55
3328,27.47,9.40,27.00,39.65,33.32,548.47,200.00,-750.68,0.00,586.12,-595.32
3329,26.82,9.40,27.00,39.66,33.33,407.46,200.00,-739.47,0.00,586.12,-627.61
3330,25.76,9.40,27.00,39.59,33.29,231.58,200.00,-715.15,0.00,586.12,-676.24
3331,24.36,9.40,27.00,39.44,33.22,85.94,200.00,-679.82,0.00,586.12,-737.23
3332,22.72,9.40,27.00,39.24,33.12,0.00,200.00,-636.61,0.00,586.12,-807.88
3333,20.95,9.40,27.00,39.04,33.02,0.00,200.00,-589.66,0.00,586.12,-883.88
3334,19.19,9.40,27.00,38.81,32.91,0.00,200.00,-540.67,0.00,586.12,-959.24
3335,17.55,9.40,27.00,38.58,32.79,0.00,200.00,-491.52,0.00,586.12,-1028.01
3336,16.32,9.40,27.00,38.33,32.67,0.00,200.00,-446.82,0.00,586.12,-1076.11
3337,15.24,9.40,27.00,38.08,32.54,0.00,200.00,-403.41,0.00,586.12,-1116.16
3338,14.58,9.40,27.00,37.82,32.41,0.00,200.00,-365.32,0.00,586.12,-1135.99
3339,14.38,9.40,27.00,37.57,32.28,0.00,200.00,-333.92,0.00,586.12,-1133.52
3340,14.64,9.40,27.00,37.32,32.16,0.00,200.00,-310.12,0.00,586.12,-1108.19
3341,15.37,9.40,27.00,37.11,32.05,79.09,200.00,-297.69,0.00,586.12,-1062.59
3342,16.50,9.40,27.00,36.98,31.99,233.33,200.00,-297.96,0.00,586.12,-1000.82
3343,17.97,9.40,27.00,36.96,31.98,415.38,200.00,-314.80,0.00,586.12,-928.17
3344,19.67,9.40,27.00,37.06,32.03,612.15,200.00,-348.74,0.00,586.12,-849.91
3345,21.49,9.40,27.00,37.31,32.15,1418.81,200.00,-402.29,0.00,586.12,-773.27
3346,23.30,9.40,27.00,37.69,32.34,2310.91,200.00,-471.98,0.00,586.12,-703.33
3347,24.98,9.40,27.00,38.16,32.58,3089.04,200.00,-551.75,0.00,586.12,-644.17
3348,26.43,9.40,27.00,38.66,32.83,3398.98,200.00,-631.73,0.00,586.12,-598.06
3349,27.52,9.40,27.00,39.12,33.06,2980.68,200.00,-700.15,0.00,586.12,-566.84
3350,28.21,9.40,27.00,39.48,33.24,2164.33,200.00,-749.43,0.00,586.12,-551.30
3351,28.42,9.40,27.00,39.72,33.36,1248.62,200.00,-775.73,0.00,586.12,-552.06
3352,28.16,9.40,27.00,39.81,33.41,545.49,200.00,-779.50,0.00,586.12,-569.68
3353,27.43,9.40,27.00,39.83,33.41,409.18,200.00,-767.65,0.00,586.12,-606.13
3354,26.28,9.40,27.00,39.76,33.38,234.18,200.00,-742.51,0.00,586.12,-659.11
3355,24.79,9.40,27.00,39.61,33.31,86.25,200.00,-706.07,0.00,586.12,-724.53
3356,23.06,9.40,27.00,39.42,33.21,0.00,200.00,-661.56,0.00,586.12,-799.68
3357,21.21,9.40,27.00,39.21,33.11,0.00,200.00,-613.14,0.00,586.12,-880.22
3358,19.35,9.40,27.00,38.99,32.99,0.00,200.00,-562.53,0.00,586.12,-960.11
3359,17.61,9.40,27.00,38.75,32.88,0.00,200.00,-511.64,0.00,586.12,-1033.35
3360,16.29,9.40,27.00,38.50,32.75,0.00,200.00,-465.02,0.00,586.12,-1085.99
3361,15.12,9.40,27.00,38.25,32.62,0.00,200.00,-419.65,0.00,586.12,-1130.28
3362,14.38,9.40,27.00,37.99,32.49,0.00,200.00,-379.54,0.00,586.12,-1154.18
3363,14.09,9.40,27.00,37.73,32.36,0.00,200.00,-346.05,0.00,586.12,-1155.54
3364,14.28,9.40,27.00,37.47,32.24,0.00,200.00,-320.14,0.00,586.12,-1133.78
3365,14.93,9.40,27.00,37.26,32.13,78.26,200.00,-305.58,0.00,586.12,-1091.46
3366,15.99,9.40,27.00,37.12,32.06,235.94,200.00,-303.83,0.00,586.12,-1032.70
3367,17.40,9.40,27.00,37.09,32.05,417.02,200.00,-318.55,0.00,586.12,-962.61
3368,19.05,9.40,27.00,37.18,32.09,605.88,200.00,-350.34,0.00,586.12,-886.49
3369,20.82,9.40,27.00,37.42,32.21,1394.54,200.00,-401.65,0.00,586.12,-811.52
3370,22.60,9.40,27.00,37.79,32.40,2283.77,200.00,-469.17,0.00,586.12,-742.81
3371,24.25,9.40,27.00,38.26,32.63,3057.58,200.00,-546.85,0.00,586.12,-684.45
3372,25.68,9.40,27.00,38.74,32.87,3368.07,200.00,-624.87,0.00,586.12,-638.66
3373,26.77,9.40,27.00,39.19,33.10,2950.85,200.00,-691.51,0.00,586.12,-607.34
3374,27.45,9.40,27.00,39.54,33.27,2140.11,200.00,-739.22,0.00,586.12,-591.24
3375,27.67,9.40,27.00,39.77,33.38,1229.10,200.00,-764.18,0.00,586.12,-591.04
3376,27.43,9.40,27.00,39.85,33.43,542.94,200.00,-766.99,0.00,586.12,-607.32
3377,26.72,9.40,27.00,39.86,33.43,410.86,200.00,-754.58,0.00,586.12,-642.11
3378,25.61,9.40,27.00,39.79,33.40,236.68,200.00,-729.08,0.00,586.12,-693.04
3379,24.17,9.40,27.00,39.64,33.32,86.57,200.00,-692.44,0.00,586.12,-755.98
3380,22.49,9.40,27.00,39.44,33.22,0.00,200.00,-647.94,0.00,586.12,-828.27
3381,20.70,9.40,27.00,39.22,33.11,0.00,200.00,-599.75,0.00,586.12,-905.64
3382,18.91,9.40,27.00,39.00,33.00,0.00,200.00,-549.58,0.00,586.12,-982.05
3383,17.24,9.40,27.00,38.76,32.88,0.00,200.00,-499.35,0.00,586.12,-1051.55
3384,15.99,9.40,27.00,38.51,32.75,0.00,200.00,-453.54,0.00,586.12,-1100.38
3385,14.91,9.40,27.00,38.25,32.62,0.00,200.00,-409.22,0.00,586.12,-1140.52
3386,14.25,9.40,27.00,37.99,32.49,0.00,200.00,-370.34,0.00,586.12,-1160.11
3387,14.05,9.40,27.00,37.72,32.36,0.00,200.00,-338.27,0.00,586.12,-1157.07
3388,14.33,9.40,27.00,37.47,32.23,0.00,200.00,-313.94,0.00,586.12,-1130.85
3389,15.08,9.40,27.00,37.26,32.13,77.52,200.00,-301.12,0.00,586.12,-1084.06
3390,16.24,9.40,27.00,37.12,32.06,238.45,200.00,-301.33,0.00,586.12,-1020.91
3391,17.74,9.40,27.00,37.10,32.05,418.61,200.00,-318.00,0.00,586.12,-946.45
3392,19.47,9.40,27.00,37.19,32.10,600.05,200.00,-351.74,0.00,586.12,-866.02
3393,21.34,9.40,27.00,37.43,32.22,1370.99,200.00,-404.92,0.00,586.12,-786.84
3394,23.20,9.40,27.00,37.81,32.40,2257.40,200.00,-474.34,0.00,586.12,-714.12
3395,24.94,9.40,27.00,38.27,32.64,3027.05,200.00,-553.93,0.00,586.12,-651.97
3396,26.43,9.40,27.00,38.76,32.88,3338.23,200.00,-633.88,0.00,586.12,-602.68
3397,27.59,9.40,27.00,39.22,33.11,2922.10,200.00,-702.44,0.00,586.12,-568.16
3398,28.34,9.40,27.00,39.57,33.29,2116.86,200.00,-752.10,0.00,586.12,-549.25
3399,28.62,9.40,27.00,39.80,33.40,1210.60,200.00,-779.02,0.00,586.12,-546.61
3400,28.42,9.40,27.00,39.89,33.45,540.79,200.00,-783.88,0.00,586.12,-560.92
3401,27.76,9.40,27.00,39.91,33.46,412.49,200.00,-773.63,0.00,586.12,-594.26
3402,26.68,9.40,27.00,39.86,33.43,239.10,200.00,-750.18,0.00,586.12,-644.18
3403,25.26,9.40,27.00,39.71,33.35,86.89,200.00,-715.38,0.00,586.12,-706.51
3404,23.59,9.40,27.00,39.52,33.26,0.00,200.00,-672.53,0.00,586.12,-778.64
3405,21.80,9.40,27.00,39.32,33.16,0.00,200.00,-625.83,0.00,586.12,-856.28
3406,20.00,9.40,27.00,39.10,33.05,0.00,200.00,-576.97,0.00,586.12,-933.42
3407,18.33,9.40,27.00,38.87,32.93,0.00,200.00,-527.85,0.00,586.12,-1004.09
3408,17.05,9.40,27.00,38.63,32.81,0.00,200.00,-482.90,0.00,586.12,-1054.69
3409,15.94,9.40,27.00,38.38,32.69,0.00,200.00,-439.28,0.00,586.12,-1096.83
3410,15.23,9.40,27.00,38.12,32.56,0.00,200.00,-400.88,0.00,586.12,-1118.83
3411,14.99,9.40,27.00,37.87,32.43,0.00,200.00,-369.07,0.00,586.12,-1118.56
3412,15.21,9.40,27.00,37.62,32.31,0.00,200.00,-344.78,0.00,586.12,-1095.46
3413,15.89,9.40,27.00,37.41,32.21,76.87,200.00,-331.80,0.00,586.12,-1052.10
3414,16.98,9.40,27.00,37.29,32.14,240.88,200.00,-331.72,0.00,586.12,-992.70
3415,18.40,9.40,27.00,37.27,32.13,420.13,200.00,-347.75,0.00,586.12,-922.17
3416,20.06,9.40,27.00,37.36,32.18,594.67,200.00,-380.58,0.00,586.12,-845.83
3417,21.83,9.40,27.00,37.60,32.30,1348.31,200.00,-432.47,0.00,586.12,-770.83
3418,23.61,9.40,27.00,37.98,32.49,2231.80,200.00,-500.38,0.00,586.12,-702.39
3419,25.25,9.40,27.00,38.44,32.72,2997.45,200.00,-578.26,0.00,586.12,-644.59
3420,26.66,9.40,27.00,38.93,32.96,3309.45,200.00,-656.34,0.00,586.12,-599.69
3421,27.73,9.40,27.00,39.38,33.19,2894.44,200.00,-722.89,0.00,586.12,-569.53
3422,28.38,9.40,27.00,39.73,33.37,2094.56,200.00,-770.48,0.00,586.12,-554.94
3423,28.57,9.40,27.00,39.95,33.48,1193.08,200.00,-795.27,0.00,586.12,-556.54
3424,28.28,9.40,27.00,40.04,33.52,539.01,200.00,-798.05,0.00,586.12,-575.00
3425,27.53,9.40,27.00,40.06,33.53,414.07,200.00,-785.87,0.00,586.12,-612.40
3426,26.37,9.40,27.00,40.00,33.50,241.43,200.00,-760.44,0.00,586.12,-666.18
3427,24.87,9.40,27.00,39.84,33.42,87.23,200.00,-723.56,0.00,586.12,-732.05
3428,23.13,9.40,27.00,39.65,33.33,0.00,200.00,-678.63,0.00,586.12,-807.41
3429,21.28,9.40,27.00,39.44,33.22,0.00,200.00,-629.86,0.00,586.12,-887.95
3430,19.42,9.40,27.00,39.22,33.11,0.00,200.00,-578.97,0.00,586.12,-967.63
3431,17.69,9.40,27.00,38.98,32.99,0.00,200.00,-527.87,0.00,586.12,-1040.45
3432,16.37,9.40,27.00,38.73,32.86,0.00,200.00,-480.99,0.00,586.12,-1092.95
3433,15.22,9.40,27.00,38.47,32.73,0.00,200.00,-435.57,0.00,586.12,-1136.41
3434,14.49,9.40,27.00,38.21,32.60,0.00,200.00,-395.50,0.00,586.12,-1159.28
3435,14.23,9.40,27.00,37.95,32.47,0.00,200.00,-362.16,0.00,586.12,-1159.45
3436,14.44,9.40,27.00,37.69,32.34,0.00,200.00,-336.48,0.00,586.12,-1136.32
3437,15.12,9.40,27.00,37.48,32.24,76.29,200.00,-322.28,0.00,586.12,-1092.49
3438,16.22,9.40,27.00,37.34,32.17,243.21,200.00,-321.23,0.00,586.12,-1032.23
3439,17.67,9.40,27.00,37.31,32.16,421.59,200.00,-336.36,0.00,586.12,-960.32
3440,19.35,9.40,27.00,37.40,32.20,589.69,200.00,-368.41,0.00,586.12,-882.13
3441,21.17,9.40,27.00,37.63,32.32,1326.50,200.00,-419.58,0.00,586.12,-804.83
3442,22.99,9.40,27.00,38.00,32.50,2206.97,200.00,-486.95,0.00,586.12,-733.70
3443,24.69,9.40,27.00,38.45,32.73,2968.78,200.00,-564.48,0.00,586.12,-672.83
3444,26.15,9.40,27.00,38.93,32.96,3281.73,200.00,-642.44,0.00,586.12,-624.53
3445,27.29,9.40,27.00,39.37,33.19,2867.87,200.00,-709.09,0.00,586.12,-590.69
3446,28.01,9.40,27.00,39.72,33.36,2073.19,200.00,-757.04,0.00,586.12,-572.18
3447,28.28,9.40,27.00,39.93,33.47,1176.52,200.00,-782.47,0.00,586.12,-569.66
3448,28.08,9.40,27.00,40.02,33.51,537.57,200.00,-786.25,0.00,586.12,-583.87
3449,27.41,9.40,27.00,40.04,33.52,415.60,200.00,-775.43,0.00,586.12,-616.99
3450,26.34,9.40,27.00,39.98,33.49,243.67,200.00,-751.56,0.00,586.12,-666.41
3451,24.94,9.40,27.00,39.83,33.41,87.57,200.00,-716.33,0.00,586.12,-727.83
3452,23.29,9.40,27.00,39.63,33.32,0.00,200.00,-673.18,0.00,586.12,-798.73
3453,21.53,9.40,27.00,39.43,33.21,0.00,200.00,-626.32,0.00,586.12,-874.85
3454,19.77,9.40,27.00,39.20,33.10,0.00,200.00,-577.45,0.00,586.12,-950.19
3455,18.13,9.40,27.00,38.97,32.98,0.00,200.00,-528.47,0.00,586.12,-1018.80
3456,16.89,9.40,27.00,38.72,32.86,0.00,200.00,-483.72,0.00,586.12,-1067.43
3457,15.82,9.40,27.00,38.47,32.74,0.00,200.00,-440.53,0.00,586.12,-1107.07
3458,15.17,9.40,27.00,38.22,32.61,0.00,200.00,-402.72,0.00,586.12,-1126.37
3459,14.98,9.40,27.00,37.96,32.48,0.00,200.00,-371.64,0.00,586.12,-1123.24
3460,15.27,9.40,27.00,37.71,32.36,0.00,200.00,-348.21,0.00,586.12,-1097.15
3461,16.01,9.40,27.00,37.51,32.25,75.77,200.00,-336.25,0.00,586.12,-1050.70
3462,17.17,9.40,27.00,37.38,32.19,245.45,200.00,-337.47,0.00,586.12,-988.24
3463,18.66,9.40,27.00,37.36,32.18,423.00,200.00,-354.66,0.00,586.12,-914.47
3464,20.38,9.40,27.00,37.46,32.23,585.12,200.00,-388.60,0.00,586.12,-834.79
3465,22.22,9.40,27.00,37.70,32.35,1305.53,200.00,-441.39,0.00,586.12,-756.37
3466,24.06,9.40,27.00,38.07,32.53,2182.92,200.00,-510.22,0.00,586.12,-684.55
3467,25.78,9.40,27.00,38.53,32.76,2941.03,200.00,-589.03,0.00,586.12,-623.43
3468,27.24,9.40,27.00,39.01,33.01,3255.05,200.00,-668.10,0.00,586.12,-575.33
3469,28.37,9.40,27.00,39.46,33.23,2842.36,200.00,-735.71,0.00,586.12,-542.14
3470,29.08,9.40,27.00,39.82,33.41,2052.77,200.00,-784.47,0.00,586.12,-524.72
3471,29.32,9.40,27.00,40.04,33.52,1160.89,200.00,-810.57,0.00,586.12,-523.76
3472,29.09,9.40,27.00,40.13,33.57,536.45,200.00,-814.95,0.00,586.12,-539.98
3473,28.38,9.40,27.00,40.16,33.58,417.09,200.00,-804.71,0.00,586.12,-575.62
3474,27.26,9.40,27.00,40.10,33.55,245.82,200.00,-781.19,0.00,586.12,-627.92
3475,25.79,9.40,27.00,39.96,33.48,87.91,200.00,-746.02,0.00,586.12,-692.52
3476,24.09,9.40,27.00,39.78,33.39,0.00,200.00,-702.68,0.00,586.12,-766.91
3477,22.25,9.40,27.00,39.57,33.29,0.00,200.00,-655.41,0.00,586.12,-846.79
3478,20.41,9.40,27.00,39.36,33.18,0.00,200.00,-605.92,0.00,586.12,-926.12
3479,18.69,9.40,27.00,39.13,33.06,0.00,200.00,-556.11,0.00,586.12,-998.92
3480,17.36,9.40,27.00,38.88,32.94,0.00,200.00,-510.28,0.00,586.12,-1052.06
3481,16.21,9.40,27.00,38.63,32.82,0.00,200.00,-465.87,0.00,586.12,-1096.15
3482,15.47,9.40,27.00,38.38,32.69,0.00,200.00,-426.67,0.00,586.12,-1119.96
3483,15.18,9.40,27.00,38.13,32.56,0.00,200.00,-394.04,0.00,586.12,-1121.38
3484,15.38,9.40,27.00,37.88,32.44,0.00,200.00,-368.92,0.00,586.12,-1099.81
3485,16.03,9.40,27.00,37.67,32.33,75.32,200.00,-355.15,0.00,586.12,-1057.80
3486,17.09,9.40,27.00,37.54,32.27,247.60,200.00,-354.54,0.00,586.12,-999.73
3487,18.49,9.40,27.00,37.52,32.26,424.34,200.00,-369.68,0.00,586.12,-930.11
3488,20.13,9.40,27.00,37.61,32.30,580.93,200.00,-401.43,0.00,586.12,-854.36
3489,21.89,9.40,27.00,37.84,32.42,1285.40,200.00,-451.82,0.00,586.12,-779.56
3490,23.65,9.40,27.00,38.20,32.60,2159.65,200.00,-518.22,0.00,586.12,-711.08
3491,25.29,9.40,27.00,38.65,32.83,2914.20,200.00,-594.56,0.00,586.12,-652.99
3492,26.70,9.40,27.00,39.13,33.06,3229.42,200.00,-671.20,0.00,586.12,-607.57
3493,27.77,9.40,27.00,39.57,33.28,2817.93,200.00,-736.42,0.00,586.12,-576.69
3494,28.43,9.40,27.00,39.91,33.45,2033.26,200.00,-782.91,0.00,586.12,-561.22
3495,28.63,9.40,27.00,40.12,33.56,1146.16,200.00,-806.89,0.00,586.12,-561.81
3496,28.36,9.40,27.00,40.21,33.60,535.61,200.00,-809.38,0.00,586.12,-579.22
3497,27.63,9.40,27.00,40.22,33.61,418.53,200.00,-797.57,0.00,586.12,-615.69
3498,26.49,9.40,27.00,40.16,33.58,247.89,200.00,-772.63,0.00,586.12,-668.41
3499,25.02,9.40,27.00,40.01,33.51,88.25,200.00,-736.12,0.00,586.12,-732.92
3500,23.31,9.40,27.00,39.82,33.41,0.00,200.00,-691.63,0.00,586.12,-806.76
3501,21.49,9.40,27.00,39.61,33.30,0.00,200.00,-643.39,0.00,586.12,-885.66
3502,19.67,9.40,27.00,39.38,33.19,0.00,200.00,-593.12,0.00,586.12,-963.57
3503,17.98,9.40,27.00,39.15,33.07,0.00,200.00,-542.72,0.00,586.12,-1034.54
3504,16.69,9.40,27.00,38.90,32.95,0.00,200.00,-496.47,0.00,586.12,-1085.62
3505,15.58,9.40,27.00,38.64,32.82,0.00,200.00,-451.90,0.00,586.12,-1127.09
3506,14.90,9.40,27.00,38.38,32.69,0.00,200.00,-412.75,0.00,586.12,-1147.94
3507,14.68,9.40,27.00,38.12,32.56,0.00,200.00,-380.38,0.00,586.12,-1146.07
3508,14.94,9.40,27.00,37.87,32.43,0.00,200.00,-355.75,0.00,586.12,-1120.92
3509,15.66,9.40,27.00,37.66,32.33,74.91,200.00,-342.67,0.00,586.12,-1075.09
3510,16.81,9.40,27.00,37.53,32.27,249.66,200.00,-343.03,0.00,586.12,-1013.02
3511,18.29,9.40,27.00,37.50,32.25,425.62,200.00,-359.21,0.00,586.12,-939.16
3512,20.02,9.40,27.00,37.59,32.30,577.10,200.00,-392.12,0.00,586.12,-859.00
3513,21.87,9.40,27.00,37.82,32.41,1266.08,200.00,-443.71,0.00,586.12,-779.65
3514,23.73,9.40,27.00,38.18,32.59,2137.14,200.00,-511.43,0.00,586.12,-706.57
3515,25.46,9.40,27.00,38.63,32.82,2888.30,200.00,-589.22,0.00,586.12,-643.86
3516,26.96,9.40,27.00,39.11,33.05,3204.82,200.00,-667.45,0.00,586.12,-593.88
3517,28.12,9.40,27.00,39.55,33.27,2794.56,200.00,-734.37,0.00,586.12,-558.54
3518,28.87,9.40,27.00,39.89,33.44,2014.67,200.00,-782.72,0.00,586.12,-538.75
3519,29.16,9.40,27.00,40.11,33.55,1132.31,200.00,-808.68,0.00,586.12,-535.23
3520,28.97,9.40,27.00,40.19,33.60,535.02,200.00,-813.34,0.00,586.12,-548.79
3521,28.32,9.40,27.00,40.22,33.61,419.93,200.00,-803.91,0.00,586.12,-581.77
3522,27.25,9.40,27.00,40.17,33.58,249.88,200.00,-781.35,0.00,586.12,-631.30
3523,25.85,9.40,27.00,40.02,33.51,87.34,200.00,-747.14,0.00,586.12,-692.91
3524,24.20,9.40,27.00,39.84,33.42,0.00,200.00,-704.88,0.00,586.12,-764.20
3525,22.43,9.40,27.00,39.64,33.32,0.00,200.00,-658.81,0.00,586.12,-840.92
3526,20.66,9.40,27.00,39.42,33.21,0.00,200.00,-610.63,0.00,586.12,-917.07
3527,19.01,9.40,27.00,39.19,33.10,0.00,200.00,-562.22,0.00,586.12,-986.69
3528,17.74,9.40,27.00,38.96,32.98,0.00,200.00,-517.78,0.00,586.12,-1037.03
3529,16.65,9.40,27.00,38.71,32.85,0.00,200.00,-474.93,0.00,586.12,-1078.02
3530,15.98,9.40,27.00,38.46,32.73,0.00,200.00,-437.34,0.00,586.12,-1098.85
3531,15.76,9.40,27.00,38.21,32.60,0.00,200.00,-406.37,0.00,586.12,-1097.41
3532,16.01,9.40,27.00,37.96,32.48,0.00,200.00,-382.95,0.00,586.12,-1073.13
3533,16.72,9.40,27.00,37.76,32.38,74.56,200.00,-370.93,0.00,586.12,-1028.62
3534,17.84,9.40,27.00,37.65,32.32,251.64,200.00,-372.20,0.00,586.12,-968.32
3535,19.28,9.40,27.00,37.63,32.31,426.85,200.00,-388.96,0.00,586.12,-896.58
3536,20.97,9.40,27.00,37.72,32.36,573.62,200.00,-422.18,0.00,586.12,-818.88
3537,22.77,9.40,27.00,37.95,32.48,1247.57,200.00,-473.70,0.00,586.12,-742.30
3538,24.56,9.40,27.00,38.32,32.66,2115.41,200.00,-541.10,0.00,586.12,-672.31
3539,26.23,9.40,27.00,38.77,32.89,2863.32,200.00,-618.33,0.00,586.12,-612.99
3540,27.66,9.40,27.00,39.25,33.12,3181.24,200.00,-695.80,0.00,586.12,-566.66
3541,28.74,9.40,27.00,39.69,33.34,2772.25,200.00,-761.75,0.00,586.12,-535.19
3542,29.41,9.40,27.00,40.03,33.52,1996.98,200.00,-808.98,0.00,586.12,-519.49
3543,29.61,9.40,27.00,40.25,33.63,1119.30,200.00,-833.67,0.00,586.12,-520.22
3544,29.33,9.40,27.00,40.34,33.67,534.66,200.00,-837.02,0.00,586.12,-538.19
3545,28.59,9.40,27.00,40.37,33.68,421.27,200.00,-826.27,0.00,586.12,-575.73
3546,27.43,9.40,27.00,40.32,33.66,251.78,200.00,-802.25,0.00,586.12,-629.84
3547,25.93,9.40,27.00,40.17,33.59,85.94,200.00,-766.35,0.00,586.12,-695.96
3548,24.20,9.40,27.00,39.98,33.49,0.00,200.00,-722.28,0.00,586.12,-771.70
3549,22.34,9.40,27.00,39.78,33.39,0.00,200.00,-674.30,0.00,586.12,-852.74
3550,20.47,9.40,27.00,39.56,33.28,0.00,200.00,-624.12,0.00,586.12,-933.04
3551,18.74,9.40,27.00,39.33,33.16,0.00,200.00,-573.66,0.00,586.12,-1006.61
3552,17.38,9.40,27.00,39.09,33.04,0.00,200.00,-527.07,0.00,586.12,-1060.84
3553,16.22,9.40,27.00,38.83,32.92,0.00,200.00,-482.10,0.00,586.12,-1105.27
3554,15.48,9.40,27.00,38.58,32.79,0.00,200.00,-442.40,0.00,586.12,-1129.22
3555,15.19,9.40,27.00,38.32,32.66,0.00,200.00,-409.34,0.00,586.12,-1130.55
3556,15.39,9.40,27.00,38.07,32.53,0.00,200.00,-383.87,0.00,586.12,-1108.68
3557,16.05,9.40,27.00,37.86,32.43,74.24,200.00,-369.86,0.00,586.12,-1066.18
3558,17.12,9.40,27.00,37.73,32.37,253.53,200.00,-369.29,0.00,586.12,-1007.51
3559,18.54,9.40,27.00,37.71,32.35,428.01,200.00,-384.29,0.00,586.12,-936.97
3560,20.20,9.40,27.00,37.79,32.40,570.47,200.00,-415.83,0.00,586.12,-860.00
3561,21.99,9.40,27.00,38.02,32.51,1229.85,200.00,-465.70,0.00,586.12,-783.65
3562,23.78,9.40,27.00,38.37,32.69,2094.45,200.00,-531.58,0.00,586.12,-713.43
3563,25.45,9.40,27.00,38.82,32.91,2839.25,200.00,-607.43,0.00,586.12,-653.42
3564,26.89,9.40,27.00,39.29,33.14,3158.69,200.00,-683.73,0.00,586.12,-605.97
3565,27.99,9.40,27.00,39.72,33.36,2750.99,200.00,-748.73,0.00,586.12,-572.95
3566,28.69,9.40,27.00,40.05,33.53,1980.20,200.00,-795.24,0.00,586.12,-555.30
3567,28.94,9.40,27.00,40.26,33.63,1107.12,200.00,-819.48,0.00,586.12,-553.70
3568,28.71,9.40,27.00,40.35,33.67,534.51,200.00,-822.70,0.00,586.12,-569.01
3569,28.02,9.40,27.00,40.37,33.68,422.58,200.00,-812.05,0.00,586.12,-603.55
3570,26.93,9.40,27.00,40.31,33.66,253.60,200.00,-788.36,0.00,586.12,-654.36
3571,25.50,9.40,27.00,40.17,33.58,84.67,200.00,-752.94,0.00,586.12,-716.86
3572,23.84,9.40,27.00,39.97,33.49,0.00,200.00,-709.59,0.00,586.12,-788.72
3573,22.06,9.40,27.00,39.77,33.38,0.00,200.00,-662.53,0.00,586.12,-865.69
3574,20.28,9.40,27.00,39.55,33.27,0.00,200.00,-613.47,0.00,586.12,-941.75
3575,18.63,9.40,27.00,39.31,33.16,0.00,200.00,-564.30,0.00,586.12,-1010.96
3576,17.37,9.40,27.00,39.07,33.04,0.00,200.00,-519.13,0.00,586.12,-1060.93
3577,16.30,9.40,27.00,38.82,32.91,0.00,200.00,-475.78,0.00,586.12,-1100.88
3578,15.65,9.40,27.00,38.57,32.78,0.00,200.00,-437.84,0.00,586.12,-1120.36
3579,15.45,9.40,27.00,38.31,32.66,0.00,200.00,-406.67,0.00,586.12,-1117.28
3580,15.74,9.40,27.00,38.06,32.53,0.00,200.00,-383.20,0.00,586.12,-1091.10
3581,16.49,9.40,27.00,37.86,32.43,73.97,200.00,-371.29,0.00,586.12,-1044.43
3582,17.65,9.40,27.00,37.74,32.37,255.33,200.00,-372.93,0.00,586.12,-981.83
3583,19.15,9.40,27.00,37.72,32.36,429.12,200.00,-390.18,0.00,586.12,-907.56
3584,20.89,9.40,27.00,37.81,32.41,567.62,200.00,-423.96,0.00,586.12,-827.10
3585,22.75,9.40,27.00,38.04,32.52,1212.91,200.00,-475.94,0.00,586.12,-747.51
3586,24.61,9.40,27.00,38.40,32.70,2074.27,200.00,-543.89,0.00,586.12,-674.37
3587,26.34,9.40,27.00,38.86,32.93,2816.10,200.00,-621.75,0.00,586.12,-611.80
3588,27.83,9.40,27.00,39.33,33.17,3137.15,200.00,-700.02,0.00,586.12,-562.17
3589,28.98,9.40,27.00,39.77,33.38,2730.77,200.00,-766.92,0.00,586.12,-527.39
3590,29.71,9.40,27.00,40.12,33.56,1964.30,200.00,-815.27,0.00,586.12,-508.42
3591,29.98,9.40,27.00,40.33,33.67,1095.73,200.00,-841.27,0.00,586.12,-505.94
3592,29.77,9.40,27.00,40.43,33.71,534.54,200.00,-846.21,0.00,586.12,-520.86
3593,29.09,9.40,27.00,40.46,33.73,423.83,200.00,-837.15,0.00,586.12,-555.48
3594,28.00,9.40,27.00,40.41,33.71,255.34,200.00,-814.87,0.00,586.12,-606.83
3595,26.56,9.40,27.00,40.28,33.64,83.51,200.00,-780.63,0.00,586.12,-670.26
3596,24.88,9.40,27.00,40.09,33.55,0.00,200.00,-738.24,0.00,586.12,-743.49
3597,23.07,9.40,27.00,39.90,33.45,0.00,200.00,-691.93,0.00,586.12,-822.26
3598,21.26,9.40,27.00,39.68,33.34,0.00,200.00,-643.41,0.00,586.12,-900.52
3599,19.57,9.40,27.00,39.46,33.23,0.00,200.00,-594.57,0.00,586.12,-972.31
3600,18.24,9.40,27.00,39.22,33.11,0.00,200.00,-549.44,0.00,586.12,-1025.39
3601,17.11,9.40,27.00,38.98,32.99,0.00,200.00,-505.97,0.00,586.12,-1068.61
3602,16.39,9.40,27.00,38.73,32.86,0.00,200.00,-467.69,0.00,586.12,-1091.65
3603,16.13,9.40,27.00,38.48,32.74,0.00,200.00,-435.97,0.00,586.12,-1092.40
3604,16.34,9.40,27.00,38.23,32.62,0.00,200.00,-411.74,0.00,586.12,-1070.26
3605,17.00,9.40,27.00,38.03,32.52,73.72,200.00,-398.88,0.00,586.12,-1027.82
3606,18.08,9.40,27.00,37.92,32.46,257.04,200.00,-399.43,0.00,586.12,-969.62
3607,19.49,9.40,27.00,37.90,32.45,430.17,200.00,-415.40,0.00,586.12,-899.84
3608,21.13,9.40,27.00,37.99,32.49,565.06,200.00,-447.68,0.00,586.12,-823.89
3609,22.90,9.40,27.00,38.22,32.61,1196.73,200.00,-497.90,0.00,586.12,-748.79
3610,24.66,9.40,27.00,38.58,32.79,2054.85,200.00,-563.93,0.00,586.12,-680.08
3611,26.30,9.40,27.00,39.03,33.01,2793.86,200.00,-639.73,0.00,586.12,-621.85
3612,27.70,9.40,27.00,39.50,33.25,3116.61,200.00,-715.85,0.00,586.12,-576.44
3613,28.77,9.40,27.00,39.93,33.47,2711.59,200.00,-780.54,0.00,586.12,-545.72
3614,29.42,9.40,27.00,40.27,33.64,1949.28,200.00,-826.67,0.00,586.12,-530.61
3615,29.61,9.40,27.00,40.48,33.74,1085.12,200.00,-850.45,0.00,586.12,-531.76
3616,29.32,9.40,27.00,40.57,33.79,534.73,200.00,-853.25,0.00,586.12,-550.06
3617,28.57,9.40,27.00,40.60,33.80,425.04,200.00,-842.06,0.00,586.12,-587.76
3618,27.42,9.40,27.00,40.55,33.77,257.01,200.00,-817.70,0.00,586.12,-641.85
3619,25.92,9.40,27.00,40.40,33.70,82.45,200.00,-781.37,0.00,586.12,-707.60
3620,24.20,9.40,27.00,40.21,33.61,0.00,200.00,-736.98,0.00,586.12,-782.76
3621,22.35,9.40,27.00,40.00,33.50,0.00,200.00,-688.77,0.00,586.12,-863.04
3622,20.50,9.40,27.00,39.78,33.39,0.00,200.00,-638.46,0.00,586.12,-942.38
3623,18.79,9.40,27.00,39.55,33.27,0.00,200.00,-587.97,0.00,586.12,-1014.80
3624,17.45,9.40,27.00,39.30,33.15,0.00,200.00,-541.27,0.00,586.12,-1068.25
3625,16.32,9.40,27.00,39.05,33.03,0.00,200.00,-496.45,0.00,586.12,-1111.20
3626,15.60,9.40,27.00,38.79,32.90,0.00,200.00,-457.00,0.00,586.12,-1133.53
3627,15.35,9.40,27.00,38.54,32.77,0.00,200.00,-424.29,0.00,586.12,-1133.12
3628,15.59,9.40,27.00,38.28,32.64,0.00,200.00,-399.28,0.00,586.12,-1109.40
3629,16.29,9.40,27.00,38.07,32.54,73.51,200.00,-385.84,0.00,586.12,-1064.96
3630,17.40,9.40,27.00,37.95,32.48,258.68,200.00,-386.12,0.00,586.12,-1004.39
3631,18.86,9.40,27.00,37.92,32.46,431.16,200.00,-401.49,0.00,586.12,-931.64
3632,20.57,9.40,27.00,38.00,32.50,562.77,200.00,-433.52,0.00,586.12,-852.39
3633,22.40,9.40,27.00,38.22,32.61,1181.29,200.00,-483.55,0.00,586.12,-773.62
3634,24.23,9.40,27.00,38.57,32.79,2036.20,200.00,-549.56,0.00,586.12,-700.95
3635,25.95,9.40,27.00,39.01,33.01,2772.54,200.00,-625.55,0.00,586.12,-638.52
3636,27.43,9.40,27.00,39.47,33.24,3097.07,200.00,-702.08,0.00,586.12,-588.70
3637,28.58,9.40,27.00,39.90,33.45,2693.44,200.00,-767.37,0.00,586.12,-553.41
3638,29.32,9.40,27.00,40.23,33.62,1935.13,200.00,-814.34,0.00,586.12,-533.62
3639,29.60,9.40,27.00,40.44,33.72,1075.26,200.00,-839.22,0.00,586.12,-530.07
3640,29.40,9.40,27.00,40.53,33.76,535.16,200.00,-843.42,0.00,586.12,-543.69
3641,28.75,9.40,27.00,40.55,33.78,426.20,200.00,-834.24,0.00,586.12,-576.96
3642,27.69,9.40,27.00,40.51,33.75,258.59,200.00,-812.02,0.00,586.12,-626.69
3643,26.29,9.40,27.00,40.36,33.68,81.49,200.00,-777.83,0.00,586.12,-688.17
3644,24.65,9.40,27.00,40.18,33.59,0.00,200.00,-735.65,0.00,586.12,-759.21
3645,22.89,9.40,27.00,39.98,33.49,0.00,200.00,-689.70,0.00,586.12,-835.55
3646,21.12,9.40,27.00,39.76,33.38,0.00,200.00,-641.70,0.00,586.12,-911.19
3647,19.48,9.40,27.00,39.54,33.27,0.00,200.00,-593.52,0.00,586.12,-980.18
3648,18.21,9.40,27.00,39.30,33.15,0.00,200.00,-549.09,0.00,586.12,-1030.68
3649,17.15,9.40,27.00,39.05,33.03,0.00,200.00,-506.55,0.00,586.12,-1070.84
3650,16.49,9.40,27.00,38.80,32.90,0.00,200.00,-469.33,0.00,586.12,-1090.74
3651,16.29,9.40,27.00,38.56,32.78,0.00,200.00,-438.78,0.00,586.12,-1088.28
3652,16.57,9.40,27.00,38.31,32.66,0.00,200.00,-415.83,0.00,586.12,-1062.93
3653,17.30,9.40,27.00,38.11,32.56,73.33,200.00,-404.39,0.00,586.12,-1017.28
3654,18.44,9.40,27.00,38.00,32.50,260.22,200.00,-406.60,0.00,586.12,-955.98
3655,19.92,9.40,27.00,37.98,32.49,432.09,200.00,-423.62,0.00,586.12,-882.87
3656,21.63,9.40,27.00,38.07,32.54,560.74,200.00,-457.10,0.00,586.12,-803.69
3657,23.46,9.40,27.00,38.30,32.65,1166.59,200.00,-508.28,0.00,586.12,-725.38
3658,25.28,9.40,27.00,38.65,32.83,2018.32,200.00,-575.23,0.00,586.12,-653.61
3659,26.98,9.40,27.00,39.10,33.05,2752.13,200.00,-651.95,0.00,586.12,-592.50
3660,28.43,9.40,27.00,39.57,33.28,3078.51,200.00,-729.00,0.00,586.12,-544.43
3661,29.54,9.40,27.00,40.00,33.50,2676.32,200.00,-794.62,0.00,586.12,-511.28
3662,30.23,9.40,27.00,40.34,33.67,1921.84,200.00,-841.74,0.00,586.12,-494.04
3663,30.46,9.40,27.00,40.55,33.78,1066.13,200.00,-866.61,0.00,586.12,-493.41
3664,30.20,9.40,27.00,40.64,33.82,536.32,200.00,-870.67,0.00,586.12,-510.31
3665,29.48,9.40,27.00,40.67,33.84,427.31,200.00,-861.29,0.00,586.12,-547.23
3666,28.34,9.40,27.00,40.63,33.82,260.09,200.00,-838.64,0.00,586.12,-600.88
3667,26.86,9.40,27.00,40.50,33.75,80.62,200.00,-803.76,0.00,586.12,-666.45
3668,25.14,9.40,27.00,40.31,33.66,0.00,200.00,-760.66,0.00,586.12,-741.76
3669,23.29,9.40,27.00,40.12,33.56,0.00,200.00,-713.61,0.00,586.12,-822.50
3670,21.44,9.40,27.00,39.90,33.45,0.00,200.00,-664.32,0.00,586.12,-902.63
3671,19.70,9.40,27.00,39.67,33.34,0.00,200.00,-614.69,0.00,586.12,-976.16
3672,18.34,9.40,27.00,39.44,33.22,0.00,200.00,-568.58,0.00,586.12,-1031.38
3673,17.18,9.40,27.00,39.19,33.10,0.00,200.00,-524.30,0.00,586.12,-1076.03
3674,16.43,9.40,27.00,38.94,32.97,0.00,200.00,-485.22,0.00,586.12,-1100.32
3675,16.14,9.40,27.00,38.69,32.84,0.00,200.00,-452.71,0.00,586.12,-1102.13
3676,16.33,9.40,27.00,38.44,32.72,0.00,200.00,-427.73,0.00,586.12,-1080.87
3677,16.98,9.40,27.00,38.24,32.62,73.17,200.00,-414.21,0.00,586.12,-1039.09
3678,18.04,9.40,27.00,38.12,32.56,261.69,200.00,-414.35,0.00,586.12,-981.44
3679,19.44,9.40,27.00,38.09,32.55,432.97,200.00,-429.17,0.00,586.12,-911.62
3680,21.09,9.40,27.00,38.18,32.59,558.94,200.00,-460.42,0.00,586.12,-835.38
3681,22.85,9.40,27.00,38.39,32.70,1152.61,200.00,-509.28,0.00,586.12,-759.61
3682,24.62,9.40,27.00,38.74,32.87,2001.21,200.00,-573.93,0.00,586.12,-689.99
3683,26.27,9.40,27.00,39.17,33.09,2732.63,200.00,-648.41,0.00,586.12,-630.63
3684,27.69,9.40,27.00,39.63,33.32,3060.94,200.00,-723.34,0.00,586.12,-583.88
3685,28.77,9.40,27.00,40.05,33.53,2660.21,200.00,-786.96,0.00,586.12,-551.63
3686,29.44,9.40,27.00,40.38,33.69,1909.41,200.00,-832.26,0.00,586.12,-534.85
3687,29.65,9.40,27.00,40.58,33.79,1057.71,200.00,-855.49,0.00,586.12,-534.26
3688,29.40,9.40,27.00,40.66,33.83,537.44,200.00,-858.20,0.00,586.12,-550.79
3689,28.68,9.40,27.00,40.69,33.85,428.38,200.00,-847.78,0.00,586.12,-586.96
3690,27.56,9.40,27.00,40.64,33.82,261.52,200.00,-824.30,0.00,586.12,-639.44
3691,26.11,9.40,27.00,40.50,33.75,79.82,200.00,-788.71,0.00,586.12,-703.38
3692,24.42,9.40,27.00,40.31,33.65,0.00,200.00,-745.14,0.00,586.12,-776.65
3693,22.61,9.40,27.00,40.10,33.55,0.00,200.00,-697.83,0.00,586.12,-854.95
3694,20.81,9.40,27.00,39.89,33.44,0.00,200.00,-648.49,0.00,586.12,-932.29
3695,19.14,9.40,27.00,39.65,33.33,0.00,200.00,-599.03,0.00,586.12,-1002.68
3696,17.83,9.40,27.00,39.41,33.20,0.00,200.00,-553.25,0.00,586.12,-1054.66
3697,16.75,9.40,27.00,39.16,33.08,0.00,200.00,-509.55,0.00,586.12,-1095.60
3698,16.08,9.40,27.00,38.91,32.95,0.00,200.00,-471.27,0.00,586.12,-1115.95
3699,15.87,9.40,27.00,38.65,32.83,0.00,200.00,-439.76,0.00,586.12,-1113.63
3700,16.14,9.40,27.00,38.40,32.70,0.00,200.00,-415.96,0.00,586.12,-1088.08
3701,16.88,9.40,27.00,38.20,32.60,73.03,200.00,-403.82,0.00,586.12,-1041.91
3702,18.04,9.40,27.00,38.08,32.54,263.07,200.00,-405.55,0.00,586.12,-979.83
3703,19.53,9.40,27.00,38.06,32.53,433.79,200.00,-422.01,0.00,586.12,-905.50
3704,21.27,9.40,27.00,38.14,32.57,557.35,200.00,-454.97,0.00,586.12,-824.75
3705,23.13,9.40,27.00,38.36,32.68,1139.33,200.00,-505.57,0.00,586.12,-744.50
3706,24.99,9.40,27.00,38.71,32.85,1984.87,200.00,-572.02,0.00,586.12,-670.50
3707,26.73,9.40,27.00,39.14,33.07,2714.04,200.00,-648.38,0.00,586.12,-606.91
3708,28.23,9.40,27.00,39.60,33.30,3044.35,200.00,-725.27,0.00,586.12,-556.13
3709,29.39,9.40,27.00,40.03,33.51,2645.11,200.00,-790.89,0.00,586.12,-520.10
3710,30.14,9.40,27.00,40.36,33.68,1897.83,200.00,-838.25,0.00,586.12,-499.83
3711,30.42,9.40,27.00,40.57,33.79,1049.98,200.00,-863.60,0.00,586.12,-496.06
3712,30.23,9.40,27.00,40.66,33.83,538.52,200.00,-868.49,0.00,586.12,-509.82
3713,29.57,9.40,27.00,40.69,33.85,429.40,200.00,-860.35,0.00,586.12,-543.65
3714,28.50,9.40,27.00,40.66,33.83,262.87,200.00,-839.09,0.00,586.12,-594.18
3715,27.09,9.40,27.00,40.52,33.76,79.10,200.00,-805.56,0.00,586.12,-656.56
3716,25.43,9.40,27.00,40.34,33.67,0.00,200.00,-763.91,0.00,586.12,-728.69
3717,23.65,9.40,27.00,40.14,33.57,0.00,200.00,-718.39,0.00,586.12,-806.31
3718,21.86,9.40,27.00,39.94,33.47,0.00,200.00,-670.70,0.00,586.12,-883.40
3719,20.20,9.40,27.00,39.71,33.36,0.00,200.00,-622.72,0.00,586.12,-954.00
3720,18.88,9.40,27.00,39.48,33.24,0.00,200.00,-578.19,0.00,586.12,-1006.82
3721,17.78,9.40,27.00,39.24,33.12,0.00,200.00,-535.60,0.00,586.12,-1048.84
3722,17.09,9.40,27.00,38.99,33.00,0.00,200.00,-498.23,0.00,586.12,-1070.72
3723,16.85,9.40,27.00,38.75,32.87,0.00,200.00,-467.42,0.00,586.12,-1070.34
3724,17.09,9.40,27.00,38.51,32.75,0.00,200.00,-444.11,0.00,586.12,-1047.13
3725,17.78,9.40,27.00,38.31,32.65,72.92,200.00,-432.27,0.00,586.12,-1003.68
3726,18.88,9.40,27.00,38.20,32.60,264.36,200.00,-434.14,0.00,586.12,-944.68
3727,20.31,9.40,27.00,38.18,32.59,434.55,200.00,-450.38,0.00,586.12,-873.69
3728,21.97,9.40,27.00,38.27,32.63,555.96,200.00,-482.88,0.00,586.12,-796.54
3729,23.76,9.40,27.00,38.49,32.74,1126.74,200.00,-532.68,0.00,586.12,-720.10
3730,25.54,9.40,27.00,38.84,32.92,1969.29,200.00,-598.09,0.00,586.12,-650.09
3731,27.19,9.40,27.00,39.28,33.14,2696.35,200.00,-673.21,0.00,586.12,-590.67
3732,28.60,9.40,27.00,39.74,33.37,3028.72,200.00,-748.68,0.00,586.12,-544.19
3733,29.67,9.40,27.00,40.16,33.58,2631.03,200.00,-812.73,0.00,586.12,-512.54
3734,30.33,9.40,27.00,40.49,33.75,1887.09,200.00,-858.38,0.00,586.12,-496.70
3735,30.52,9.40,27.00,40.70,33.85,1042.92,200.00,-881.93,0.00,586.12,-497.38
3736,30.24,9.40,27.00,40.78,33.89,539.57,200.00,-884.97,0.00,586.12,-515.56
3737,29.49,9.40,27.00,40.82,33.91,430.38,200.00,-875.01,0.00,586.12,-553.79
3738,28.32,9.40,27.00,40.78,33.89,264.15,200.00,-851.84,0.00,586.12,-608.59
3739,26.83,9.40,27.00,40.64,33.82,78.44,200.00,-816.27,0.00,586.12,-675.03
3740,25.09,9.40,27.00,40.45,33.73,0.00,200.00,-772.54,0.00,586.12,-751.00
3741,23.23,9.40,27.00,40.25,33.63,0.00,200.00,-724.90,0.00,586.12,-832.18
3742,21.37,9.40,27.00,40.04,33.52,0.00,200.00,-675.09,0.00,586.12,-912.55
3743,19.63,9.40,27.00,39.81,33.40,0.00,200.00,-625.00,0.00,586.12,-986.10
3744,18.25,9.40,27.00,39.57,33.28,0.00,200.00,-578.34,0.00,586.12,-1041.70
3745,17.10,9.40,27.00,39.32,33.16,0.00,200.00,-533.74,0.00,586.12,-1085.93
3746,16.36,9.40,27.00,39.06,33.03,0.00,200.00,-494.43,0.00,586.12,-1109.61
3747,16.09,9.40,27.00,38.81,32.91,0.00,200.00,-461.78,0.00,586.12,-1110.60
3748,16.30,9.40,27.00,38.56,32.78,0.00,200.00,-436.75,0.00,586.12,-1088.33
3749,16.97,9.40,27.00,38.36,32.68,72.82,200.00,-423.31,0.00,586.12,-1045.38
3750,18.06,9.40,27.00,38.24,32.62,265.58,200.00,-423.78,0.00,586.12,-986.45
3751,19.49,9.40,27.00,38.21,32.61,435.26,200.00,-438.66,0.00,586.12,-915.02
3752,21.17,9.40,27.00,38.29,32.64,554.75,200.00,-469.96,0.00,586.12,-836.95
3753,22.97,9.40,27.00,38.50,32.75,1114.83,200.00,-518.63,0.00,586.12,-759.12
3754,24.78,9.40,27.00,38.84,32.92,1954.47,200.00,-583.10,0.00,586.12,-687.29
3755,26.47,9.40,27.00,39.27,33.13,2679.58,200.00,-657.48,0.00,586.12,-625.64
3756,27.92,9.40,27.00,39.72,33.36,3014.05,200.00,-732.43,0.00,586.12,-576.54
3757,29.05,9.40,27.00,40.13,33.57,2617.94,200.00,-796.20,0.00,586.12,-541.91
3758,29.76,9.40,27.00,40.46,33.73,1877.18,200.00,-841.83,0.00,586.12,-522.79
3759,30.02,9.40,27.00,40.66,33.83,1036.52,200.00,-865.62,0.00,586.12,-519.90
3760,29.81,9.40,27.00,40.74,33.87,540.58,200.00,-869.20,0.00,586.12,-534.28
3761,29.14,9.40,27.00,40.77,33.89,431.31,200.00,-860.13,0.00,586.12,-568.56
3762,28.06,9.40,27.00,40.73,33.86,265.35,200.00,-838.05,0.00,586.12,-619.22
3763,26.65,9.40,27.00,40.59,33.79,77.83,200.00,-803.71,0.00,586.12,-681.37
3764,25.00,9.40,27.00,40.40,33.70,0.00,200.00,-761.39,0.00,586.12,-752.93
3765,23.23,9.40,27.00,40.20,33.60,0.00,200.00,-715.33,0.00,586.12,-829.65
3766,21.46,9.40,27.00,39.99,33.49,0.00,200.00,-667.24,0.00,586.12,-905.55
3767,19.82,9.40,27.00,39.76,33.38,0.00,200.00,-619.02,0.00,586.12,-974.66
3768,18.53,9.40,27.00,39.53,33.26,0.00,200.00,-574.27,0.00,586.12,-1026.09
3769,17.47,9.40,27.00,39.28,33.14,0.00,200.00,-531.73,0.00,586.12,-1066.08
3770,16.82,9.40,27.00,39.03,33.02,0.00,200.00,-494.55,0.00,586.12,-1085.69
3771,16.63,9.40,27.00,38.78,32.89,0.00,200.00,-464.09,0.00,586.12,-1082.81
3772,16.92,9.40,27.00,38.54,32.77,0.00,200.00,-441.29,0.00,586.12,-1056.92
3773,17.67,9.40,27.00,38.34,32.67,72.75,200.00,-430.12,0.00,586.12,-1010.62
3774,18.83,9.40,27.00,38.24,32.62,266.72,200.00,-432.88,0.00,586.12,-948.69
3775,20.32,9.40,27.00,38.21,32.61,435.91,200.00,-449.93,0.00,586.12,-874.54
3776,22.05,9.40,27.00,38.30,32.65,553.70,200.00,-483.28,0.00,586.12,-794.10
3777,23.90,9.40,27.00,38.52,32.76,1103.58,200.00,-533.86,0.00,586.12,-714.26
3778,25.75,9.40,27.00,38.86,32.93,1940.42,200.00,-600.10,0.00,586.12,-640.82
3779,27.47,9.40,27.00,39.30,33.15,2663.71,200.00,-676.13,0.00,586.12,-577.99
3780,28.95,9.40,27.00,39.76,33.38,3000.33,200.00,-752.64,0.00,586.12,-528.15
3781,30.09,9.40,27.00,40.18,33.59,2605.84,200.00,-817.81,0.00,586.12,-493.24
3782,30.81,9.40,27.00,40.51,33.76,1868.10,200.00,-864.73,0.00,586.12,-474.29
3783,31.06,9.40,27.00,40.72,33.86,1030.75,200.00,-889.67,0.00,586.12,-472.05
3784,30.83,9.40,27.00,40.81,33.90,541.54,200.00,-894.30,0.00,586.12,-487.56
3785,30.14,9.40,27.00,40.85,33.92,432.19,200.00,-886.21,0.00,586.12,-523.45
3786,29.03,9.40,27.00,40.81,33.91,266.47,200.00,-864.89,0.00,586.12,-576.15
3787,27.57,9.40,27.00,40.68,33.84,77.28,200.00,-831.05,0.00,586.12,-640.70
3788,25.88,9.40,27.00,40.50,33.75,0.00,200.00,-788.99,0.00,586.12,-715.04
3789,24.05,9.40,27.00,40.31,33.66,0.00,200.00,-742.96,0.00,586.12,-794.88
3790,22.22,9.40,27.00,40.10,33.55,0.00,200.00,-694.68,0.00,586.12,-874.20
3791,20.51,9.40,27.00,39.88,33.44,0.00,200.00,-646.04,0.00,586.12,-947.02
3792,19.14,9.40,27.00,39.65,33.32,0.00,200.00,-600.61,0.00,586.12,-1002.60
3793,17.99,9.40,27.00,39.41,33.20,0.00,200.00,-557.23,0.00,586.12,-1046.74
3794,17.26,9.40,27.00,39.16,33.08,0.00,200.00,-519.02,0.00,586.12,-1070.65
3795,16.98,9.40,27.00,38.92,32.96,0.00,200.00,-487.35,0.00,586.12,-1072.21
3796,17.18,9.40,27.00,38.68,32.84,0.00,200.00,-463.15,0.00,586.12,-1050.81
3797,17.83,9.40,27.00,38.48,32.74,72.69,200.00,-450.44,0.00,586.12,-1009.05
3798,18.90,9.40,27.00,38.37,32.68,267.77,200.00,-451.56,0.00,586.12,-951.65
3799,20.30,9.40,27.00,38.34,32.67,436.51,200.00,-466.71,0.00,586.12,-881.93
3800,21.94,9.40,27.00,38.42,32.71,552.79,200.00,-498.04,0.00,586.12,-805.78
3801,23.70,9.40,27.00,38.64,32.82,1092.98,200.00,-546.40,0.00,586.12,-730.04
3802,25.46,9.40,27.00,38.98,32.99,1927.13,200.00,-610.33,0.00,586.12,-660.51
3803,27.10,9.40,27.00,39.40,33.20,2648.75,200.00,-684.00,0.00,586.12,-601.35
3804,28.50,9.40,27.00,39.86,33.43,2987.57,200.00,-758.13,0.00,586.12,-554.93
3805,29.57,9.40,27.00,40.27,33.64,2594.73,200.00,-820.94,0.00,586.12,-523.13
3806,30.22,9.40,27.00,40.59,33.80,1859.83,200.00,-865.55,0.00,586.12,-506.97
3807,30.42,9.40,27.00,40.79,33.90,1025.60,200.00,-888.27,0.00,586.12,-507.17
3808,30.14,9.40,27.00,40.87,33.94,542.47,200.00,-890.94,0.00,586.12,-524.84
3809,29.40,9.40,27.00,40.91,33.95,433.02,200.00,-880.97,0.00,586.12,-562.48
3810,28.25,9.40,27.00,40.87,33.93,267.52,200.00,-857.88,0.00,586.12,-616.51
3811,26.77,9.40,27.00,40.72,33.86,76.77,200.00,-822.33,0.00,586.12,-681.93
3812,25.06,9.40,27.00,40.54,33.77,0.00,200.00,-778.72,0.00,586.12,-756.68
3813,23.23,9.40,27.00,40.34,33.67,0.00,200.00,-731.30,0.00,586.12,-836.50
3814,21.40,9.40,27.00,40.12,33.56,0.00,200.00,-681.79,0.00,586.12,-915.34
3815,19.70,9.40,27.00,39.89,33.45,0.00,200.00,-632.11,0.00,586.12,-987.24
3816,18.34,9.40,27.00,39.65,33.33,0.00,200.00,-585.78,0.00,586.12,-1041.65
3817,17.23,9.40,27.00,39.40,33.20,0.00,200.00,-541.74,0.00,586.12,-1084.01
3818,16.53,9.40,27.00,39.15,33.08,0.00,200.00,-503.09,0.00,586.12,-1105.74
3819,16.30,9.40,27.00,38.90,32.95,0.00,200.00,-471.18,0.00,586.12,-1104.73
3820,16.55,9.40,27.00,38.65,32.83,0.00,200.00,-446.96,0.00,586.12,-1080.41
3821,17.27,9.40,27.00,38.45,32.72,72.64,200.00,-434.46,0.00,586.12,-1035.41
3822,18.40,9.40,27.00,38.34,32.67,268.75,200.00,-436.03,0.00,586.12,-974.48
3823,19.88,9.40,27.00,38.31,32.65,437.05,200.00,-451.74,0.00,586.12,-900.92
3824,21.59,9.40,27.00,38.38,32.69,552.02,200.00,-483.79,0.00,586.12,-820.70
3825,23.44,9.40,27.00,38.59,32.80,1083.02,200.00,-532.99,0.00,586.12,-740.66
3826,25.29,9.40,27.00,38.93,32.96,1914.61,200.00,-597.93,0.00,586.12,-666.70
3827,27.02,9.40,27.00,39.35,33.18,2634.69,200.00,-672.78,0.00,586.12,-603.01
3828,28.51,9.40,27.00,39.80,33.40,2975.74,200.00,-748.28,0.00,586.12,-552.01
3829,29.67,9.40,27.00,40.22,33.61,2584.61,200.00,-812.63,0.00,586.12,-515.63
3830,30.42,9.40,27.00,40.54,33.77,1852.38,200.00,-858.93,0.00,586.12,-494.96
3831,30.70,9.40,27.00,40.74,33.87,1021.06,200.00,-883.51,0.00,586.12,-490.74
3832,30.51,9.40,27.00,40.83,33.91,543.36,200.00,-888.33,0.00,586.12,-504.21
3833,29.86,9.40,27.00,40.87,33.93,433.80,200.00,-880.58,0.00,586.12,-537.82
3834,28.80,9.40,27.00,40.83,33.92,268.49,200.00,-859.76,0.00,586.12,-588.05
3835,27.40,9.40,27.00,40.70,33.85,76.31,200.00,-826.48,0.00,586.12,-649.89
3836,25.76,9.40,27.00,40.52,33.76,0.00,200.00,-785.12,0.00,586.12,-721.35
3837,24.00,9.40,27.00,40.33,33.66,0.00,200.00,-739.93,0.00,586.12,-798.20
3838,22.23,9.40,27.00,40.12,33.56,0.00,200.00,-692.63,0.00,586.12,-874.42
3839,20.58,9.40,27.00,39.90,33.45,0.00,200.00,-645.09,0.00,586.12,-944.07
3840,19.27,9.40,27.00,39.66,33.33,0.00,200.00,-600.76,0.00,586.12,-996.84
3841,18.19,9.40,27.00,39.43,33.21,0.00,200.00,-558.69,0.00,586.12,-1037.77
3842,17.53,9.40,27.00,39.18,33.09,0.00,200.00,-521.87,0.00,586.12,-1058.51
3843,17.32,9.40,27.00,38.94,32.97,0.00,200.00,-491.67,0.00,586.12,-1056.94
3844,17.58,9.40,27.00,38.70,32.85,0.00,200.00,-469.02,0.00,586.12,-1032.52
3845,18.30,9.40,27.00,38.51,32.75,72.62,200.00,-457.94,0.00,586.12,-987.86
3846,19.42,9.40,27.00,38.40,32.70,269.64,200.00,-460.79,0.00,586.12,-927.75
3847,20.88,9.40,27.00,38.38,32.69,437.54,200.00,-477.48,0.00,586.12,-855.38
3848,22.58,9.40,27.00,38.47,32.73,551.35,200.00,-510.28,0.00,586.12,-776.75
3849,24.39,9.40,27.00,38.68,32.84,1073.68,200.00,-559.93,0.00,586.12,-698.70
3850,26.19,9.40,27.00,39.02,33.01,1902.84,200.00,-625.08,0.00,586.12,-627.09
3851,27.87,9.40,27.00,39.45,33.23,2621.55,200.00,-699.92,0.00,586.12,-566.12
3852,29.31,9.40,27.00,39.91,33.45,2964.85,200.00,-775.22,0.00,586.12,-518.19
3853,30.40,9.40,27.00,40.33,33.66,2575.46,200.00,-839.15,0.00,586.12,-485.19
3854,31.08,9.40,27.00,40.65,33.83,1845.74,200.00,-884.86,0.00,586.12,-468.17
3855,31.29,9.40,27.00,40.86,33.93,1017.11,200.00,-908.67,0.00,586.12,-467.87
3856,31.01,9.40,27.00,40.95,33.97,544.21,200.00,-912.69,0.00,586.12,-485.53
3857,30.28,9.40,27.00,40.99,33.99,434.54,200.00,-903.94,0.00,586.12,-523.48
3858,29.13,9.40,27.00,40.96,33.98,269.39,200.00,-881.95,0.00,586.12,-578.18
3859,27.64,9.40,27.00,40.82,33.91,75.89,200.00,-847.26,0.00,586.12,-644.53
3860,25.90,9.40,27.00,40.64,33.82,0.00,200.00,-804.33,0.00,586.12,-720.53
3861,24.04,9.40,27.00,40.45,33.72,0.00,200.00,-757.44,0.00,586.12,-801.88
3862,22.18,9.40,27.00,40.24,33.62,0.00,200.00,-708.30,0.00,586.12,-882.55
3863,20.45,9.40,27.00,40.02,33.51,0.00,200.00,-658.83,0.00,586.12,-956.53
3864,19.04,9.40,27.00,39.78,33.39,0.00,200.00,-612.42,0.00,586.12,-1013.67
3865,17.88,9.40,27.00,39.54,33.27,0.00,200.00,-568.25,0.00,586.12,-1058.58
3866,17.13,9.40,27.00,39.29,33.14,0.00,200.00,-529.31,0.00,586.12,-1083.05
3867,16.84,9.40,27.00,39.04,33.02,0.00,200.00,-496.95,0.00,586.12,-1084.96
3868,17.04,9.40,27.00,38.80,32.90,0.00,200.00,-472.14,0.00,586.12,-1063.70
3869,17.69,9.40,27.00,38.59,32.80,72.60,200.00,-458.93,0.00,586.12,-1021.86
3870,18.76,9.40,27.00,38.48,32.74,270.46,200.00,-459.73,0.00,586.12,-964.22
3871,20.17,9.40,27.00,38.46,32.73,437.97,200.00,-474.31,0.00,586.12,-893.87
3872,21.82,9.40,27.00,38.53,32.77,551.52,200.00,-505.07,0.00,586.12,-816.84
3873,23.60,9.40,27.00,38.74,32.87,1064.96,200.00,-552.69,0.00,586.12,-739.92
3874,25.38,9.40,27.00,39.07,33.03,1891.83,200.00,-615.93,0.00,586.12,-669.00
3875,27.04,9.40,27.00,39.49,33.24,2609.31,200.00,-688.98,0.00,586.12,-608.27
3876,28.47,9.40,27.00,39.93,33.47,2954.89,200.00,-762.68,0.00,586.12,-560.13
3877,29.57,9.40,27.00,40.34,33.67,2567.29,200.00,-825.19,0.00,586.12,-526.48
3878,30.25,9.40,27.00,40.65,33.83,1839.89,200.00,-869.70,0.00,586.12,-508.37
3879,30.49,9.40,27.00,40.85,33.92,1013.74,200.00,-892.55,0.00,586.12,-506.57
3880,30.25,9.40,27.00,40.93,33.97,545.01,200.00,-895.99,0.00,586.12,-522.39
3881,29.55,9.40,27.00,40.97,33.98,435.23,200.00,-886.87,0.00,586.12,-558.11
3882,28.45,9.40,27.00,40.93,33.96,270.22,200.00,-864.72,0.00,586.12,-610.20
3883,27.01,9.40,27.00,40.79,33.89,75.51,200.00,-830.05,0.00,586.12,-673.57
3884,25.34,9.40,27.00,40.61,33.80,0.00,200.00,-787.38,0.00,586.12,-746.27
3885,23.55,9.40,27.00,40.41,33.70,0.00,200.00,-740.96,0.00,586.12,-824.04
3886,21.76,9.40,27.00,40.19,33.60,0.00,200.00,-692.51,0.00,586.12,-900.87
3887,20.11,9.40,27.00,39.97,33.48,0.00,200.00,-643.92,0.00,586.12,-970.80
3888,18.78,9.40,27.00,39.73,33.37,0.00,200.00,-598.52,0.00,586.12,-1023.93
3889,17.71,9.40,27.00,39.49,33.24,0.00,200.00,-555.62,0.00,586.12,-1064.48
3890,17.05,9.40,27.00,39.24,33.12,0.00,200.00,-518.11,0.00,586.12,-1084.52
3891,16.85,9.40,27.00,38.99,32.99,0.00,200.00,-487.35,0.00,586.12,-1081.94
3892,17.14,9.40,27.00,38.75,32.87,0.00,200.00,-464.28,0.00,586.12,-1056.21
3893,17.89,9.40,27.00,38.55,32.77,72.60,200.00,-452.95,0.00,586.12,-1009.95
3894,19.05,9.40,27.00,38.44,32.72,271.20,200.00,-455.76,0.00,586.12,-947.98
3895,20.55,9.40,27.00,38.42,32.71,438.35,200.00,-472.35,0.00,586.12,-873.40
3896,22.29,9.40,27.00,38.49,32.75,551.65,200.00,-505.17,0.00,586.12,-792.30
3897,24.15,9.40,27.00,38.70,32.85,1056.84,200.00,-554.82,0.00,586.12,-711.50
3898,26.01,9.40,27.00,39.04,33.02,1881.58,200.00,-620.08,0.00,586.12,-636.93
3899,27.74,9.40,27.00,39.46,33.23,2597.97,200.00,-695.19,0.00,586.12,-572.86
3900,29.24,9.40,27.00,39.91,33.46,2945.85,200.00,-770.93,0.00,586.12,-521.71
3901,30.40,9.40,27.00,40.33,33.66,2560.08,200.00,-835.48,0.00,586.12,-485.40
3902,31.14,9.40,27.00,40.65,33.83,1834.85,200.00,-882.00,0.00,586.12,-465.04
3903,31.41,9.40,27.00,40.85,33.93,1010.95,200.00,-906.80,0.00,586.12,-461.39
3904,31.21,9.40,27.00,40.95,33.97,545.78,200.00,-912.28,0.00,586.12,-475.87
3905,30.54,9.40,27.00,40.99,33.99,435.87,200.00,-905.06,0.00,586.12,-510.68
3906,29.46,9.40,27.00,40.96,33.98,270.97,200.00,-884.69,0.00,586.12,-562.31
3907,28.03,9.40,27.00,40.83,33.92,75.16,200.00,-851.59,0.00,586.12,-625.66
3908,26.36,9.40,27.00,40.66,33.83,0.00,200.00,-810.30,0.00,586.12,-698.78
3909,24.56,9.40,27.00,40.47,33.73,0.00,200.00,-765.07,0.00,586.12,-777.42
3910,22.76,9.40,27.00,40.26,33.63,0.00,200.00,-717.62,0.00,586.12,-855.56
3911,21.08,9.40,27.00,40.04,33.52,0.00,200.00,-669.83,0.00,586.12,-927.22
3912,19.71,9.40,27.00,39.82,33.41,0.00,200.00,-624.95,0.00,586.12,-982.68
3913,18.59,9.40,27.00,39.58,33.29,0.00,200.00,-582.41,0.00,586.12,-1025.76
3914,17.88,9.40,27.00,39.34,33.17,0.00,200.00,-545.04,0.00,586.12,-1048.68
3915,17.63,9.40,27.00,39.10,33.05,0.00,200.00,-514.20,0.00,586.12,-1049.32
3916,17.85,9.40,27.00,38.86,32.93,0.00,200.00,-490.84,0.00,586.12,-1027.10
3917,18.52,9.40,27.00,38.66,32.83,72.62,200.00,-479.02,0.00,586.12,-984.62
3918,19.60,9.40,27.00,38.56,32.78,271.86,200.00,-481.17,0.00,586.12,-926.68
3919,21.02,9.40,27.00,38.54,32.77,438.67,200.00,-496.77,0.00,586.12,-856.26
3920,22.67,9.40,27.00,38.62,32.81,551.73,200.00,-528.39,0.00,586.12,-779.46
3921,24.44,9.40,27.00,38.83,32.91,1049.31,200.00,-576.58,0.00,586.12,-703.02
3922,26.21,9.40,27.00,39.16,33.08,1872.09,200.00,-640.19,0.00,586.12,-632.87
3923,27.86,9.40,27.00,39.58,33.29,2587.55,200.00,-713.50,0.00,586.12,-573.23
3924,29.26,9.40,27.00,40.03,33.52,2937.73,200.00,-787.33,0.00,586.12,-526.48
3925,30.32,9.40,27.00,40.44,33.72,2553.83,200.00,-849.85,0.00,586.12,-494.51
3926,30.97,9.40,27.00,40.76,33.88,1830.59,200.00,-894.26,0.00,586.12,-478.38
3927,31.16,9.40,27.00,40.96,33.98,1008.71,200.00,-916.92,0.00,586.12,-478.80
3928,30.87,9.40,27.00,41.05,34.02,546.51,200.00,-920.35,0.00,586.12,-497.24
3929,30.13,9.40,27.00,41.09,34.04,436.47,200.00,-911.03,0.00,586.12,-535.75
3930,28.96,9.40,27.00,41.05,34.03,271.65,200.00,-888.55,0.00,586.12,-590.82
3931,27.47,9.40,27.00,40.91,33.96,74.84,200.00,-853.31,0.00,586.12,-657.28
3932,25.73,9.40,27.00,40.73,33.87,0.00,200.00,-809.90,0.00,586.12,-733.16
3933,23.88,9.40,27.00,40.54,33.77,0.00,200.00,-762.62,0.00,586.12,-814.19
3934,22.03,9.40,27.00,40.32,33.66,0.00,200.00,-713.17,0.00,586.12,-894.32
3935,20.30,9.40,27.00,40.10,33.55,0.00,200.00,-663.48,0.00,586.12,-967.57
3936,18.90,9.40,27.00,39.86,33.43,0.00,200.00,-616.75,0.00,586.12,-1024.39
3937,17.76,9.40,27.00,39.62,33.31,0.00,200.00,-572.54,0.00,586.12,-1068.17
3938,17.04,9.40,27.00,39.37,33.18,0.00,200.00,-533.65,0.00,586.12,-1091.36
3939,16.78,9.40,27.00,39.12,33.06,0.00,200.00,-501.44,0.00,586.12,-1091.81
3940,17.00,9.40,27.00,38.87,32.94,0.00,200.00,-476.88,0.00,586.12,-1068.95
3941,17.69,9.40,27.00,38.67,32.83,72.64,200.00,-464.04,0.00,586.12,-1025.39
3942,18.80,9.40,27.00,38.56,32.78,272.44,200.00,-465.39,0.00,586.12,-965.95
3943,20.25,9.40,27.00,38.53,32.76,438.94,200.00,-480.30,0.00,586.12,-893.56
3944,21.94,9.40,27.00,38.60,32.80,551.75,200.00,-511.42,0.00,586.12,-814.38
3945,23.76,9.40,27.00,38.80,32.90,1042.36,200.00,-559.25,0.00,586.12,-735.16
3946,25.58,9.40,27.00,39.13,33.06,1863.36,200.00,-622.71,0.00,586.12,-661.88
3947,27.29,9.40,27.00,39.54,33.27,2578.04,200.00,-696.08,0.00,586.12,-598.80
3948,28.76,9.40,27.00,39.98,33.49,2930.53,200.00,-770.22,0.00,586.12,-548.33
3949,29.90,9.40,27.00,40.39,33.69,2548.54,200.00,-833.28,0.00,586.12,-512.40
3950,30.63,9.40,27.00,40.70,33.85,1827.12,200.00,-878.47,0.00,586.12,-492.10
3951,30.91,9.40,27.00,40.90,33.95,1007.03,200.00,-902.12,0.00,586.12,-488.22
3952,30.71,9.40,27.00,40.98,33.99,547.19,200.00,-906.89,0.00,586.12,-502.30
3953,30.05,9.40,27.00,41.02,34.01,437.01,200.00,-899.09,0.00,586.12,-536.38
3954,28.98,9.40,27.00,40.99,34.00,272.25,200.00,-878.28,0.00,586.12,-586.98
3955,27.58,9.40,27.00,40.86,33.93,74.55,200.00,-844.82,0.00,586.12,-648.97
3956,25.94,9.40,27.00,40.68,33.84,0.00,200.00,-803.32,0.00,586.12,-720.44
3957,24.18,9.40,27.00,40.48,33.74,0.00,200.00,-758.04,0.00,586.12,-797.16
3958,22.41,9.40,27.00,40.28,33.64,0.00,200.00,-710.69,0.00,586.12,-873.12
3959,20.78,9.40,27.00,40.05,33.53,0.00,200.00,-663.15,0.00,586.12,-942.39
3960,19.45,9.40,27.00,39.82,33.41,0.00,200.00,-618.56,0.00,586.12,-995.65
3961,18.39,9.40,27.00,39.58,33.29,0.00,200.00,-576.57,0.00,586.12,-1035.95
3962,17.74,9.40,27.00,39.34,33.17,0.00,200.00,-539.90,0.00,586.12,-1055.93
3963,17.55,9.40,27.00,39.10,33.05,0.00,200.00,-509.89,0.00,586.12,-1053.52
3964,17.83,9.40,27.00,38.86,32.93,0.00,200.00,-487.49,0.00,586.12,-1028.16
3965,18.57,9.40,27.00,38.67,32.83,72.68,200.00,-476.78,0.00,586.12,-982.48
3966,19.72,9.40,27.00,38.57,32.78,272.95,200.00,-480.20,0.00,586.12,-921.33
3967,21.20,9.40,27.00,38.54,32.77,439.16,200.00,-497.03,0.00,586.12,-847.64
3968,22.92,9.40,27.00,38.62,32.81,551.73,200.00,-529.86,0.00,586.12,-767.56
3969,24.76,9.40,27.00,38.83,32.92,1035.98,200.00,-579.20,0.00,586.12,-687.84
3970,26.59,9.40,27.00,39.17,33.08,1855.38,200.00,-644.01,0.00,586.12,-614.52
3971,28.30,9.40,27.00,39.59,33.30,2569.43,200.00,-718.56,0.00,586.12,-551.84
3972,29.76,9.40,27.00,40.04,33.52,2924.24,200.00,-793.72,0.00,586.12,-502.22
3973,30.88,9.40,27.00,40.45,33.72,2544.19,200.00,-857.62,0.00,586.12,-467.59
3974,31.59,9.40,27.00,40.77,33.89,1824.42,200.00,-903.46,0.00,586.12,-449.02
3975,31.82,9.40,27.00,40.97,33.99,1005.90,200.00,-927.60,0.00,586.12,-447.29
3976,31.58,9.40,27.00,41.07,34.03,547.83,200.00,-932.77,0.00,586.12,-463.96
3977,30.87,9.40,27.00,41.12,34.06,437.51,200.00,-925.15,0.00,586.12,-500.99
3978,29.74,9.40,27.00,41.09,34.04,272.78,200.00,-904.30,0.00,586.12,-554.87
3979,28.27,9.40,27.00,40.96,33.98,74.28,200.00,-870.54,0.00,586.12,-620.43
3980,26.55,9.40,27.00,40.79,33.89,0.00,200.00,-828.50,0.00,586.12,-695.73
3981,24.71,9.40,27.00,40.60,33.80,0.00,200.00,-782.48,0.00,586.12,-776.49
3982,22.87,9.40,27.00,40.39,33.70,0.00,200.00,-734.18,0.00,586.12,-856.69
3983,21.14,9.40,27.00,40.17,33.59,0.00,200.00,-685.50,0.00,586.12,-930.32
3984,19.72,9.40,27.00,39.94,33.47,0.00,200.00,-639.53,0.00,586.12,-988.26
3985,18.57,9.40,27.00,39.70,33.35,0.00,200.00,-596.04,0.00,586.12,-1033.06
3986,17.82,9.40,27.00,39.46,33.23,0.00,200.00,-557.73,0.00,586.12,-1057.57
3987,17.54,9.40,27.00,39.22,33.11,0.00,200.00,-525.94,0.00,586.12,-1059.64
3988,17.73,9.40,27.00,38.98,32.99,0.00,200.00,-501.64,0.00,586.12,-1038.68
3989,18.38,9.40,27.00,38.78,32.89,72.74,200.00,-488.95,0.00,586.12,-997.27
3990,19.44,9.40,27.00,38.68,32.84,273.38,200.00,-490.32,0.00,586.12,-940.24
3991,20.84,9.40,27.00,38.65,32.82,439.33,200.00,-505.04,0.00,586.12,-870.45
3992,22.48,9.40,27.00,38.72,32.86,551.67,200.00,-535.61,0.00,586.12,-793.96
3993,24.24,9.40,27.00,38.92,32.96,1030.16,200.00,-582.61,0.00,586.12,-717.52
3994,26.01,9.40,27.00,39.25,33.12,1848.17,200.00,-645.07,0.00,586.12,-647.16
3995,27.65,9.40,27.00,39.66,33.33,2561.74,200.00,-717.31,0.00,586.12,-587.09
3996,29.06,9.40,27.00,40.10,33.55,2918.85,200.00,-790.23,0.00,586.12,-539.72
3997,30.13,9.40,27.00,40.50,33.75,2540.80,200.00,-851.99,0.00,586.12,-506.93
3998,30.80,9.40,27.00,40.82,33.91,1822.51,200.00,-895.80,0.00,586.12,-489.81
3999,31.00,9.40,27.00,41.01,34.00,1005.30,200.00,-918.05,0.00,586.12,-489.09
4000,30.74,9.40,27.00,41.10,34.05,548.43,200.00,-921.60,0.00,586.12,-506.40
4001,30.01,9.40,27.00,41.13,34.07,437.96,200.00,-912.49,0.00,586.12,-543.63
4002,28.88,9.40,27.00,41.10,34.05,273.24,200.00,-890.32,0.00,586.12,-597.26
4003,27.41,9.40,27.00,40.96,33.98,74.04,200.00,-855.39,0.00,586.12,-662.10
4004,25.72,9.40,27.00,40.78,33.89,0.00,200.00,-812.39,0.00,586.12,-736.25
4005,23.90,9.40,27.00,40.58,33.79,0.00,200.00,-765.61,0.00,586.12,-815.44
4006,22.09,9.40,27.00,40.37,33.68,0.00,200.00,-716.75,0.00,586.12,-893.63
4007,20.40,9.40,27.00,40.14,33.57,0.00,200.00,-667.73,0.00,586.12,-964.88
4008,19.03,9.40,27.00,39.91,33.45,0.00,200.00,-621.56,0.00,586.12,-1020.27
4009,17.94,9.40,27.00,39.66,33.33,0.00,200.00,-578.16,0.00,586.12,-1061.98
4010,17.26,9.40,27.00,39.41,33.21,0.00,200.00,-540.14,0.00,586.12,-1083.08
4011,17.04,9.40,27.00,39.17,33.08,0.00,200.00,-508.87,0.00,586.12,-1081.47
4012,17.31,9.40,27.00,38.92,32.96,0.00,200.00,-485.30,0.00,586.12,-1056.58
4013,18.04,9.40,27.00,38.72,32.86,72.80,200.00,-473.53,0.00,586.12,-1011.06
4014,19.19,9.40,27.00,38.62,32.81,273.73,200.00,-476.03,0.00,586.12,-949.75
4015,20.68,9.40,27.00,38.59,32.79,439.44,200.00,-492.08,0.00,586.12,-875.57
4016,22.41,9.40,27.00,38.66,32.83,551.55,200.00,-524.03,0.00,586.12,-794.57
4017,24.26,9.40,27.00,38.86,32.93,1024.91,200.00,-572.51,0.00,586.12,-713.57
4018,26.12,9.40,27.00,39.19,33.09,1841.71,200.00,-636.57,0.00,586.12,-638.65
4019,27.86,9.40,27.00,39.60,33.30,2554.97,200.00,-710.56,0.00,586.12,-574.10
4020,29.36,9.40,27.00,40.04,33.52,2914.37,200.00,-785.35,0.00,586.12,-522.35
4021,30.52,9.40,27.00,40.45,33.72,2538.35,200.00,-849.08,0.00,586.12,-485.35
4022,31.27,9.40,27.00,40.77,33.88,1821.37,200.00,-894.96,0.00,586.12,-464.22
4023,31.56,9.40,27.00,40.96,33.98,1005.24,200.00,-919.35,0.00,586.12,-459.73
4024,31.37,9.40,27.00,41.06,34.03,548.98,200.00,-925.18,0.00,586.12,-473.60
4025,30.72,9.40,27.00,41.10,34.05,438.36,200.00,-918.36,0.00,586.12,-507.69
4026,29.65,9.40,27.00,41.07,34.04,273.62,200.00,-898.44,0.00,586.12,-558.52
4027,28.24,9.40,27.00,40.94,33.97,73.83,200.00,-865.69,0.00,586.12,-620.93
4028,26.59,9.40,27.00,40.77,33.89,0.00,200.00,-824.79,0.00,586.12,-693.02
4029,24.82,9.40,27.00,40.58,33.79,0.00,200.00,-780.01,0.00,586.12,-770.57
4030,23.04,9.40,27.00,40.38,33.69,0.00,200.00,-733.05,0.00,586.12,-847.55
4031,21.38,9.40,27.00,40.16,33.58,0.00,200.00,-685.80,0.00,586.12,-918.01
4032,20.03,9.40,27.00,39.94,33.47,0.00,200.00,-641.20,0.00,586.12,-973.28
4033,18.93,9.40,27.00,39.70,33.35,0.00,200.00,-599.25,0.00,586.12,-1015.10
4034,18.25,9.40,27.00,39.46,33.23,0.00,200.00,-562.52,0.00,586.12,-1036.77
4035,18.03,9.40,27.00,39.22,33.11,0.00,200.00,-532.36,0.00,586.12,-1036.16
4036,18.27,9.40,27.00,38.99,32.99,0.00,200.00,-509.69,0.00,586.12,-1012.73
4037,18.97,9.40,27.00,38.80,32.90,72.88,200.00,-498.65,0.00,586.12,-969.06
4038,20.08,9.40,27.00,38.70,32.85,274.01,200.00,-501.69,0.00,586.12,-910.02
4039,21.52,9.40,27.00,38.68,32.84,439.51,200.00,-518.06,0.00,586.12,-838.48
4040,23.20,9.40,27.00,38.76,32.88,551.39,200.00,-549.98,0.00,586.12,-760.42
4041,24.99,9.40,27.00,38.96,32.98,1020.20,200.00,-598.17,0.00,586.12,-682.65
4042,26.78,9.40,27.00,39.29,33.14,1836.01,200.00,-661.72,0.00,586.12,-611.26
4043,28.45,9.40,27.00,39.71,33.35,2549.11,200.00,-734.97,0.00,586.12,-550.50
4044,29.87,9.40,27.00,40.15,33.58,2910.79,200.00,-808.86,0.00,586.12,-502.75
4045,30.94,9.40,27.00,40.56,33.78,2536.83,200.00,-871.50,0.00,586.12,-469.94
4046,31.61,9.40,27.00,40.88,33.94,1821.00,200.00,-916.12,0.00,586.12,-453.13
4047,31.80,9.40,27.00,41.07,34.04,1005.70,200.00,-939.08,0.00,586.12,-453.07
4048,31.52,9.40,27.00,41.17,34.08,549.49,200.00,-943.44,0.00,586.12,-471.47
4049,30.78,9.40,27.00,41.21,34.11,438.71,200.00,-934.99,0.00,586.12,-510.08
4050,29.62,9.40,27.00,41.18,34.09,273.92,200.00,-913.32,0.00,586.12,-565.39
4051,28.12,9.40,27.00,41.05,34.03,73.63,200.00,-878.67,0.00,586.12,-632.18
4052,26.38,9.40,27.00,40.87,33.94,0.00,200.00,-835.77,0.00,586.12,-708.52
4053,24.52,9.40,27.00,40.68,33.84,0.00,200.00,-788.92,0.00,586.12,-790.14
4054,22.66,9.40,27.00,40.47,33.74,0.00,200.00,-739.83,0.00,586.12,-870.97
4055,20.92,9.40,27.00,40.25,33.63,0.00,200.00,-690.43,0.00,586.12,-945.04
4056,19.48,9.40,27.00,40.02,33.51,0.00,200.00,-643.60,0.00,586.12,-1003.83
4057,18.32,9.40,27.00,39.78,33.39,0.00,200.00,-599.50,0.00,586.12,-1048.64
4058,17.58,9.40,27.00,39.53,33.27,0.00,200.00,-560.65,0.00,586.12,-1072.93
4059,17.30,9.40,27.00,39.28,33.14,0.00,200.00,-528.42,0.00,586.12,-1074.58
4060,17.50,9.40,27.00,39.04,33.02,0.00,200.00,-503.76,0.00,586.12,-1052.99
4061,18.16,9.40,27.00,38.84,32.92,72.98,200.00,-490.82,0.00,586.12,-1010.76
4062,19.24,9.40,27.00,38.74,32.87,274.21,200.00,-492.08,0.00,586.12,-952.72
4063,20.67,9.40,27.00,38.71,32.85,439.52,200.00,-506.81,0.00,586.12,-881.73
4064,22.33,9.40,27.00,38.77,32.89,551.17,200.00,-537.12,0.00,586.12,-803.72
4065,24.12,9.40,27.00,38.97,32.98,1016.03,200.00,-583.82,0.00,586.12,-725.53
4066,25.92,9.40,27.00,39.29,33.14,1831.07,200.00,-646.05,0.00,586.12,-653.27
4067,27.60,9.40,27.00,39.70,33.35,2544.16,200.00,-718.19,0.00,586.12,-591.20
4068,29.05,9.40,27.00,40.13,33.56,2908.11,200.00,-791.19,0.00,586.12,-541.73
4069,30.16,9.40,27.00,40.53,33.76,2536.25,200.00,-853.16,0.00,586.12,-506.79
4070,30.86,9.40,27.00,40.84,33.92,1821.39,200.00,-897.35,0.00,586.12,-487.47
4071,31.11,9.40,27.00,41.03,34.01,1006.70,200.00,-920.13,0.00,586.12,-484.55
4072,30.89,9.40,27.00,41.12,34.06,549.96,200.00,-924.63,0.00,586.12,-499.80
4073,30.21,9.40,27.00,41.16,34.08,439.00,200.00,-916.54,0.00,586.12,-534.96
4074,29.12,9.40,27.00,41.12,34.06,274.16,200.00,-895.44,0.00,586.12,-586.55
4075,27.70,9.40,27.00,40.99,33.99,73.45,200.00,-861.55,0.00,586.12,-649.39
4076,26.05,9.40,27.00,40.81,33.90,0.00,200.00,-819.62,0.00,586.12,-721.58
4077,24.27,9.40,27.00,40.62,33.81,0.00,200.00,-773.93,0.00,586.12,-798.90
4078,22.50,9.40,27.00,40.41,33.70,0.00,200.00,-726.19,0.00,586.12,-875.33
4079,20.85,9.40,27.00,40.19,33.59,0.00,200.00,-678.30,0.00,586.12,-944.93
4080,19.51,9.40,27.00,39.95,33.48,0.00,200.00,-633.07,0.00,586.12,-999.43
4081,18.44,9.40,27.00,39.71,33.36,0.00,200.00,-590.76,0.00,586.12,-1039.78
4082,17.79,9.40,27.00,39.47,33.23,0.00,200.00,-553.82,0.00,586.12,-1059.69
4083,17.60,9.40,27.00,39.23,33.11,0.00,200.00,-523.60,0.00,586.12,-1057.06
4084,17.89,9.40,27.00,38.99,32.99,0.00,200.00,-501.03,0.00,586.12,-1031.35
4085,18.64,9.40,27.00,38.79,32.90,73.08,200.00,-490.26,0.00,586.12,-985.20
4086,19.80,9.40,27.00,38.69,32.85,274.34,200.00,-493.74,0.00,586.12,-923.48
4087,21.30,9.40,27.00,38.67,32.83,439.48,200.00,-510.71,0.00,586.12,-849.09
4088,23.03,9.40,27.00,38.74,32.87,550.92,200.00,-543.14,0.00,586.12,-767.92
4089,24.89,9.40,27.00,38.94,32.97,1012.41,200.00,-591.90,0.00,586.12,-686.92
4090,26.75,9.40,27.00,39.27,33.13,1826.89,200.00,-656.14,0.00,586.12,-612.19
4091,28.47,9.40,27.00,39.69,33.34,2540.14,200.00,-730.23,0.00,586.12,-548.07
4092,29.96,9.40,27.00,40.13,33.56,2906.33,200.00,-805.12,0.00,586.12,-496.96
4093,31.11,9.40,27.00,40.53,33.77,2536.60,200.00,-868.90,0.00,586.12,-460.81
4094,31.83,9.40,27.00,40.85,33.93,1822.55,200.00,-914.78,0.00,586.12,-440.73
4095,32.10,9.40,27.00,41.05,34.02,1008.22,200.00,-939.11,0.00,586.12,-437.51
4096,31.88,9.40,27.00,41.15,34.07,550.38,200.00,-945.12,0.00,586.12,-452.95
4097,31.20,9.40,27.00,41.20,34.10,439.25,200.00,-938.35,0.00,586.12,-488.75
4098,30.10,9.40,27.00,41.17,34.09,274.32,200.00,-918.39,0.00,586.12,-541.44
4099,28.65,9.40,27.00,41.05,34.02,73.29,200.00,-885.41,0.00,586.12,-605.79
4100,26.97,9.40,27.00,40.88,33.94,0.00,200.00,-844.15,0.00,586.12,-679.91
4101,25.15,9.40,27.00,40.69,33.84,0.00,200.00,-798.93,0.00,586.12,-759.56
4102,23.33,9.40,27.00,40.49,33.74,0.00,200.00,-751.43,0.00,586.12,-838.69
4103,21.63,9.40,27.00,40.27,33.64,0.00,200.00,-703.56,0.00,586.12,-911.34
4104,20.21,9.40,27.00,40.05,33.52,0.00,200.00,-658.07,0.00,586.12,-969.42
4105,19.08,9.40,27.00,39.81,33.41,0.00,200.00,-615.35,0.00,586.12,-1013.42
4106,18.35,9.40,27.00,39.57,33.29,0.00,200.00,-577.77,0.00,586.12,-1037.22
4107,18.08,9.40,27.00,39.33,33.17,0.00,200.00,-546.71,0.00,586.12,-1038.70
4108,18.29,9.40,27.00,39.10,33.05,0.00,200.00,-523.11,0.00,586.12,-1017.26
4109,18.95,9.40,27.00,38.90,32.95,73.21,200.00,-511.12,0.00,586.12,-975.50
4110,20.02,9.40,27.00,38.80,32.90,274.39,200.00,-513.23,0.00,586.12,-918.26
4111,21.42,9.40,27.00,38.78,32.89,439.39,200.00,-528.66,0.00,586.12,-848.39
4112,23.07,9.40,27.00,38.85,32.93,550.61,200.00,-559.29,0.00,586.12,-771.68
4113,24.83,9.40,27.00,39.05,33.02,1009.32,200.00,-606.09,0.00,586.12,-695.06
4114,26.59,9.40,27.00,39.37,33.19,1823.47,200.00,-668.25,0.00,586.12,-624.62
4115,28.23,9.40,27.00,39.78,33.39,2537.04,200.00,-740.19,0.00,586.12,-564.65
4116,29.63,9.40,27.00,40.22,33.61,2905.44,200.00,-812.87,0.00,586.12,-517.51
4117,30.69,9.40,27.00,40.62,33.81,2537.88,200.00,-874.41,0.00,586.12,-485.12
4118,31.34,9.40,27.00,40.93,33.96,1824.46,200.00,-918.05,0.00,586.12,-468.55
4119,31.53,9.40,27.00,41.12,34.06,1010.27,200.00,-940.14,0.00,586.12,-468.54
4120,31.25,9.40,27.00,41.21,34.11,550.76,200.00,-944.02,0.00,586.12,-486.92
4121,30.51,9.40,27.00,41.25,34.13,439.45,200.00,-935.15,0.00,586.12,-525.29
4122,29.35,9.40,27.00,41.22,34.11,274.40,200.00,-913.14,0.00,586.12,-580.16
4123,27.87,9.40,27.00,41.09,34.04,73.15,200.00,-878.18,0.00,586.12,-646.29
4124,26.14,9.40,27.00,40.91,33.95,0.00,200.00,-835.06,0.00,586.12,-721.78
4125,24.30,9.40,27.00,40.71,33.86,0.00,200.00,-788.09,0.00,586.12,-802.35
4126,22.46,9.40,27.00,40.50,33.75,0.00,200.00,-738.99,0.00,586.12,-881.96
4127,20.75,9.40,27.00,40.28,33.64,0.00,200.00,-689.66,0.00,586.12,-954.63
4128,19.33,9.40,27.00,40.05,33.52,0.00,200.00,-642.82,0.00,586.12,-1012.51
4129,18.21,9.40,27.00,39.80,33.40,0.00,200.00,-598.98,0.00,586.12,-1055.63
4130,17.50,9.40,27.00,39.55,33.28,0.00,200.00,-560.49,0.00,586.12,-1078.13
4131,17.26,9.40,27.00,39.31,33.15,0.00,200.00,-528.71,0.00,586.12,-1077.88
4132,17.50,9.40,27.00,39.06,33.03,0.00,200.00,-504.60,0.00,586.12,-1054.31
4133,18.20,9.40,27.00,38.86,32.93,73.35,200.00,-492.31,0.00,586.12,-1010.03
4134,19.33,9.40,27.00,38.76,32.88,274.37,200.00,-494.33,0.00,586.12,-949.90
4135,20.79,9.40,27.00,38.73,32.86,439.25,200.00,-509.89,0.00,586.12,-876.81
4136,22.50,9.40,27.00,38.80,32.90,550.27,200.00,-540.77,0.00,586.12,-796.54
4137,24.34,9.40,27.00,38.99,32.99,1006.76,200.00,-588.00,0.00,586.12,-716.08
4138,26.18,9.40,27.00,39.30,33.15,1820.81,200.00,-650.80,0.00,586.12,-641.58
4139,27.90,9.40,27.00,39.71,33.36,2534.87,200.00,-723.61,0.00,586.12,-577.37
4140,29.39,9.40,27.00,40.15,33.57,2905.45,200.00,-797.37,0.00,586.12,-525.85
4141,30.54,9.40,27.00,40.54,33.77,2540.08,200.00,-860.19,0.00,586.12,-488.99
4142,31.28,9.40,27.00,40.85,33.93,1827.14,200.00,-905.29,0.00,586.12,-467.90
4143,31.57,9.40,27.00,41.05,34.02,1012.84,200.00,-929.02,0.00,586.12,-463.36
4144,31.37,9.40,27.00,41.14,34.07,551.09,200.00,-934.75,0.00,586.12,-477.28
4145,30.72,9.40,27.00,41.18,34.09,439.60,200.00,-927.85,0.00,586.12,-511.28
4146,29.66,9.40,27.00,41.16,34.08,274.41,200.00,-907.90,0.00,586.12,-561.90
4147,28.26,9.40,27.00,41.03,34.01,73.02,200.00,-875.06,0.00,586.12,-623.95
4148,26.62,9.40,27.00,40.85,33.93,0.00,200.00,-834.12,0.00,586.12,-695.55
4149,24.86,9.40,27.00,40.66,33.83,0.00,200.00,-789.35,0.00,586.12,-772.48
4150,23.10,9.40,27.00,40.46,33.73,0.00,200.00,-742.46,0.00,586.12,-848.74
4151,21.45,9.40,27.00,40.24,33.62,0.00,200.00,-695.34,0.00,586.12,-918.38
4152,20.09,9.40,27.00,40.02,33.51,0.00,200.00,-650.61,0.00,586.12,-973.77
4153,19.02,9.40,27.00,39.78,33.39,0.00,200.00,-608.89,0.00,586.12,-1014.58
4154,18.36,9.40,27.00,39.54,33.27,0.00,200.00,-572.43,0.00,586.12,-1035.15
4155,18.16,9.40,27.00,39.30,33.15,0.00,200.00,-542.60,0.00,586.12,-1033.39
4156,18.43,9.40,27.00,39.07,33.03,0.00,200.00,-520.32,0.00,586.12,-1008.74
4157,19.16,9.40,27.00,38.88,32.94,73.50,200.00,-509.77,0.00,586.12,-963.82
4158,20.30,9.40,27.00,38.78,32.89,274.27,200.00,-513.38,0.00,586.12,-903.50
4159,21.77,9.40,27.00,38.76,32.88,439.06,200.00,-530.38,0.00,586.12,-830.67
4160,23.47,9.40,27.00,38.84,32.92,549.87,200.00,-562.40,0.00,586.12,-751.06
4161,25.29,9.40,27.00,39.03,33.02,1004.73,200.00,-610.56,0.00,586.12,-671.68
4162,27.11,9.40,27.00,39.36,33.18,1818.92,200.00,-674.11,0.00,586.12,-598.70
4163,28.80,9.40,27.00,39.77,33.39,2533.63,200.00,-747.46,0.00,586.12,-536.42
4164,30.24,9.40,27.00,40.21,33.61,2906.35,200.00,-821.58,0.00,586.12,-487.25
4165,31.35,9.40,27.00,40.62,33.81,2543.20,200.00,-884.56,0.00,586.12,-453.10
4166,32.03,9.40,27.00,40.93,33.97,1830.57,200.00,-929.61,0.00,586.12,-435.07
4167,32.25,9.40,27.00,41.13,34.06,1015.94,200.00,-953.08,0.00,586.12,-433.92
4168,31.99,9.40,27.00,41.23,34.11,551.38,200.00,-958.41,0.00,586.12,-451.53
4169,31.26,9.40,27.00,41.28,34.14,439.70,200.00,-950.88,0.00,586.12,-489.46
4170,30.12,9.40,27.00,41.25,34.13,274.34,200.00,-930.10,0.00,586.12,-544.22
4171,28.63,9.40,27.00,41.12,34.06,72.91,200.00,-896.21,0.00,586.12,-610.56
4172,26.91,9.40,27.00,40.95,33.98,0.00,200.00,-854.02,0.00,586.12,-686.58
4173,25.05,9.40,27.00,40.77,33.88,0.00,200.00,-807.83,0.00,586.12,-768.01
4174,23.20,9.40,27.00,40.56,33.78,0.00,200.00,-759.37,0.00,586.12,-848.78
4175,21.46,9.40,27.00,40.34,33.67,0.00,200.00,-710.53,0.00,586.12,-922.92
4176,20.00,9.40,27.00,40.11,33.56,0.00,200.00,-663.89,0.00,586.12,-982.97
4177,18.84,9.40,27.00,39.88,33.44,0.00,200.00,-620.20,0.00,586.12,-1028.11
4178,18.09,9.40,27.00,39.63,33.32,0.00,200.00,-581.71,0.00,586.12,-1052.87
4179,17.81,9.40,27.00,39.39,33.20,0.00,200.00,-549.76,0.00,586.12,-1055.10
4180,17.99,9.40,27.00,39.15,33.08,0.00,200.00,-525.33,0.00,586.12,-1034.22
4181,18.65,9.40,27.00,38.96,32.98,73.67,200.00,-512.59,0.00,586.12,-992.81
4182,19.71,9.40,27.00,38.85,32.93,274.10,200.00,-514.01,0.00,586.12,-935.68
4183,21.11,9.40,27.00,38.82,32.91,438.82,200.00,-528.84,0.00,586.12,-865.71
4184,22.76,9.40,27.00,38.89,32.95,549.44,200.00,-558.63,0.00,586.12,-788.54
4185,24.53,9.40,27.00,39.08,33.04,1003.23,200.00,-604.61,0.00,586.12,-711.22
4186,26.30,9.40,27.00,39.39,33.20,1817.79,200.00,-666.05,0.00,586.12,-639.88
4187,27.96,9.40,27.00,39.80,33.40,2533.31,200.00,-737.42,0.00,586.12,-578.84
4188,29.38,9.40,27.00,40.23,33.61,2908.15,200.00,-809.71,0.00,586.12,-530.47
4189,30.46,9.40,27.00,40.62,33.81,2547.23,200.00,-871.01,0.00,586.12,-496.67
4190,31.14,9.40,27.00,40.93,33.97,1834.76,200.00,-914.56,0.00,586.12,-478.56
4191,31.36,9.40,27.00,41.12,34.06,1019.57,200.00,-936.70,0.00,586.12,-476.87
4192,31.11,9.40,27.00,41.21,34.10,551.62,200.00,-940.95,0.00,586.12,-493.54
4193,30.40,9.40,27.00,41.25,34.12,439.75,200.00,-932.53,0.00,586.12,-530.09
4194,29.29,9.40,27.00,41.22,34.11,274.20,200.00,-911.07,0.00,586.12,-583.04
4195,27.84,9.40,27.00,41.08,34.04,72.81,200.00,-876.70,0.00,586.12,-647.19
4196,26.16,9.40,27.00,40.90,33.95,0.00,200.00,-834.26,0.00,586.12,-720.62
4197,24.36,9.40,27.00,40.71,33.85,0.00,200.00,-788.04,0.00,586.12,-799.11
4198,22.57,9.40,27.00,40.50,33.75,0.00,200.00,-739.76,0.00,586.12,-876.62
4199,20.90,9.40,27.00,40.28,33.64,0.00,200.00,-691.33,0.00,586.12,-947.21
4200,19.51,9.40,27.00,40.04,33.52,0.00,200.00,-645.23,0.00,586.12,-1003.66
4201,18.43,9.40,27.00,39.80,33.40,0.00,200.00,-602.36,0.00,586.12,-1044.77
4202,17.76,9.40,27.00,39.56,33.28,0.00,200.00,-564.88,0.00,586.12,-1065.31
4203,17.56,9.40,27.00,39.31,33.16,0.00,200.00,-534.14,0.00,586.12,-1063.20
4204,17.84,9.40,27.00,39.08,33.04,0.00,200.00,-511.09,0.00,586.12,-1037.88
4205,18.59,9.40,27.00,38.88,32.94,73.86,200.00,-499.89,0.00,586.12,-991.97
4206,19.74,9.40,27.00,38.78,32.89,273.86,200.00,-503.01,0.00,586.12,-930.35
4207,21.24,9.40,27.00,38.75,32.88,438.53,200.00,-519.67,0.00,586.12,-855.92
4208,22.98,9.40,27.00,38.82,32.91,548.96,200.00,-551.30,0.00,586.12,-774.34
4209,24.84,9.40,27.00,39.01,33.01,1002.26,200.00,-599.21,0.00,586.12,-692.73
4210,26.70,9.40,27.00,39.33,33.16,1817.43,200.00,-662.67,0.00,586.12,-617.27
4211,28.44,9.40,27.00,39.74,33.37,2533.93,200.00,-736.13,0.00,586.12,-552.33
4212,29.94,9.40,27.00,40.17,33.59,2910.85,200.00,-810.56,0.00,586.12,-500.33
4213,31.10,9.40,27.00,40.57,33.79,2552.18,200.00,-874.05,0.00,586.12,-463.19
4214,31.84,9.40,27.00,40.89,33.94,1839.70,200.00,-919.77,0.00,586.12,-442.06
4215,32.13,9.40,27.00,41.08,34.04,1023.74,200.00,-944.07,0.00,586.12,-437.71
4216,31.93,9.40,27.00,41.18,34.09,551.81,200.00,-950.48,0.00,586.12,-452.12
4217,31.27,9.40,27.00,41.23,34.11,439.74,200.00,-944.13,0.00,586.12,-486.81
4218,30.19,9.40,27.00,41.21,34.10,273.99,200.00,-924.65,0.00,586.12,-538.32
4219,28.77,9.40,27.00,41.08,34.04,72.73,200.00,-892.13,0.00,586.12,-601.46
4220,27.11,9.40,27.00,40.91,33.96,0.00,200.00,-851.37,0.00,586.12,-674.34
4221,25.33,9.40,27.00,40.73,33.86,0.00,200.00,-806.69,0.00,586.12,-752.71
4222,23.53,9.40,27.00,40.53,33.76,0.00,200.00,-759.78,0.00,586.12,-830.57
4223,21.86,9.40,27.00,40.31,33.66,0.00,200.00,-712.54,0.00,586.12,-901.94
4224,20.45,9.40,27.00,40.09,33.54,0.00,200.00,-667.38,0.00,586.12,-959.82
4225,19.34,9.40,27.00,39.85,33.43,0.00,200.00,-625.30,0.00,586.12,-1002.58
4226,18.64,9.40,27.00,39.62,33.31,0.00,200.00,-588.40,0.00,586.12,-1025.19
4227,18.40,9.40,27.00,39.38,33.19,0.00,200.00,-558.03,0.00,586.12,-1025.52
4228,18.63,9.40,27.00,39.15,33.07,0.00,200.00,-535.12,0.00,586.12,-1003.02
4229,19.31,9.40,27.00,38.96,32.98,74.07,200.00,-523.89,0.00,586.12,-960.26
4230,20.41,9.40,27.00,38.86,32.93,273.54,200.00,-526.74,0.00,586.12,-902.09
4231,21.83,9.40,27.00,38.84,32.92,438.19,200.00,-542.92,0.00,586.12,-831.39
4232,23.49,9.40,27.00,38.91,32.96,548.43,200.00,-573.76,0.00,586.12,-753.72
4233,25.27,9.40,27.00,39.10,33.05,1001.83,200.00,-620.66,0.00,586.12,-676.21
4234,27.05,9.40,27.00,39.42,33.21,1817.85,200.00,-682.92,0.00,586.12,-605.01
4235,28.69,9.40,27.00,39.83,33.42,2535.49,200.00,-755.02,0.00,586.12,-544.45
4236,30.10,9.40,27.00,40.27,33.63,2914.44,200.00,-827.95,0.00,586.12,-496.91
4237,31.17,9.40,27.00,40.67,33.83,2558.03,200.00,-889.80,0.00,586.12,-464.26
4238,31.82,9.40,27.00,40.98,33.99,1845.39,200.00,-933.74,0.00,586.12,-447.59
4239,32.01,9.40,27.00,41.17,34.09,1028.44,200.00,-956.14,0.00,586.12,-447.64
4240,31.73,9.40,27.00,41.27,34.13,551.95,200.00,-960.60,0.00,586.12,-466.36
4241,30.98,9.40,27.00,41.31,34.16,439.68,200.00,-952.21,0.00,586.12,-505.20
4242,29.81,9.40,27.00,41.28,34.14,273.70,200.00,-930.61,0.00,586.12,-560.67
4243,28.31,9.40,27.00,41.15,34.08,72.66,200.00,-895.92,0.00,586.12,-627.53
4244,26.58,9.40,27.00,40.98,33.99,0.00,200.00,-853.00,0.00,586.12,-703.86
4245,24.72,9.40,27.00,40.79,33.89,0.00,200.00,-806.14,0.00,586.12,-785.38
4246,22.86,9.40,27.00,40.58,33.79,0.00,200.00,-757.09,0.00,586.12,-866.04
4247,21.13,9.40,27.00,40.36,33.68,0.00,200.00,-707.74,0.00,586.12,-939.85
4248,19.67,9.40,27.00,40.12,33.56,0.00,200.00,-660.48,0.00,586.12,-1000.00
4249,18.52,9.40,27.00,39.88,33.44,0.00,200.00,-616.45,0.00,586.12,-1044.39
4250,17.78,9.40,27.00,39.64,33.32,0.00,200.00,-577.70,0.00,586.12,-1068.21
4251,17.52,9.40,27.00,39.39,33.20,0.00,200.00,-545.61,0.00,586.12,-1069.31
4252,17.73,9.40,27.00,39.15,33.08,0.00,200.00,-521.13,0.00,586.12,-1047.13
4253,18.41,9.40,27.00,38.95,32.98,74.30,200.00,-508.45,0.00,586.12,-1004.24
4254,19.50,9.40,27.00,38.85,32.92,273.14,200.00,-510.03,0.00,586.12,-945.47
4255,20.94,9.40,27.00,38.82,32.91,437.80,200.00,-525.12,0.00,586.12,-873.74
4256,22.62,9.40,27.00,38.88,32.94,547.87,200.00,-554.98,0.00,586.12,-794.56
4257,24.43,9.40,27.00,39.06,33.03,1001.92,200.00,-601.11,0.00,586.12,-715.13
4258,26.25,9.40,27.00,39.37,33.19,1819.03,200.00,-662.81,0.00,586.12,-641.61
4259,27.94,9.40,27.00,39.78,33.39,2537.99,200.00,-734.60,0.00,586.12,-578.36
4260,29.41,9.40,27.00,40.20,33.60,2918.94,200.00,-807.46,0.00,586.12,-527.79
4261,30.54,9.40,27.00,40.60,33.80,2564.80,200.00,-869.47,0.00,586.12,-491.79
4262,31.26,9.40,27.00,40.90,33.95,1851.82,200.00,-913.81,0.00,586.12,-471.49
4263,31.52,9.40,27.00,41.09,34.05,1033.68,200.00,-936.82,0.00,586.12,-467.67
4264,31.32,9.40,27.00,41.18,34.09,552.05,200.00,-942.13,0.00,586.12,-482.32
4265,30.65,9.40,27.00,41.23,34.11,439.57,200.00,-934.80,0.00,586.12,-516.91
4266,29.58,9.40,27.00,41.20,34.10,273.33,200.00,-914.44,0.00,586.12,-568.01
4267,28.17,9.40,27.00,41.07,34.03,72.60,200.00,-881.17,0.00,586.12,-630.43
4268,26.52,9.40,27.00,40.89,33.95,0.00,200.00,-839.82,0.00,586.12,-702.26
4269,24.76,9.40,27.00,40.70,33.85,0.00,200.00,-794.68,0.00,586.12,-779.30
4270,22.99,9.40,27.00,40.50,33.75,0.00,200.00,-747.48,0.00,586.12,-855.52
4271,21.35,9.40,27.00,40.28,33.64,0.00,200.00,-700.09,0.00,586.12,-924.99
4272,19.98,9.40,27.00,40.05,33.52,0.00,200.00,-654.81,0.00,586.12,-981.14
4273,18.91,9.40,27.00,39.81,33.41,0.00,200.00,-612.90,0.00,586.12,-1021.51
4274,18.26,9.40,27.00,39.57,33.29,0.00,200.00,-576.31,0.00,586.12,-1041.51
4275,18.08,9.40,27.00,39.33,33.17,0.00,200.00,-546.40,0.00,586.12,-1039.07
4276,18.36,9.40,27.00,39.10,33.05,0.00,200.00,-524.12,0.00,586.12,-1013.62
4277,19.11,9.40,27.00,38.91,32.95,74.55,200.00,-513.64,0.00,586.12,-967.80
4278,20.26,9.40,27.00,38.81,32.90,272.68,200.00,-517.37,0.00,586.12,-906.45
4279,21.75,9.40,27.00,38.79,32.89,437.36,200.00,-534.58,0.00,586.12,-832.51
4280,23.48,9.40,27.00,38.86,32.93,547.26,200.00,-566.36,0.00,586.12,-751.49
4281,25.33,9.40,27.00,39.05,33.02,1002.56,200.00,-614.33,0.00,586.12,-670.63
4282,27.17,9.40,27.00,39.37,33.18,1821.00,200.00,-677.76,0.00,586.12,-596.13
4283,28.89,9.40,27.00,39.78,33.39,2541.44,200.00,-751.17,0.00,586.12,-532.36
4284,30.36,9.40,27.00,40.21,33.61,2924.33,200.00,-825.53,0.00,586.12,-481.72
4285,31.49,9.40,27.00,40.62,33.81,2572.47,200.00,-888.89,0.00,586.12,-446.10
4286,32.20,9.40,27.00,40.93,33.97,1859.01,200.00,-934.40,0.00,586.12,-426.64
4287,32.45,9.40,27.00,41.13,34.06,1039.48,200.00,-958.39,0.00,586.12,-424.09
4288,32.22,9.40,27.00,41.23,34.11,552.09,200.00,-964.50,0.00,586.12,-440.45
4289,31.52,9.40,27.00,41.28,34.14,439.41,200.00,-957.76,0.00,586.12,-477.17
4290,30.40,9.40,27.00,41.26,34.13,272.88,200.00,-937.77,0.00,586.12,-530.77
4291,28.94,9.40,27.00,41.13,34.07,72.56,200.00,-904.64,0.00,586.12,-596.06
4292,27.23,9.40,27.00,40.96,33.98,0.00,200.00,-863.18,0.00,586.12,-671.11
4293,25.40,9.40,27.00,40.78,33.89,0.00,200.00,-817.73,0.00,586.12,-751.65
4294,23.56,9.40,27.00,40.58,33.79,0.00,200.00,-769.99,0.00,586.12,-831.65
4295,21.85,9.40,27.00,40.36,33.68,0.00,200.00,-721.86,0.00,586.12,-905.12
4296,20.38,9.40,27.00,40.14,33.57,0.00,200.00,-675.57,0.00,586.12,-965.68
4297,19.23,9.40,27.00,39.90,33.45,0.00,200.00,-632.51,0.00,586.12,-1010.38
4298,18.49,9.40,27.00,39.66,33.33,0.00,200.00,-594.60,0.00,586.12,-1034.82
4299,18.21,9.40,27.00,39.42,33.21,0.00,200.00,-563.20,0.00,586.12,-1036.87
4300,18.41,9.40,27.00,39.19,33.09,0.00,200.00,-539.26,0.00,586.12,-1015.94
4301,19.06,9.40,27.00,39.00,33.00,74.83,200.00,-527.01,0.00,586.12,-974.60
4302,20.12,9.40,27.00,38.89,32.95,272.13,200.00,-528.82,0.00,586.12,-917.64
4303,21.52,9.40,27.00,38.87,32.93,436.88,200.00,-544.00,0.00,586.12,-847.98
4304,23.16,9.40,27.00,38.93,32.97,546.61,200.00,-573.69,0.00,586.12,-771.07
4305,24.92,9.40,27.00,39.12,33.06,1003.73,200.00,-619.51,0.00,586.12,-694.13
4306,26.68,9.40,27.00,39.44,33.22,1823.74,200.00,-680.78,0.00,586.12,-623.31
4307,28.32,9.40,27.00,39.84,33.42,2545.84,200.00,-752.01,0.00,586.12,-562.95
4308,29.73,9.40,27.00,40.27,33.64,2930.63,200.00,-824.21,0.00,586.12,-515.41
4309,30.79,9.40,27.00,40.67,33.83,2581.04,200.00,-885.46,0.00,586.12,-482.56
4310,31.45,9.40,27.00,40.97,33.99,1866.95,200.00,-928.90,0.00,586.12,-465.49
4311,31.65,9.40,27.00,41.16,34.08,1045.83,200.00,-950.88,0.00,586.12,-464.93
4312,31.37,9.40,27.00,41.25,34.13,552.09,200.00,-955.01,0.00,586.12,-482.85
4313,30.64,9.40,27.00,41.30,34.15,439.19,200.00,-946.39,0.00,586.12,-520.69
4314,29.50,9.40,27.00,41.26,34.13,272.36,200.00,-924.65,0.00,586.12,-574.97
4315,28.03,9.40,27.00,41.13,34.07,72.52,200.00,-889.93,0.00,586.12,-640.50
4316,26.32,9.40,27.00,40.95,33.98,0.00,200.00,-847.07,0.00,586.12,-715.34
4317,24.49,9.40,27.00,40.76,33.88,0.00,200.00,-800.39,0.00,586.12,-795.23
4318,22.67,9.40,27.00,40.55,33.78,0.00,200.00,-751.61,0.00,586.12,-874.12
4319,20.97,9.40,27.00,40.33,33.66,0.00,200.00,-702.64,0.00,586.12,-946.06
4320,19.54,9.40,27.00,40.09,33.55,0.00,200.00,-655.65,0.00,586.12,-1004.90
4321,18.43,9.40,27.00,39.85,33.43,0.00,200.00,-612.16,0.00,586.12,-1047.25
4322,17.74,9.40,27.00,39.61,33.30,0.00,200.00,-574.04,0.00,586.12,-1068.98
4323,17.51,9.40,27.00,39.36,33.18,0.00,200.00,-542.65,0.00,586.12,-1067.97
4324,17.77,9.40,27.00,39.12,33.06,0.00,200.00,-518.94,0.00,586.12,-1043.67
4325,18.49,9.40,27.00,38.92,32.96,75.14,200.00,-507.12,0.00,586.12,-998.67
4326,19.63,9.40,27.00,38.82,32.91,271.52,200.00,-509.55,0.00,586.12,-937.79
4327,21.11,9.40,27.00,38.79,32.90,436.35,200.00,-525.58,0.00,586.12,-864.02
4328,22.84,9.40,27.00,38.85,32.93,545.91,200.00,-556.30,0.00,586.12,-782.82
4329,24.69,9.40,27.00,39.04,33.02,1005.46,200.00,-603.37,0.00,586.12,-701.50
4330,26.54,9.40,27.00,39.35,33.18,1827.27,200.00,-666.07,0.00,586.12,-626.22
4331,28.27,9.40,27.00,39.76,33.38,2551.19,200.00,-738.92,0.00,586.12,-561.37
4332,29.77,9.40,27.00,40.19,33.59,2937.84,200.00,-812.90,0.00,586.12,-509.36
4333,30.93,9.40,27.00,40.59,33.79,2590.52,200.00,-876.07,0.00,586.12,-472.11
4334,31.68,9.40,27.00,40.90,33.95,1875.64,200.00,-921.53,0.00,586.12,-450.73
4335,31.97,9.40,27.00,41.09,34.05,1052.75,200.00,-945.60,0.00,586.12,-446.01
4336,31.78,9.40,27.00,41.19,34.09,552.04,200.00,-951.84,0.00,586.12,-459.92
4337,31.13,9.40,27.00,41.23,34.12,438.93,200.00,-945.37,0.00,586.12,-493.97
4338,30.06,9.40,27.00,41.21,34.10,271.76,200.00,-925.80,0.00,586.12,-544.73
4339,28.66,9.40,27.00,41.08,34.04,72.51,200.00,-893.27,0.00,586.12,-607.05
4340,27.02,9.40,27.00,40.91,33.96,0.00,200.00,-852.57,0.00,586.12,-679.01
4341,25.25,9.40,27.00,40.73,33.86,0.00,200.00,-808.01,0.00,586.12,-756.38
4342,23.48,9.40,27.00,40.53,33.76,0.00,200.00,-761.28,0.00,586.12,-833.14
4343,21.83,9.40,27.00,40.31,33.66,0.00,200.00,-714.29,0.00,586.12,-903.35
4344,20.42,9.40,27.00,40.09,33.54,0.00,200.00,-669.10,0.00,586.12,-961.10
4345,19.34,9.40,27.00,39.85,33.43,0.00,200.00,-627.35,0.00,586.12,-1002.59
4346,18.67,9.40,27.00,39.62,33.31,0.00,200.00,-590.83,0.00,586.12,-1023.89
4347,18.45,9.40,27.00,39.38,33.19,0.00,200.00,-560.88,0.00,586.12,-1022.91
4348,18.71,9.40,27.00,39.15,33.07,0.00,200.00,-538.45,0.00,586.12,-999.08
4349,19.42,9.40,27.00,38.96,32.98,75.47,200.00,-527.76,0.00,586.12,-955.00
4350,20.54,9.40,27.00,38.86,32.93,270.83,200.00,-531.13,0.00,586.12,-895.46
4351,21.99,9.40,27.00,38.84,32.92,435.76,200.00,-547.89,0.00,586.12,-823.45
4352,23.68,9.40,27.00,38.91,32.95,545.18,200.00,-578.79,0.00,586.12,-744.27
4353,25.49,9.40,27.00,39.10,33.05,1007.74,200.00,-625.83,0.00,586.12,-665.33
4354,27.29,9.40,27.00,39.41,33.21,1831.59,200.00,-688.31,0.00,586.12,-592.80
4355,28.96,9.40,27.00,39.82,33.41,2557.49,200.00,-760.78,0.00,586.12,-531.05
4356,30.39,9.40,27.00,40.26,33.63,2945.96,200.00,-834.21,0.00,586.12,-482.46
4357,31.47,9.40,27.00,40.66,33.83,2600.89,200.00,-896.65,0.00,586.12,-448.88
4358,32.14,9.40,27.00,40.97,33.98,1885.07,200.00,-941.20,0.00,586.12,-431.42
4359,32.35,9.40,27.00,41.16,34.08,1060.24,200.00,-964.19,0.00,586.12,-430.80
4360,32.07,9.40,27.00,41.26,34.13,551.93,200.00,-969.08,0.00,586.12,-448.95
4361,31.33,9.40,27.00,41.30,34.15,438.60,200.00,-961.36,0.00,586.12,-487.44
4362,30.18,9.40,27.00,41.28,34.14,271.08,200.00,-940.36,0.00,586.12,-542.69
4363,28.68,9.40,27.00,41.15,34.08,72.50,200.00,-906.22,0.00,586.12,-609.52
4364,26.95,9.40,27.00,40.98,33.99,0.00,200.00,-863.77,0.00,586.12,-685.96
4365,25.09,9.40,27.00,40.79,33.90,0.00,200.00,-817.34,0.00,586.12,-767.72
4366,23.22,9.40,27.00,40.59,33.79,0.00,200.00,-768.65,0.00,586.12,-848.75
4367,21.49,9.40,27.00,40.37,33.68,0.00,200.00,-719.61,0.00,586.12,-923.07
4368,19.99,9.40,27.00,40.14,33.57,0.00,200.00,-672.25,0.00,586.12,-984.91
4369,18.83,9.40,27.00,39.90,33.45,0.00,200.00,-628.36,0.00,586.12,-1030.04
4370,18.08,9.40,27.00,39.66,33.33,0.00,200.00,-589.68,0.00,586.12,-1054.70
4371,17.80,9.40,27.00,39.42,33.21,0.00,200.00,-557.59,0.00,586.12,-1056.75
4372,17.99,9.40,27.00,39.18,33.09,0.00,200.00,-533.04,0.00,586.12,-1035.61
4373,18.65,9.40,27.00,38.98,32.99,75.83,200.00,-520.27,0.00,586.12,-993.84
4374,19.72,9.40,27.00,38.87,32.94,270.06,200.00,-521.60,0.00,586.12,-936.19
4375,21.13,9.40,27.00,38.84,32.92,435.13,200.00,-536.44,0.00,586.12,-865.66
4376,22.79,9.40,27.00,38.90,32.95,544.41,200.00,-565.44,0.00,586.12,-787.48
4377,24.57,9.40,27.00,39.08,33.04,1010.58,200.00,-610.74,0.00,586.12,-709.12
4378,26.36,9.40,27.00,39.39,33.19,1836.70,200.00,-671.64,0.00,586.12,-636.74
4379,28.03,9.40,27.00,39.79,33.39,2564.77,200.00,-742.73,0.00,586.12,-574.69
4380,29.47,9.40,27.00,40.21,33.61,2955.00,200.00,-814.98,0.00,586.12,-525.36
4381,30.57,9.40,27.00,40.60,33.80,2612.17,200.00,-876.44,0.00,586.12,-490.61
4382,31.26,9.40,27.00,40.91,33.95,1895.25,200.00,-920.22,0.00,586.12,-471.55
4383,31.50,9.40,27.00,41.09,34.05,1068.30,200.00,-942.64,0.00,586.12,-468.93
4384,31.27,9.40,27.00,41.18,34.09,551.78,200.00,-947.15,0.00,586.12,-484.66
4385,30.58,9.40,27.00,41.22,34.11,438.23,200.00,-939.27,0.00,586.12,-520.38
4386,29.48,9.40,27.00,41.19,34.10,270.33,200.00,-918.31,0.00,586.12,-572.50
4387,28.05,9.40,27.00,41.06,34.03,72.51,200.00,-884.45,0.00,586.12,-635.91
4388,26.38,9.40,27.00,40.88,33.94,0.00,200.00,-842.52,0.00,586.12,-708.66
4389,24.60,9.40,27.00,40.69,33.85,0.00,200.00,-796.81,0.00,586.12,-786.49
4390,22.82,9.40,27.00,40.48,33.74,0.00,200.00,-749.05,0.00,586.12,-863.40
4391,21.17,9.40,27.00,40.26,33.63,0.00,200.00,-701.12,0.00,586.12,-933.43
4392,19.76,9.40,27.00,40.03,33.52,0.00,200.00,-655.01,0.00,586.12,-991.09
4393,18.69,9.40,27.00,39.80,33.40,0.00,200.00,-612.58,0.00,586.12,-1031.75
4394,18.03,9.40,27.00,39.55,33.28,0.00,200.00,-575.52,0.00,586.12,-1051.91
4395,17.84,9.40,27.00,39.31,33.16,0.00,200.00,-545.19,0.00,586.12,-1049.49
4396,18.13,9.40,27.00,39.08,33.04,0.00,200.00,-522.53,0.00,586.12,-1023.93
4397,18.88,9.40,27.00,38.88,32.94,76.23,200.00,-511.75,0.00,586.12,-977.86
4398,20.04,9.40,27.00,38.78,32.89,269.22,200.00,-515.14,0.00,586.12,-916.04
4399,21.54,9.40,27.00,38.75,32.88,434.46,200.00,-532.10,0.00,586.12,-841.53
4400,23.28,9.40,27.00,38.82,32.91,543.60,200.00,-563.21,0.00,586.12,-759.58
4401,25.14,9.40,27.00,39.00,33.00,1014.00,200.00,-610.66,0.00,586.12,-677.73
4402,27.00,9.40,27.00,39.31,33.16,1842.61,200.00,-673.74,0.00,586.12,-602.16
4403,28.73,9.40,27.00,39.72,33.36,2573.00,200.00,-747.02,0.00,586.12,-537.28
4404,30.22,9.40,27.00,40.15,33.58,2964.95,200.00,-821.43,0.00,586.12,-485.51
4405,31.37,9.40,27.00,40.55,33.78,2624.34,200.00,-885.03,0.00,586.12,-448.70
4406,32.11,9.40,27.00,40.87,33.93,1906.18,200.00,-930.84,0.00,586.12,-427.98
4407,32.38,9.40,27.00,41.06,34.03,1076.97,200.00,-955.18,0.00,586.12,-424.13
4408,32.18,9.40,27.00,41.16,34.08,551.91,200.00,-961.47,0.00,586.12,-439.08
4409,31.50,9.40,27.00,41.21,34.10,437.80,200.00,-955.23,0.00,586.12,-474.44
4410,30.41,9.40,27.00,41.19,34.09,269.49,200.00,-935.72,0.00,586.12,-526.65
4411,28.98,9.40,27.00,41.06,34.03,72.53,200.00,-903.16,0.00,586.12,-590.63
4412,27.30,9.40,27.00,40.89,33.95,0.00,200.00,-862.31,0.00,586.12,-664.38
4413,25.50,9.40,27.00,40.71,33.86,0.00,200.00,-817.49,0.00,586.12,-743.65
4414,23.69,9.40,27.00,40.51,33.76,0.00,200.00,-770.41,0.00,586.12,-822.41
4415,22.00,9.40,27.00,40.30,33.65,0.00,200.00,-722.96,0.00,586.12,-894.70
4416,20.53,9.40,27.00,40.08,33.54,0.00,200.00,-677.03,0.00,586.12,-955.22
4417,19.41,9.40,27.00,39.84,33.42,0.00,200.00,-634.64,0.00,586.12,-998.86
4418,18.69,9.40,27.00,39.61,33.30,0.00,200.00,-597.39,0.00,586.12,-1022.33
4419,18.43,9.40,27.00,39.37,33.19,0.00,200.00,-566.66,0.00,586.12,-1023.51
4420,18.64,9.40,27.00,39.14,33.07,0.00,200.00,-543.37,0.00,586.12,-1001.81
4421,19.31,9.40,27.00,38.95,32.97,76.66,200.00,-531.78,0.00,586.12,-959.80
4422,20.39,9.40,27.00,38.85,32.92,268.31,200.00,-534.14,0.00,586.12,-902.20
4423,21.80,9.40,27.00,38.83,32.91,433.73,200.00,-549.88,0.00,586.12,-832.05
4424,23.45,9.40,27.00,38.89,32.94,542.75,200.00,-579.51,0.00,586.12,-754.51
4425,25.22,9.40,27.00,39.07,33.04,1018.00,200.00,-625.37,0.00,586.12,-677.13
4426,26.99,9.40,27.00,39.38,33.19,1849.32,200.00,-686.73,0.00,586.12,-606.05
4427,28.63,9.40,27.00,39.79,33.39,2582.21,200.00,-758.19,0.00,586.12,-545.62
4428,30.03,9.40,27.00,40.22,33.61,2975.83,200.00,-830.69,0.00,586.12,-498.21
4429,31.09,9.40,27.00,40.62,33.81,2637.40,200.00,-892.29,0.00,586.12,-465.64
4430,31.74,9.40,27.00,40.92,33.96,1917.85,200.00,-936.04,0.00,586.12,-448.99
4431,31.93,9.40,27.00,41.11,34.06,1086.23,200.00,-958.25,0.00,586.12,-448.98
4432,31.64,9.40,27.00,41.20,34.10,552.58,200.00,-962.35,0.00,586.12,-467.52
4433,30.89,9.40,27.00,41.25,34.12,437.31,200.00,-953.89,0.00,586.12,-506.16
4434,29.73,9.40,27.00,41.22,34.11,268.58,200.00,-932.16,0.00,586.12,-561.32
4435,28.24,9.40,27.00,41.09,34.04,72.57,200.00,-897.44,0.00,586.12,-627.91
4436,26.51,9.40,27.00,40.91,33.96,0.00,200.00,-854.51,0.00,586.12,-703.91
4437,24.66,9.40,27.00,40.72,33.86,0.00,200.00,-807.69,0.00,586.12,-785.02
4438,22.81,9.40,27.00,40.51,33.76,0.00,200.00,-758.70,0.00,586.12,-865.20
4439,21.09,9.40,27.00,40.29,33.65,0.00,200.00,-709.45,0.00,586.12,-938.48
4440,19.61,9.40,27.00,40.06,33.53,0.00,200.00,-661.80,0.00,586.12,-999.75
4441,18.47,9.40,27.00,39.82,33.41,0.00,200.00,-617.90,0.00,586.12,-1043.48
4442,17.75,9.40,27.00,39.57,33.29,0.00,200.00,-579.31,0.00,586.12,-1066.59
4443,17.50,9.40,27.00,39.33,33.16,0.00,200.00,-547.40,0.00,586.12,-1066.96
4444,17.73,9.40,27.00,39.09,33.04,0.00,200.00,-523.15,0.00,586.12,-1044.02
4445,18.42,9.40,27.00,38.89,32.94,77.14,200.00,-510.76,0.00,586.12,-1000.33
4446,19.54,9.40,27.00,38.78,32.89,267.32,200.00,-512.50,0.00,586.12,-940.63
4447,20.99,9.40,27.00,38.75,32.88,432.96,200.00,-527.86,0.00,586.12,-867.99
4448,22.69,9.40,27.00,38.80,32.90,541.86,200.00,-557.26,0.00,586.12,-787.57
4449,24.52,9.40,27.00,38.98,32.99,1022.60,200.00,-603.14,0.00,586.12,-707.00
4450,26.35,9.40,27.00,39.29,33.14,1856.85,200.00,-664.77,0.00,586.12,-632.42
4451,28.06,9.40,27.00,39.69,33.34,2592.40,200.00,-736.75,0.00,586.12,-568.25
4452,29.54,9.40,27.00,40.12,33.56,2987.64,200.00,-810.01,0.00,586.12,-516.87
4453,30.69,9.40,27.00,40.51,33.76,2651.36,200.00,-872.60,0.00,586.12,-480.15
4454,31.42,9.40,27.00,40.82,33.91,1930.27,200.00,-917.52,0.00,586.12,-459.19
4455,31.70,9.40,27.00,41.00,34.00,1096.11,200.00,-941.07,0.00,586.12,-454.77
4456,31.51,9.40,27.00,41.10,34.05,553.36,200.00,-946.66,0.00,586.12,-468.82
4457,30.85,9.40,27.00,41.14,34.07,436.77,200.00,-939.82,0.00,586.12,-502.95
4458,29.79,9.40,27.00,41.11,34.06,267.58,200.00,-919.84,0.00,586.12,-553.61
4459,28.38,9.40,27.00,40.98,33.99,72.62,200.00,-887.01,0.00,586.12,-615.80
4460,26.74,9.40,27.00,40.81,33.91,0.00,200.00,-846.07,0.00,586.12,-687.51
4461,24.98,9.40,27.00,40.62,33.81,0.00,200.00,-801.32,0.00,586.12,-764.50
4462,23.22,9.40,27.00,40.42,33.71,0.00,200.00,-754.46,0.00,586.12,-840.76
4463,21.58,9.40,27.00,40.21,33.60,0.00,200.00,-707.39,0.00,586.12,-910.35
4464,20.17,9.40,27.00,39.98,33.49,0.00,200.00,-661.86,0.00,586.12,-968.43
4465,19.10,9.40,27.00,39.75,33.37,0.00,200.00,-620.13,0.00,586.12,-1009.06
4466,18.45,9.40,27.00,39.51,33.25,0.00,200.00,-583.68,0.00,586.12,-1029.41
4467,18.25,9.40,27.00,39.27,33.14,0.00,200.00,-553.88,0.00,586.12,-1027.39
4468,18.53,9.40,27.00,39.04,33.02,0.00,200.00,-531.66,0.00,586.12,-1002.44
4469,19.27,9.40,27.00,38.85,32.92,77.65,200.00,-521.24,0.00,586.12,-957.17
4470,20.41,9.40,27.00,38.75,32.87,266.25,200.00,-524.81,0.00,586.12,-896.28
4471,21.89,9.40,27.00,38.73,32.86,432.14,200.00,-541.88,0.00,586.12,-822.92
4472,23.61,9.40,27.00,38.79,32.89,540.93,200.00,-572.77,0.00,586.12,-742.17
4473,25.44,9.40,27.00,38.98,32.99,1027.81,200.00,-620.04,0.00,586.12,-661.75
4474,27.27,9.40,27.00,39.29,33.15,1865.18,200.00,-682.92,0.00,586.12,-587.79
4475,28.96,9.40,27.00,39.70,33.35,2603.57,200.00,-756.00,0.00,586.12,-524.69
4476,30.42,9.40,27.00,40.14,33.57,3000.39,200.00,-830.18,0.00,586.12,-474.83
4477,31.53,9.40,27.00,40.54,33.77,2666.21,200.00,-893.50,0.00,586.12,-440.04
4478,32.23,9.40,27.00,40.85,33.93,1943.44,200.00,-938.93,0.00,586.12,-421.42
4479,32.46,9.40,27.00,41.05,34.02,1106.60,200.00,-962.76,0.00,586.12,-419.69
4480,32.21,9.40,27.00,41.14,34.07,554.26,200.00,-968.38,0.00,586.12,-436.78
4481,31.49,9.40,27.00,41.19,34.10,436.17,200.00,-961.32,0.00,586.12,-474.25
4482,30.36,9.40,27.00,41.17,34.08,266.51,200.00,-940.88,0.00,586.12,-528.52
4483,28.88,9.40,27.00,41.04,34.02,72.69,200.00,-907.41,0.00,586.12,-594.60
4484,27.16,9.40,27.00,40.87,33.94,0.00,200.00,-865.60,0.00,586.12,-670.41
4485,25.31,9.40,27.00,40.69,33.85,0.00,200.00,-819.79,0.00,586.12,-751.66
4486,23.46,9.40,27.00,40.49,33.75,0.00,200.00,-771.68,0.00,586.12,-832.31
4487,21.73,9.40,27.00,40.28,33.64,0.00,200.00,-723.19,0.00,586.12,-906.37
4488,20.22,9.40,27.00,40.05,33.52,0.00,200.00,-676.01,0.00,586.12,-969.17
4489,19.06,9.40,27.00,39.81,33.41,0.00,200.00,-632.55,0.00,586.12,-1014.30
4490,18.32,9.40,27.00,39.57,33.29,0.00,200.00,-594.24,0.00,586.12,-1039.10
4491,18.03,9.40,27.00,39.33,33.17,0.00,200.00,-562.47,0.00,586.12,-1041.42
4492,18.22,9.40,27.00,39.10,33.05,0.00,200.00,-538.19,0.00,586.12,-1020.68
4493,18.87,9.40,27.00,38.90,32.95,78.22,200.00,-525.64,0.00,586.12,-979.43
4494,19.93,9.40,27.00,38.80,32.90,265.11,200.00,-526.99,0.00,586.12,-922.31
4495,21.33,9.40,27.00,38.77,32.88,431.27,200.00,-541.83,0.00,586.12,-852.46
4496,22.97,9.40,27.00,38.82,32.91,539.96,200.00,-570.42,0.00,586.12,-774.91
4497,24.74,9.40,27.00,39.00,33.00,1033.64,200.00,-615.46,0.00,586.12,-697.38
4498,26.50,9.40,27.00,39.31,33.16,1874.34,200.00,-676.18,0.00,586.12,-625.96
4499,28.15,9.40,27.00,39.71,33.36,2615.72,200.00,-747.19,0.00,586.12,-565.03
4500,29.56,9.40,27.00,40.14,33.57,3014.08,200.00,-819.40,0.00,586.12,-516.94
4501,30.64,9.40,27.00,40.53,33.77,2681.96,200.00,-880.88,0.00,586.12,-483.51
4502,31.31,9.40,27.00,40.84,33.92,1957.36,200.00,-924.58,0.00,586.12,-465.81
4503,31.52,9.40,27.00,41.02,34.01,1117.74,200.00,-946.79,0.00,586.12,-464.55
4504,31.26,9.40,27.00,41.11,34.06,555.31,200.00,-950.90,0.00,586.12,-481.65
4505,30.54,9.40,27.00,41.15,34.08,435.52,200.00,-942.48,0.00,586.12,-518.67
4506,29.42,9.40,27.00,41.12,34.06,265.35,200.00,-920.84,0.00,586.12,-572.02
4507,27.96,9.40,27.00,40.99,33.99,72.77,200.00,-886.40,0.00,586.12,-636.78
4508,26.27,9.40,27.00,40.81,33.90,0.00,200.00,-843.86,0.00,586.12,-710.85
4509,24.46,9.40,27.00,40.62,33.81,0.00,200.00,-797.52,0.00,586.12,-789.95
4510,22.65,9.40,27.00,40.41,33.71,0.00,200.00,-749.10,0.00,586.12,-868.07
4511,20.97,9.40,27.00,40.19,33.59,0.00,200.00,-700.51,0.00,586.12,-939.23
4512,19.52,9.40,27.00,39.96,33.48,0.00,200.00,-653.39,0.00,586.12,-999.03
4513,18.43,9.40,27.00,39.72,33.36,0.00,200.00,-610.25,0.00,586.12,-1040.63
4514,17.75,9.40,27.00,39.47,33.24,0.00,200.00,-572.50,0.00,586.12,-1061.64
4515,17.54,9.40,27.00,39.23,33.11,0.00,200.00,-541.49,0.00,586.12,-1059.96
4516,17.82,9.40,27.00,38.99,33.00,0.00,200.00,-518.16,0.00,586.12,-1035.02
4517,18.55,9.40,27.00,38.79,32.90,78.84,200.00,-506.75,0.00,586.12,-989.43
4518,19.71,9.40,27.00,38.69,32.84,263.90,200.00,-509.39,0.00,586.12,-927.85
4519,21.20,9.40,27.00,38.66,32.83,430.36,200.00,-525.70,0.00,586.12,-853.48
4520,22.93,9.40,27.00,38.71,32.86,538.96,200.00,-555.85,0.00,586.12,-771.38
4521,24.79,9.40,27.00,38.89,32.95,1040.11,200.00,-602.66,0.00,586.12,-689.36
4522,26.65,9.40,27.00,39.20,33.10,1884.33,200.00,-665.30,0.00,586.12,-613.54
4523,28.39,9.40,27.00,39.61,33.30,2628.87,200.00,-738.35,0.00,586.12,-548.35
4524,29.89,9.40,27.00,40.04,33.52,3028.71,200.00,-812.73,0.00,586.12,-496.19
4525,31.05,9.40,27.00,40.44,33.72,2698.60,200.00,-876.44,0.00,586.12,-458.88
4526,31.80,9.40,27.00,40.75,33.88,1972.02,200.00,-922.40,0.00,586.12,-437.55
4527,32.09,9.40,27.00,40.94,33.97,1129.52,200.00,-946.87,0.00,586.12,-432.95
4528,31.89,9.40,27.00,41.04,34.02,556.51,200.00,-953.17,0.00,586.12,-447.00
4529,31.24,9.40,27.00,41.09,34.04,434.81,200.00,-946.89,0.00,586.12,-481.29
4530,30.17,9.40,27.00,41.06,34.03,264.11,200.00,-927.34,0.00,586.12,-532.29
4531,28.76,9.40,27.00,40.93,33.97,72.88,200.00,-894.94,0.00,586.12,-595.11
4532,27.11,9.40,27.00,40.77,33.88,0.00,200.00,-854.31,0.00,586.12,-667.66
4533,25.33,9.40,27.00,40.58,33.79,0.00,200.00,-809.78,0.00,586.12,-745.68
4534,23.54,9.40,27.00,40.38,33.69,0.00,200.00,-763.04,0.00,586.12,-823.16
4535,21.88,9.40,27.00,40.17,33.59,0.00,200.00,-715.98,0.00,586.12,-894.13
4536,20.42,9.40,27.00,39.95,33.47,0.00,200.00,-670.16,0.00,586.12,-954.39
4537,19.33,9.40,27.00,39.72,33.36,0.00,200.00,-628.22,0.00,586.12,-996.70
4538,18.64,9.40,27.00,39.48,33.24,0.00,200.00,-591.46,0.00,586.12,-1018.85
4539,18.41,9.40,27.00,39.25,33.12,0.00,200.00,-561.25,0.00,586.12,-1018.74
4540,18.64,9.40,27.00,39.02,33.01,0.00,200.00,-538.52,0.00,586.12,-995.79
4541,19.34,9.40,27.00,38.83,32.91,79.51,200.00,-527.51,0.00,586.12,-952.57
4542,20.44,9.40,27.00,38.73,32.86,262.60,200.00,-530.30,0.00,586.12,-893.71
4543,21.88,9.40,27.00,38.70,32.85,429.40,200.00,-546.54,0.00,586.12,-822.41
4544,23.55,9.40,27.00,38.76,32.88,537.91,200.00,-576.35,0.00,586.12,-743.67
4545,25.34,9.40,27.00,38.95,32.97,1047.24,200.00,-622.68,0.00,586.12,-665.31
4546,27.12,9.40,27.00,39.26,33.13,1895.15,200.00,-684.65,0.00,586.12,-593.41
4547,28.78,9.40,27.00,39.67,33.33,2643.02,200.00,-756.87,0.00,586.12,-532.36
4548,30.19,9.40,27.00,40.10,33.55,3044.30,200.00,-830.24,0.00,586.12,-484.50
4549,31.26,9.40,27.00,40.50,33.75,2716.13,200.00,-892.78,0.00,586.12,-451.62
4550,31.92,9.40,27.00,40.82,33.91,1987.43,200.00,-937.37,0.00,586.12,-434.79
4551,32.12,9.40,27.00,41.01,34.00,1141.97,200.00,-960.30,0.00,586.12,-434.71
4552,31.83,9.40,27.00,41.10,34.05,557.88,200.00,-964.85,0.00,586.12,-453.24
4553,31.08,9.40,27.00,41.15,34.07,434.04,200.00,-956.67,0.00,586.12,-491.94
4554,29.92,9.40,27.00,41.12,34.06,262.79,200.00,-935.09,0.00,586.12,-547.23
4555,28.42,9.40,27.00,40.99,33.99,73.00,200.00,-900.60,0.00,586.12,-614.23
4556,26.68,9.40,27.00,40.82,33.91,0.00,200.00,-857.84,0.00,586.12,-690.76
4557,24.82,9.40,27.00,40.63,33.81,0.00,200.00,-811.13,0.00,586.12,-772.54
4558,22.96,9.40,27.00,40.42,33.71,0.00,200.00,-762.19,0.00,586.12,-853.50
4559,21.23,9.40,27.00,40.20,33.60,0.00,200.00,-712.92,0.00,586.12,-927.65
4560,19.70,9.40,27.00,39.97,33.49,0.00,200.00,-664.86,0.00,586.12,-990.98
4561,18.54,9.40,27.00,39.73,33.37,0.00,200.00,-620.77,0.00,586.12,-1035.78
4562,17.80,9.40,27.00,39.49,33.24,0.00,200.00,-581.93,0.00,586.12,-1060.03
4563,17.53,9.40,27.00,39.25,33.12,0.00,200.00,-549.72,0.00,586.12,-1061.61
4564,17.73,9.40,27.00,39.01,33.00,0.00,200.00,-525.10,0.00,586.12,-1039.92
4565,18.40,9.40,27.00,38.81,32.90,80.25,200.00,-512.30,0.00,586.12,-997.53
4566,19.49,9.40,27.00,38.70,32.85,261.23,200.00,-513.40,0.00,586.12,-939.02
4567,20.91,9.40,27.00,38.67,32.83,428.39,200.00,-528.12,0.00,586.12,-867.63
4568,22.59,9.40,27.00,38.71,32.86,536.83,200.00,-556.53,0.00,586.12,-788.32
4569,24.39,9.40,27.00,38.89,32.94,1055.05,200.00,-601.71,0.00,586.12,-708.99
4570,26.19,9.40,27.00,39.19,33.10,1906.81,200.00,-662.77,0.00,586.12,-635.69
4571,27.88,9.40,27.00,39.59,33.30,2658.17,200.00,-734.33,0.00,586.12,-572.84
4572,29.33,9.40,27.00,40.02,33.51,3060.84,200.00,-807.26,0.00,586.12,-522.78
4573,30.45,9.40,27.00,40.42,33.71,2734.55,200.00,-869.60,0.00,586.12,-487.34
4574,31.16,9.40,27.00,40.72,33.86,2003.59,200.00,-914.20,0.00,586.12,-467.58
4575,31.41,9.40,27.00,40.91,33.96,1155.08,200.00,-937.34,0.00,586.12,-464.24
4576,31.20,9.40,27.00,41.00,34.00,559.45,200.00,-942.24,0.00,586.12,-479.20
4577,30.52,9.40,27.00,41.04,34.02,433.22,200.00,-934.61,0.00,586.12,-514.04
4578,29.44,9.40,27.00,41.01,34.00,261.39,200.00,-913.76,0.00,586.12,-565.25
4579,28.03,9.40,27.00,40.87,33.94,73.15,200.00,-880.25,0.00,586.12,-628.02
4580,26.38,9.40,27.00,40.70,33.85,0.00,200.00,-838.67,0.00,586.12,-700.20
4581,24.60,9.40,27.00,40.51,33.76,0.00,200.00,-793.31,0.00,586.12,-777.52
4582,22.84,9.40,27.00,40.31,33.65,0.00,200.00,-745.89,0.00,586.12,-853.98
4583,21.19,9.40,27.00,40.09,33.54,0.00,200.00,-698.29,0.00,586.12,-923.64
4584,19.76,9.40,27.00,39.86,33.43,0.00,200.00,-651.96,0.00,586.12,-982.72
4585,18.69,9.40,27.00,39.62,33.31,0.00,200.00,-609.78,0.00,586.12,-1023.15
4586,18.04,9.40,27.00,39.38,33.19,0.00,200.00,-572.94,0.00,586.12,-1043.15
4587,17.85,9.40,27.00,39.14,33.07,0.00,200.00,-542.81,0.00,586.12,-1040.66
4588,18.14,9.40,27.00,38.91,32.95,0.00,200.00,-520.32,0.00,586.12,-1015.12
4589,18.89,9.40,27.00,38.72,32.86,81.06,200.00,-509.70,0.00,586.12,-969.12
4590,20.05,9.40,27.00,38.61,32.81,259.79,200.00,-512.94,0.00,586.12,-907.26
4591,21.55,9.40,27.00,38.59,32.79,427.34,200.00,-529.81,0.00,586.12,-832.85
4592,23.28,9.40,27.00,38.64,32.82,535.72,200.00,-560.29,0.00,586.12,-750.85
4593,25.13,9.40,27.00,38.82,32.91,1063.54,200.00,-607.57,0.00,586.12,-669.24
4594,26.98,9.40,27.00,39.14,33.07,1919.32,200.00,-670.68,0.00,586.12,-594.08
4595,28.71,9.40,27.00,39.55,33.27,2674.33,200.00,-744.25,0.00,586.12,-529.80
4596,30.19,9.40,27.00,39.98,33.49,3078.35,200.00,-819.09,0.00,586.12,-478.76
4597,31.33,9.40,27.00,40.39,33.69,2753.87,200.00,-883.23,0.00,586.12,-442.77
4598,32.05,9.40,27.00,40.71,33.85,2020.50,200.00,-929.46,0.00,586.12,-422.92
4599,32.31,9.40,27.00,40.90,33.95,1168.88,200.00,-954.04,0.00,586.12,-419.93
4600,32.09,9.40,27.00,41.00,34.00,561.22,200.00,-960.13,0.00,586.12,-435.67
4601,31.40,9.40,27.00,41.05,34.02,432.34,200.00,-953.46,0.00,586.12,-471.70
4602,30.29,9.40,27.00,41.02,34.01,259.90,200.00,-933.36,0.00,586.12,-524.51
4603,28.84,9.40,27.00,40.90,33.95,73.32,200.00,-900.43,0.00,586.12,-589.34
4604,27.15,9.40,27.00,40.73,33.86,0.00,200.00,-859.19,0.00,586.12,-663.95
4605,25.32,9.40,27.00,40.55,33.77,0.00,200.00,-813.95,0.00,586.12,-744.08
4606,23.50,9.40,27.00,40.35,33.67,0.00,200.00,-766.43,0.00,586.12,-823.69
4607,21.79,9.40,27.00,40.14,33.57,0.00,200.00,-718.52,0.00,586.12,-896.80
4608,20.27,9.40,27.00,39.91,33.46,0.00,200.00,-671.59,0.00,586.12,-959.82
4609,19.13,9.40,27.00,39.68,33.34,0.00,200.00,-628.66,0.00,586.12,-1004.20
4610,18.40,9.40,27.00,39.44,33.22,0.00,200.00,-590.88,0.00,586.12,-1028.35
4611,18.13,9.40,27.00,39.20,33.10,0.00,200.00,-559.60,0.00,586.12,-1030.17
4612,18.33,9.40,27.00,38.97,32.98,0.00,200.00,-535.79,0.00,586.12,-1009.04
4613,18.98,9.40,27.00,38.78,32.89,81.94,200.00,-523.68,0.00,586.12,-967.52
4614,20.05,9.40,27.00,38.67,32.84,258.26,200.00,-525.23,0.00,586.12,-910.12
4615,21.45,9.40,27.00,38.64,32.82,426.24,200.00,-540.28,0.00,586.12,-840.17
4616,23.09,9.40,27.00,38.69,32.85,534.57,200.00,-568.77,0.00,586.12,-762.53
4617,24.86,9.40,27.00,38.87,32.94,1072.75,200.00,-614.05,0.00,586.12,-685.21
4618,26.62,9.40,27.00,39.18,33.09,1932.69,200.00,-675.12,0.00,586.12,-614.20
4619,28.26,9.40,27.00,39.59,33.29,2691.50,200.00,-746.61,0.00,586.12,-553.89
4620,29.66,9.40,27.00,40.02,33.51,3096.84,200.00,-819.37,0.00,586.12,-506.59
4621,30.72,9.40,27.00,40.42,33.71,2774.08,200.00,-881.41,0.00,586.12,-474.08
4622,31.37,9.40,27.00,40.73,33.87,2038.16,200.00,-925.52,0.00,586.12,-457.39
4623,31.57,9.40,27.00,40.92,33.96,1183.38,200.00,-947.99,0.00,586.12,-457.21
4624,31.28,9.40,27.00,41.01,34.00,563.21,200.00,-951.92,0.00,586.12,-475.37
4625,30.55,9.40,27.00,41.05,34.02,431.40,200.00,-943.13,0.00,586.12,-513.40
4626,29.40,9.40,27.00,41.01,34.01,258.33,200.00,-920.98,0.00,586.12,-567.80
4627,27.91,9.40,27.00,40.88,33.94,73.51,200.00,-886.14,0.00,586.12,-633.81
4628,26.19,9.40,27.00,40.70,33.85,0.00,200.00,-843.15,0.00,586.12,-709.18
4629,24.36,9.40,27.00,40.51,33.76,0.00,200.00,-796.31,0.00,586.12,-789.62
4630,22.52,9.40,27.00,40.30,33.65,0.00,200.00,-747.35,0.00,586.12,-869.08
4631,20.82,9.40,27.00,40.08,33.54,0.00,200.00,-698.17,0.00,586.12,-941.59
4632,19.31,9.40,27.00,39.85,33.43,0.00,200.00,-650.09,0.00,586.12,-1003.79
4633,18.20,9.40,27.00,39.61,33.30,0.00,200.00,-606.27,0.00,586.12,-1046.69
4634,17.49,9.40,27.00,39.36,33.18,0.00,200.00,-567.80,0.00,586.12,-1068.96
4635,17.26,9.40,27.00,39.12,33.06,0.00,200.00,-536.05,0.00,586.12,-1068.49
4636,17.51,9.40,27.00,38.88,32.94,0.00,200.00,-511.97,0.00,586.12,-1044.69
4637,18.22,9.40,27.00,38.68,32.84,82.90,200.00,-499.81,0.00,586.12,-1000.16
4638,19.35,9.40,27.00,38.57,32.78,256.65,200.00,-501.47,0.00,586.12,-939.39
4639,20.82,9.40,27.00,38.53,32.77,425.09,200.00,-516.87,0.00,586.12,-865.79
4640,22.54,9.40,27.00,38.58,32.79,533.94,200.00,-545.89,0.00,586.12,-784.24
4641,24.38,9.40,27.00,38.76,32.88,1082.69,200.00,-591.99,0.00,586.12,-702.83
4642,26.22,9.40,27.00,39.06,33.03,1946.91,200.00,-654.13,0.00,586.12,-627.59
4643,27.95,9.40,27.00,39.47,33.23,2709.70,200.00,-726.92,0.00,586.12,-562.92
4644,29.44,9.40,27.00,39.90,33.45,3116.30,200.00,-801.17,0.00,586.12,-511.20
4645,30.60,9.40,27.00,40.30,33.65,2795.18,200.00,-864.89,0.00,586.12,-474.22
4646,31.34,9.40,27.00,40.61,33.81,2056.57,200.00,-910.81,0.00,586.12,-453.07
4647,31.63,9.40,27.00,40.80,33.90,1198.59,200.00,-935.19,0.00,586.12,-448.47
4648,31.44,9.40,27.00,40.90,33.95,565.45,200.00,-941.06,0.00,586.12,-462.26
4649,30.79,9.40,27.00,40.94,33.97,430.41,200.00,-934.25,0.00,586.12,-496.05
4650,29.73,9.40,27.00,40.91,33.95,256.67,200.00,-914.14,0.00,586.12,-546.37
4651,28.33,9.40,27.00,40.78,33.89,73.74,200.00,-881.45,0.00,586.12,-608.56
4652,26.69,9.40,27.00,40.61,33.80,0.00,200.00,-840.62,0.00,586.12,-680.37
4653,24.92,9.40,27.00,40.42,33.71,0.00,200.00,-795.95,0.00,586.12,-757.54
4654,23.16,9.40,27.00,40.22,33.61,0.00,200.00,-749.13,0.00,586.12,-834.06
4655,21.51,9.40,27.00,40.01,33.50,0.00,200.00,-702.06,0.00,586.12,-903.99
4656,20.06,9.40,27.00,39.78,33.39,0.00,200.00,-655.98,0.00,586.12,-964.20
4657,18.98,9.40,27.00,39.55,33.28,0.00,200.00,-614.12,0.00,586.12,-1005.30
4658,18.32,9.40,27.00,39.31,33.16,0.00,200.00,-577.52,0.00,586.12,-1026.19
4659,18.11,9.40,27.00,39.08,33.04,0.00,200.00,-547.53,0.00,586.12,-1024.77
4660,18.38,9.40,27.00,38.85,32.92,0.00,200.00,-525.07,0.00,586.12,-1000.48
4661,19.10,9.40,27.00,38.66,32.83,83.96,200.00,-514.40,0.00,586.12,-955.90
4662,20.23,9.40,27.00,38.55,32.78,254.96,200.00,-517.32,0.00,586.12,-895.49
4663,21.69,9.40,27.00,38.53,32.76,423.90,200.00,-533.83,0.00,586.12,-822.70
4664,23.39,9.40,27.00,38.58,32.79,533.75,200.00,-563.73,0.00,586.12,-742.40
4665,25.21,9.40,27.00,38.76,32.88,1093.39,200.00,-610.61,0.00,586.12,-662.70
4666,27.02,9.40,27.00,39.08,33.04,1962.02,200.00,-673.36,0.00,586.12,-589.59
4667,28.70,9.40,27.00,39.49,33.25,2728.92,200.00,-746.58,0.00,586.12,-527.46
4668,30.14,9.40,27.00,39.93,33.47,3136.75,200.00,-821.07,0.00,586.12,-478.64
4669,31.23,9.40,27.00,40.34,33.67,2817.18,200.00,-884.82,0.00,586.12,-444.91
4670,31.91,9.40,27.00,40.66,33.83,2075.73,200.00,-930.54,0.00,586.12,-427.29
4671,32.13,9.40,27.00,40.85,33.93,1214.52,200.00,-954.47,0.00,586.12,-426.49
4672,31.86,9.40,27.00,40.95,33.97,567.95,200.00,-959.57,0.00,586.12,-444.27
4673,31.13,9.40,27.00,40.99,34.00,429.35,200.00,-951.76,0.00,586.12,-482.21
4674,29.98,9.40,27.00,40.96,33.98,254.93,200.00,-930.43,0.00,586.12,-536.80
4675,28.49,9.40,27.00,40.83,33.92,73.99,200.00,-896.39,0.00,586.12,-603.42
4676,26.76,9.40,27.00,40.66,33.83,0.00,200.00,-854.03,0.00,586.12,-679.72
4677,24.90,9.40,27.00,40.48,33.74,0.00,200.00,-807.67,0.00,586.12,-761.39
4678,23.04,9.40,27.00,40.28,33.64,0.00,200.00,-759.04,0.00,586.12,-842.38
4679,21.31,9.40,27.00,40.06,33.53,0.00,200.00,-710.05,0.00,586.12,-916.70
4680,19.75,9.40,27.00,39.83,33.42,0.00,200.00,-661.87,0.00,586.12,-981.39
4681,18.59,9.40,27.00,39.59,33.30,0.00,200.00,-617.90,0.00,586.12,-1026.60
4682,17.84,9.40,27.00,39.35,33.18,0.00,200.00,-579.13,0.00,586.12,-1051.40
4683,17.55,9.40,27.00,39.11,33.05,0.00,200.00,-546.93,0.00,586.12,-1053.64
4684,17.74,9.40,27.00,38.87,32.94,0.00,200.00,-522.25,0.00,586.12,-1032.73
4685,18.40,9.40,27.00,38.67,32.84,85.12,200.00,-509.35,0.00,586.12,-991.21
4686,19.46,9.40,27.00,38.56,32.78,253.20,200.00,-510.02,0.00,586.12,-933.49
4687,20.87,9.40,27.00,38.53,32.76,422.66,200.00,-524.33,0.00,586.12,-863.03
4688,22.52,9.40,27.00,38.57,32.79,533.72,200.00,-552.08,0.00,586.12,-784.65
4689,24.29,9.40,27.00,38.75,32.87,1104.87,200.00,-597.01,0.00,586.12,-706.51
4690,26.07,9.40,27.00,39.05,33.03,1978.00,200.00,-657.95,0.00,586.12,-634.53
4691,27.73,9.40,27.00,39.46,33.23,2749.17,200.00,-729.55,0.00,586.12,-573.11
4692,29.16,9.40,27.00,39.89,33.44,3158.19,200.00,-802.57,0.00,586.12,-524.56
4693,30.25,9.40,27.00,40.29,33.64,2840.07,200.00,-865.03,0.00,586.12,-490.66
4694,30.93,9.40,27.00,40.60,33.80,2095.63,200.00,-909.61,0.00,586.12,-472.41
4695,31.16,9.40,27.00,40.79,33.89,1231.20,200.00,-932.57,0.00,586.12,-470.53
4696,30.92,9.40,27.00,40.88,33.94,570.73,200.00,-936.78,0.00,586.12,-486.77
4697,30.22,9.40,27.00,40.91,33.96,428.24,200.00,-928.25,0.00,586.12,-522.71
4698,29.11,9.40,27.00,40.87,33.93,253.10,200.00,-906.40,0.00,586.12,-574.91
4699,27.67,9.40,27.00,40.74,33.87,74.28,200.00,-872.11,0.00,586.12,-638.80
4700,25.99,9.40,27.00,40.56,33.78,0.00,200.00,-829.74,0.00,586.12,-712.02
4701,24.20,9.40,27.00,40.37,33.68,0.00,200.00,-783.60,0.00,586.12,-790.31
4702,22.41,9.40,27.00,40.16,33.58,0.00,200.00,-735.40,0.00,586.12,-867.63
4703,20.75,9.40,27.00,39.94,33.47,0.00,200.00,-687.04,0.00,586.12,-938.04
4704,19.28,9.40,27.00,39.71,33.35,0.00,200.00,-639.64,0.00,586.12,-998.83
4705,18.20,9.40,27.00,39.47,33.23,0.00,200.00,-596.71,0.00,586.12,-1039.76
4706,17.54,9.40,27.00,39.23,33.11,0.00,200.00,-559.16,0.00,586.12,-1060.15
4707,17.34,9.40,27.00,38.98,32.99,0.00,200.00,-528.36,0.00,586.12,-1057.91
4708,17.62,9.40,27.00,38.75,32.87,0.00,200.00,-505.24,0.00,586.12,-1032.49
4709,18.37,9.40,27.00,38.55,32.77,86.39,200.00,-494.04,0.00,586.12,-986.48
4710,19.53,9.40,27.00,38.44,32.72,251.35,200.00,-496.48,0.00,586.12,-924.27
4711,21.03,9.40,27.00,38.41,32.70,421.37,200.00,-512.69,0.00,586.12,-849.44
4712,22.77,9.40,27.00,38.45,32.73,533.88,200.00,-542.41,0.00,586.12,-766.84
4713,24.63,9.40,27.00,38.63,32.82,1117.14,200.00,-589.49,0.00,586.12,-684.69
4714,26.49,9.40,27.00,38.95,32.97,1994.87,200.00,-652.67,0.00,586.12,-608.96
4715,28.23,9.40,27.00,39.36,33.18,2770.47,200.00,-726.57,0.00,586.12,-544.06
4716,29.72,9.40,27.00,39.80,33.40,3180.63,200.00,-801.94,0.00,586.12,-492.35
4717,30.88,9.40,27.00,40.20,33.60,2863.86,200.00,-866.73,0.00,586.12,-455.62
4718,31.62,9.40,27.00,40.52,33.76,2116.29,200.00,-913.57,0.00,586.12,-434.90
4719,31.90,9.40,27.00,40.72,33.86,1248.62,200.00,-938.71,0.00,586.12,-430.92
4720,31.70,9.40,27.00,40.82,33.91,573.80,200.00,-944.90,0.00,586.12,-445.41
4721,31.04,9.40,27.00,40.86,33.93,427.06,200.00,-938.21,0.00,586.12,-480.02
4722,29.96,9.40,27.00,40.83,33.91,251.18,200.00,-918.05,0.00,586.12,-531.30
4723,28.53,9.40,27.00,40.70,33.85,74.61,200.00,-885.36,0.00,586.12,-594.76
4724,26.87,9.40,27.00,40.53,33.77,0.00,200.00,-844.42,0.00,586.12,-668.01
4725,25.07,9.40,27.00,40.35,33.68,0.00,200.00,-799.54,0.00,586.12,-746.76
4726,23.27,9.40,27.00,40.15,33.58,0.00,200.00,-752.41,0.00,586.12,-825.01
4727,21.59,9.40,27.00,39.94,33.47,0.00,200.00,-704.94,0.00,586.12,-896.77
4728,20.09,9.40,27.00,39.72,33.36,0.00,200.00,-658.16,0.00,586.12,-959.54
4729,18.97,9.40,27.00,39.48,33.24,0.00,200.00,-615.69,0.00,586.12,-1002.65
4730,18.26,9.40,27.00,39.25,33.12,0.00,200.00,-578.40,0.00,586.12,-1025.61
4731,18.01,9.40,27.00,39.01,33.01,0.00,200.00,-547.62,0.00,586.12,-1026.29
4732,18.24,9.40,27.00,38.78,32.89,0.00,200.00,-524.32,0.00,586.12,-1004.11
4733,18.91,9.40,27.00,38.59,32.79,87.79,200.00,-512.74,0.00,586.12,-961.64
4734,20.00,9.40,27.00,38.48,32.74,249.41,200.00,-514.52,0.00,586.12,-903.19
4735,21.42,9.40,27.00,38.45,32.72,420.04,200.00,-529.87,0.00,586.12,-832.35
4736,23.08,9.40,27.00,38.50,32.75,534.25,200.00,-558.53,0.00,586.12,-753.92
4737,24.85,9.40,27.00,38.68,32.84,1130.25,200.00,-604.46,0.00,586.12,-676.12
4738,26.62,9.40,27.00,39.00,33.00,2012.63,200.00,-666.36,0.00,586.12,-604.85
4739,28.27,9.40,27.00,39.41,33.20,2792.80,200.00,-738.86,0.00,586.12,-544.49
4740,29.67,9.40,27.00,39.85,33.42,3204.08,200.00,-812.69,0.00,586.12,-497.33
4741,30.74,9.40,27.00,40.25,33.63,2888.55,200.00,-875.82,0.00,586.12,-465.11
4742,31.39,9.40,27.00,40.57,33.78,2137.69,200.00,-920.86,0.00,586.12,-448.81
4743,31.58,9.40,27.00,40.76,33.88,1266.80,200.00,-944.07,0.00,586.12,-449.12
4744,31.29,9.40,27.00,40.85,33.93,577.19,200.00,-948.13,0.00,586.12,-467.69
4745,30.54,9.40,27.00,40.89,33.95,425.83,200.00,-939.19,0.00,586.12,-506.13
4746,29.38,9.40,27.00,40.85,33.93,249.18,200.00,-916.74,0.00,586.12,-560.98
4747,27.88,9.40,27.00,40.72,33.86,74.98,200.00,-881.80,0.00,586.12,-627.77
4748,26.14,9.40,27.00,40.55,33.77,0.00,200.00,-838.65,0.00,586.12,-704.03
4749,24.29,9.40,27.00,40.36,33.68,0.00,200.00,-791.58,0.00,586.12,-785.45
4750,22.43,9.40,27.00,40.15,33.57,0.00,200.00,-742.32,0.00,586.12,-865.98
4751,20.71,9.40,27.00,39.93,33.46,0.00,200.00,-692.79,0.00,586.12,-939.63
4752,19.15,9.40,27.00,39.70,33.35,0.00,200.00,-643.99,0.00,586.12,-1004.08
4753,18.01,9.40,27.00,39.45,33.23,0.00,200.00,-599.67,0.00,586.12,-1048.23
4754,17.28,9.40,27.00,39.21,33.10,0.00,200.00,-560.66,0.00,586.12,-1071.78
4755,17.02,9.40,27.00,38.96,32.98,0.00,200.00,-528.32,0.00,586.12,-1072.61
4756,17.24,9.40,27.00,38.72,32.86,0.00,200.00,-503.61,0.00,586.12,-1050.13
4757,17.92,9.40,27.00,38.52,32.76,88.21,200.00,-490.78,0.00,586.12,-1006.90
4758,19.03,9.40,27.00,38.40,32.70,247.40,200.00,-491.44,0.00,586.12,-947.21
4759,20.47,9.40,27.00,38.37,32.68,418.66,200.00,-505.89,0.00,586.12,-874.72
4760,22.16,9.40,27.00,38.41,32.70,534.85,200.00,-533.85,0.00,586.12,-794.23
4761,23.97,9.40,27.00,38.58,32.79,1144.21,200.00,-579.42,0.00,586.12,-714.03
4762,25.80,9.40,27.00,38.89,32.94,2031.30,200.00,-641.21,0.00,586.12,-640.01
4763,27.50,9.40,27.00,39.29,33.15,2816.19,200.00,-713.88,0.00,586.12,-576.57
4764,28.97,9.40,27.00,39.73,33.37,3228.54,200.00,-788.11,0.00,586.12,-526.03
4765,30.10,9.40,27.00,40.13,33.57,2914.13,200.00,-851.87,0.00,586.12,-490.16
4766,30.83,9.40,27.00,40.45,33.72,2159.84,200.00,-897.73,0.00,586.12,-469.97
4767,31.10,9.40,27.00,40.64,33.82,1285.76,200.00,-921.94,0.00,586.12,-466.17
4768,30.90,9.40,27.00,40.73,33.86,580.90,200.00,-927.05,0.00,586.12,-480.43
4769,30.24,9.40,27.00,40.76,33.88,424.54,200.00,-919.31,0.00,586.12,-514.42
4770,29.17,9.40,27.00,40.72,33.86,247.08,200.00,-898.21,0.00,586.12,-564.73
4771,27.76,9.40,27.00,40.59,33.80,75.40,200.00,-864.84,0.00,586.12,-627.00
4772,26.12,9.40,27.00,40.42,33.71,0.00,200.00,-823.40,0.00,586.12,-698.76
4773,24.36,9.40,27.00,40.23,33.61,0.00,200.00,-778.16,0.00,586.12,-775.75
4774,22.60,9.40,27.00,40.03,33.51,0.00,200.00,-730.85,0.00,586.12,-851.97
4775,20.96,9.40,27.00,39.81,33.40,0.00,200.00,-683.35,0.00,586.12,-921.45
4776,19.49,9.40,27.00,39.58,33.29,0.00,200.00,-636.57,0.00,586.12,-982.14
4777,18.43,9.40,27.00,39.34,33.17,0.00,200.00,-594.38,0.00,586.12,-1022.54
4778,17.77,9.40,27.00,39.10,33.05,0.00,200.00,-557.52,0.00,586.12,-1042.62
4779,17.58,9.40,27.00,38.87,32.93,0.00,200.00,-527.33,0.00,586.12,-1040.28
4780,17.87,9.40,27.00,38.63,32.82,0.00,200.00,-504.75,0.00,586.12,-1014.97
4781,18.61,9.40,27.00,38.44,32.72,87.87,200.00,-494.01,0.00,586.12,-969.27
4782,19.76,9.40,27.00,38.33,32.66,245.29,200.00,-496.63,0.00,586.12,-907.46
4783,21.25,9.40,27.00,38.30,32.65,417.23,200.00,-513.00,0.00,586.12,-833.27
4784,22.97,9.40,27.00,38.35,32.67,535.71,200.00,-542.76,0.00,586.12,-751.52
4785,24.81,9.40,27.00,38.53,32.77,1159.04,200.00,-590.13,0.00,586.12,-670.54
4786,26.65,9.40,27.00,38.85,32.92,2050.89,200.00,-653.63,0.00,586.12,-596.20
4787,28.36,9.40,27.00,39.26,33.13,2840.63,200.00,-727.89,0.00,586.12,-532.91
4788,29.83,9.40,27.00,39.71,33.35,3254.02,200.00,-803.57,0.00,586.12,-482.98
4789,30.95,9.40,27.00,40.12,33.56,2940.62,200.00,-868.61,0.00,586.12,-448.17
4790,31.66,9.40,27.00,40.44,33.72,2182.75,200.00,-915.51,0.00,586.12,-429.46
4791,31.90,9.40,27.00,40.65,33.82,1305.51,200.00,-940.52,0.00,586.12,-427.56
4792,31.66,9.40,27.00,40.74,33.87,584.96,200.00,-946.09,0.00,586.12,-444.06
4793,30.95,9.40,27.00,40.78,33.89,423.19,200.00,-938.53,0.00,586.12,-480.62
4794,29.83,9.40,27.00,40.75,33.87,244.90,200.00,-917.37,0.00,586.12,-533.86
4795,28.36,9.40,27.00,40.62,33.81,75.88,200.00,-883.79,0.00,586.12,-599.42
4796,26.65,9.40,27.00,40.45,33.73,0.00,200.00,-841.90,0.00,586.12,-674.77
4797,24.81,9.40,27.00,40.27,33.63,0.00,200.00,-796.01,0.00,586.12,-755.60
4798,22.97,9.40,27.00,40.07,33.53,0.00,200.00,-747.83,0.00,586.12,-835.86
4799,21.24,9.40,27.00,39.85,33.43,0.00,200.00,-699.26,0.00,586.12,-909.58
4800,19.68,9.40,27.00,39.63,33.31,0.00,200.00,-651.17,0.00,586.12,-974.83
4801,18.53,9.40,27.00,39.39,33.20,0.00,200.00,-607.55,0.00,586.12,-1019.68
4802,17.79,9.40,27.00,39.15,33.07,0.00,200.00,-569.09,0.00,586.12,-1044.24
4803,17.50,9.40,27.00,38.91,32.95,0.00,200.00,-537.16,0.00,586.12,-1046.39
4804,17.69,9.40,27.00,38.67,32.84,0.00,200.00,-512.72,0.00,586.12,-1025.52
4805,18.34,9.40,27.00,38.48,32.74,87.54,200.00,-499.98,0.00,586.12,-984.16
4806,19.41,9.40,27.00,38.36,32.68,243.10,200.00,-500.46,0.00,586.12,-926.52
4807,20.81,9.40,27.00,38.33,32.66,415.76,200.00,-514.62,0.00,586.12,-856.34
4808,22.44,9.40,27.00,38.37,32.68,536.86,200.00,-542.14,0.00,586.12,-778.38
4809,24.21,9.40,27.00,38.55,32.77,1174.79,200.00,-587.36,0.00,586.12,-701.00
4810,25.97,9.40,27.00,38.86,32.93,2071.40,200.00,-648.75,0.00,586.12,-629.97
4811,27.61,9.40,27.00,39.27,33.13,2866.14,200.00,-720.96,0.00,586.12,-569.70
4812,29.02,9.40,27.00,39.71,33.35,3280.52,200.00,-794.64,0.00,586.12,-522.44
4813,30.09,9.40,27.00,40.11,33.56,2968.00,200.00,-857.74,0.00,586.12,-489.92
4814,30.75,9.40,27.00,40.43,33.71,2206.39,200.00,-902.75,0.00,586.12,-473.09
4815,30.95,9.40,27.00,40.62,33.81,1326.06,200.00,-925.94,0.00,586.12,-472.64
4816,30.68,9.40,27.00,40.71,33.85,589.38,200.00,-929.66,0.00,586.12,-490.10
4817,29.96,9.40,27.00,40.74,33.87,421.77,200.00,-920.32,0.00,586.12,-527.15
4818,28.82,9.40,27.00,40.69,33.85,242.62,200.00,-897.51,0.00,586.12,-580.39
4819,27.35,9.40,27.00,40.56,33.78,76.41,200.00,-862.52,0.00,586.12,-645.58
4820,25.65,9.40,27.00,40.38,33.69,0.00,200.00,-819.42,0.00,586.12,-720.10
4821,23.83,9.40,27.00,40.19,33.59,0.00,200.00,-772.52,0.00,586.12,-799.66
4822,22.01,9.40,27.00,39.98,33.49,0.00,200.00,-723.54,0.00,586.12,-878.23
4823,20.33,9.40,27.00,39.76,33.38,0.00,200.00,-674.38,0.00,586.12,-949.85
4824,18.80,9.40,27.00,39.52,33.26,0.00,200.00,-625.84,0.00,586.12,-1012.81
4825,17.70,9.40,27.00,39.28,33.14,0.00,200.00,-582.05,0.00,586.12,-1054.81
4826,17.02,9.40,27.00,39.03,33.02,0.00,200.00,-543.65,0.00,586.12,-1076.19
4827,16.80,9.40,27.00,38.79,32.89,0.00,200.00,-511.99,0.00,586.12,-1074.85
4828,17.06,9.40,27.00,38.55,32.77,0.00,200.00,-488.03,0.00,586.12,-1050.22
4829,17.79,9.40,27.00,38.35,32.67,87.20,200.00,-475.97,0.00,586.12,-1004.86
4830,18.94,9.40,27.00,38.23,32.61,240.83,200.00,-477.26,0.00,586.12,-942.99
4831,20.42,9.40,27.00,38.19,32.59,414.24,200.00,-492.46,0.00,586.12,-868.44
4832,22.15,9.40,27.00,38.23,32.62,538.33,200.00,-521.20,0.00,586.12,-786.03
4833,24.00,9.40,27.00,38.41,32.70,1191.46,200.00,-567.97,0.00,586.12,-704.17
4834,25.86,9.40,27.00,38.72,32.86,2092.83,200.00,-631.10,0.00,586.12,-628.68
4835,27.60,9.40,27.00,39.13,33.07,2892.71,200.00,-705.24,0.00,586.12,-563.98
4836,29.09,9.40,27.00,39.58,33.29,3308.06,200.00,-780.98,0.00,586.12,-512.38
4837,30.26,9.40,27.00,39.99,33.49,2996.29,200.00,-846.26,0.00,586.12,-475.63
4838,31.00,9.40,27.00,40.31,33.65,2230.79,200.00,-893.50,0.00,586.12,-454.73
4839,31.29,9.40,27.00,40.51,33.75,1347.42,200.00,-918.96,0.00,586.12,-450.39
4840,31.10,9.40,27.00,40.60,33.80,594.18,200.00,-924.82,0.00,586.12,-464.15
4841,30.45,9.40,27.00,40.64,33.82,420.30,200.00,-917.59,0.00,586.12,-497.73
4842,29.39,9.40,27.00,40.60,33.80,240.25,200.00,-896.87,0.00,586.12,-547.81
4843,27.98,9.40,27.00,40.47,33.73,77.02,200.00,-864.00,0.00,586.12,-610.22
4844,26.34,9.40,27.00,40.30,33.65,0.00,200.00,-822.97,0.00,586.12,-682.34
4845,24.57,9.40,27.00,40.11,33.56,0.00,200.00,-778.06,0.00,586.12,-759.89
4846,22.79,9.40,27.00,39.91,33.46,0.00,200.00,-730.97,0.00,586.12,-836.87
4847,21.14,9.40,27.00,39.70,33.35,0.00,200.00,-683.61,0.00,586.12,-907.31
4848,19.63,9.40,27.00,39.47,33.24,0.00,200.00,-636.68,0.00,586.12,-969.76
4849,18.55,9.40,27.00,39.24,33.12,0.00,200.00,-594.41,0.00,586.12,-1011.47
4850,17.87,9.40,27.00,39.00,33.00,0.00,200.00,-557.37,0.00,586.12,-1033.02
4851,17.64,9.40,27.00,38.76,32.88,0.00,200.00,-526.90,0.00,586.12,-1032.30
4852,17.89,9.40,27.00,38.53,32.77,0.00,200.00,-503.94,0.00,586.12,-1008.73
4853,18.60,9.40,27.00,38.34,32.67,86.88,200.00,-492.69,0.00,586.12,-964.86
4854,19.71,9.40,27.00,38.22,32.61,238.46,200.00,-494.53,0.00,586.12,-904.84
4855,21.16,9.40,27.00,38.19,32.60,412.67,200.00,-510.08,0.00,586.12,-832.56
4856,22.84,9.40,27.00,38.24,32.62,540.15,200.00,-538.99,0.00,586.12,-752.81
4857,24.64,9.40,27.00,38.43,32.71,1209.10,200.00,-585.84,0.00,586.12,-674.01
4858,26.43,9.40,27.00,38.74,32.87,2115.21,200.00,-648.88,0.00,586.12,-601.91
4859,28.10,9.40,27.00,39.16,33.08,2920.35,200.00,-722.75,0.00,586.12,-540.91
4860,29.52,9.40,27.00,39.61,33.30,3336.63,200.00,-798.04,0.00,586.12,-493.26
4861,30.60,9.40,27.00,40.02,33.51,3025.47,200.00,-862.67,0.00,586.12,-460.68
4862,31.26,9.40,27.00,40.35,33.67,2255.93,200.00,-909.01,0.00,586.12,-444.09
4863,31.46,9.40,27.00,40.55,33.78,1369.60,200.00,-933.36,0.00,586.12,-444.19
4864,31.18,9.40,27.00,40.64,33.82,599.38,200.00,-937.77,0.00,586.12,-462.40
4865,30.44,9.40,27.00,40.68,33.84,418.76,200.00,-928.85,0.00,586.12,-500.43
4866,29.28,9.40,27.00,40.64,33.82,237.80,200.00,-906.28,0.00,586.12,-554.93
4867,27.78,9.40,27.00,40.51,33.75,77.70,200.00,-871.51,0.00,586.12,-621.76
4868,26.05,9.40,27.00,40.33,33.67,0.00,200.00,-828.47,0.00,586.12,-698.21
4869,24.19,9.40,27.00,40.14,33.57,0.00,200.00,-781.46,0.00,586.12,-779.95
4870,22.32,9.40,27.00,39.94,33.47,0.00,200.00,-732.22,0.00,586.12,-860.93
4871,20.59,9.40,27.00,39.72,33.36,0.00,200.00,-682.65,0.00,586.12,-935.16
4872,19.00,9.40,27.00,39.49,33.24,0.00,200.00,-633.42,0.00,586.12,-1001.33
4873,17.84,9.40,27.00,39.25,33.12,0.00,200.00,-588.91,0.00,586.12,-1046.26
4874,17.10,9.40,27.00,39.00,33.00,0.00,200.00,-549.64,0.00,586.12,-1070.70
4875,16.81,9.40,27.00,38.75,32.88,0.00,200.00,-516.99,0.00,586.12,-1072.51
4876,17.01,9.40,27.00,38.51,32.76,0.00,200.00,-491.91,0.00,586.12,-1051.10
4877,17.67,9.40,27.00,38.31,32.66,86.56,200.00,-478.59,0.00,586.12,-1008.96
4878,18.75,9.40,27.00,38.19,32.59,236.00,200.00,-478.39,0.00,586.12,-950.21
4879,20.17,9.40,27.00,38.15,32.57,411.06,200.00,-492.06,0.00,586.12,-878.78
4880,21.83,9.40,27.00,38.18,32.59,542.34,200.00,-519.24,0.00,586.12,-799.45
4881,23.62,9.40,27.00,38.36,32.68,1227.72,200.00,-564.66,0.00,586.12,-720.68
4882,25.41,9.40,27.00,38.67,32.84,2138.54,200.00,-626.48,0.00,586.12,-648.18
4883,27.09,9.40,27.00,39.08,33.04,2949.07,200.00,-699.38,0.00,586.12,-586.34
4884,28.53,9.40,27.00,39.52,33.26,3366.25,200.00,-773.90,0.00,586.12,-537.44
4885,29.64,9.40,27.00,39.93,33.47,3055.57,200.00,-837.96,0.00,586.12,-503.18
4886,30.34,9.40,27.00,40.25,33.63,2281.81,200.00,-883.92,0.00,586.12,-484.49
4887,30.58,9.40,27.00,40.45,33.72,1392.62,200.00,-908.07,0.00,586.12,-482.10
4888,30.36,9.40,27.00,40.53,33.77,604.98,200.00,-912.32,0.00,586.12,-497.40
4889,29.67,9.40,27.00,40.56,33.78,417.17,200.00,-903.40,0.00,586.12,-532.14
4890,28.58,9.40,27.00,40.51,33.76,235.24,200.00,-881.03,0.00,586.12,-583.05
4891,27.16,9.40,27.00,40.38,33.69,78.46,200.00,-846.76,0.00,586.12,-646.07
4892,25.50,9.40,27.00,40.20,33.60,0.00,200.00,-804.43,0.00,586.12,-718.50
4893,23.72,9.40,27.00,40.01,33.50,0.00,200.00,-758.35,0.00,586.12,-796.02
4894,21.95,9.40,27.00,39.80,33.40,0.00,200.00,-710.22,0.00,586.12,-872.65
4895,20.30,9.40,27.00,39.58,33.29,0.00,200.00,-661.94,0.00,586.12,-942.43
4896,18.80,9.40,27.00,39.35,33.17,0.00,200.00,-614.12,0.00,586.12,-1004.29
4897,17.73,9.40,27.00,39.11,33.05,0.00,200.00,-571.21,0.00,586.12,-1044.71
4898,17.08,9.40,27.00,38.86,32.93,0.00,200.00,-533.69,0.00,586.12,-1064.66
4899,16.89,9.40,27.00,38.62,32.81,0.00,200.00,-502.90,0.00,586.12,-1062.06
4900,17.18,9.40,27.00,38.38,32.69,0.00,200.00,-479.79,0.00,586.12,-1036.37
4901,17.93,9.40,27.00,38.18,32.59,86.25,200.00,-468.50,0.00,586.12,-990.11
4902,19.09,9.40,27.00,38.06,32.53,233.45,200.00,-470.32,0.00,586.12,-927.41
4903,20.59,9.40,27.00,38.03,32.51,409.39,200.00,-486.07,0.00,586.12,-852.27
4904,22.33,9.40,27.00,38.07,32.53,544.94,200.00,-515.39,0.00,586.12,-769.55
4905,24.18,9.40,27.00,38.25,32.63,1247.36,200.00,-563.10,0.00,586.12,-687.76
4906,26.04,9.40,27.00,38.57,32.79,2162.83,200.00,-627.23,0.00,586.12,-612.60
4907,27.77,9.40,27.00,38.99,33.00,2978.88,200.00,-702.43,0.00,586.12,-548.51
4908,29.26,9.40,27.00,39.44,33.22,3396.91,200.00,-779.19,0.00,586.12,-497.74
4909,30.41,9.40,27.00,39.86,33.43,3086.56,200.00,-845.42,0.00,586.12,-462.05
4910,31.14,9.40,27.00,40.19,33.60,2308.44,200.00,-893.38,0.00,586.12,-442.34
4911,31.41,9.40,27.00,40.40,33.70,1416.48,200.00,-919.38,0.00,586.12,-439.36
4912,31.19,9.40,27.00,40.49,33.75,611.01,200.00,-925.16,0.00,586.12,-454.45
4913,30.51,9.40,27.00,40.53,33.76,415.51,200.00,-917.53,0.00,586.12,-489.39
4914,29.42,9.40,27.00,40.48,33.74,232.59,200.00,-896.24,0.00,586.12,-540.93
4915,27.98,9.40,27.00,40.36,33.68,79.33,200.00,-862.95,0.00,586.12,-605.08
4916,26.30,9.40,27.00,40.19,33.59,0.00,200.00,-821.38,0.00,586.12,-679.07
4917,24.48,9.40,27.00,40.00,33.50,0.00,200.00,-775.85,0.00,586.12,-758.57
4918,22.67,9.40,27.00,39.80,33.40,0.00,200.00,-728.05,0.00,586.12,-837.56
4919,20.97,9.40,27.00,39.59,33.29,0.00,200.00,-679.90,0.00,586.12,-910.08
4920,19.41,9.40,27.00,39.36,33.18,0.00,200.00,-631.92,0.00,586.12,-975.22
4921,18.28,9.40,27.00,39.13,33.06,0.00,200.00,-588.70,0.00,586.12,-1019.03
4922,17.56,9.40,27.00,38.89,32.94,0.00,200.00,-550.64,0.00,586.12,-1042.65
4923,17.29,9.40,27.00,38.65,32.82,0.00,200.00,-519.11,0.00,586.12,-1043.96
4924,17.50,9.40,27.00,38.41,32.71,0.00,200.00,-495.05,0.00,586.12,-1022.38
4925,18.16,9.40,27.00,38.22,32.61,85.95,200.00,-482.62,0.00,586.12,-980.38
4926,19.23,9.40,27.00,38.10,32.55,230.81,200.00,-483.04,0.00,586.12,-922.00
4927,20.64,9.40,27.00,38.06,32.53,407.68,200.00,-497.24,0.00,586.12,-851.29
4928,22.29,9.40,27.00,38.10,32.55,547.99,200.00,-524.90,0.00,586.12,-773.05
4929,24.05,9.40,27.00,38.29,32.64,1268.06,200.00,-570.96,0.00,586.12,-695.78
4930,25.81,9.40,27.00,38.60,32.80,2188.08,200.00,-633.36,0.00,586.12,-625.10
4931,27.45,9.40,27.00,39.02,33.01,3009.77,200.00,-706.77,0.00,586.12,-565.39
4932,28.85,9.40,27.00,39.47,33.23,3426.33,200.00,-781.65,0.00,586.12,-518.86
4933,29.92,9.40,27.00,39.88,33.44,3118.46,200.00,-845.95,0.00,586.12,-487.23
4934,30.57,9.40,27.00,40.21,33.60,2335.81,200.00,-891.91,0.00,586.12,-471.34
4935,30.76,9.40,27.00,40.41,33.70,1435.43,200.00,-915.80,0.00,586.12,-471.88
4936,30.47,9.40,27.00,40.50,33.75,617.49,200.00,-919.32,0.00,586.12,-490.13
4937,29.72,9.40,27.00,40.52,33.76,413.79,200.00,-909.37,0.00,586.12,-527.86
4938,28.57,9.40,27.00,40.47,33.74,229.85,200.00,-885.80,0.00,586.12,-581.81
4939,27.08,9.40,27.00,40.34,33.67,80.30,200.00,-850.36,0.00,586.12,-648.04
4940,25.35,9.40,27.00,40.16,33.58,0.00,200.00,-806.76,0.00,586.12,-723.70
4941,23.51,9.40,27.00,39.96,33.48,0.00,200.00,-759.29,0.00,586.12,-804.45
4942,21.66,9.40,27.00,39.75,33.38,0.00,200.00,-709.70,0.00,586.12,-884.25
4943,19.95,9.40,27.00,39.53,33.27,0.00,200.00,-659.88,0.00,586.12,-957.13
4944,18.38,9.40,27.00,39.30,33.15,0.00,200.00,-610.34,0.00,586.12,-1022.38
4945,17.25,9.40,27.00,39.05,33.03,0.00,200.00,-565.78,0.00,586.12,-1065.65
4946,16.54,9.40,27.00,38.80,32.90,0.00,200.00,-526.58,0.00,586.12,-1088.29
4947,16.29,9.40,27.00,38.55,32.78,0.00,200.00,-494.10,0.00,586.12,-1088.19
4948,16.53,9.40,27.00,38.31,32.66,0.00,200.00,-469.29,0.00,586.12,-1064.77
4949,17.23,9.40,27.00,38.11,32.55,85.66,200.00,-456.29,0.00,586.12,-1020.52
4950,18.35,9.40,27.00,37.98,32.49,228.07,200.00,-456.28,0.00,586.12,-959.47
4951,19.81,9.40,27.00,37.93,32.47,405.93,200.00,-470.31,0.00,586.12,-885.74
4952,21.52,9.40,27.00,37.97,32.48,551.50,200.00,-498.06,0.00,586.12,-804.19
4953,23.35,9.40,27.00,38.15,32.57,1289.83,200.00,-544.59,0.00,586.12,-723.39
4954,25.19,9.40,27.00,38.46,32.73,2214.30,200.00,-607.72,0.00,586.12,-648.93
4955,26.91,9.40,27.00,38.88,32.94,3041.76,200.00,-682.13,0.00,586.12,-585.24
4956,28.39,9.40,27.00,39.33,33.16,3452.68,200.00,-758.17,0.00,586.12,-534.56
4957,29.54,9.40,27.00,39.74,33.37,3151.27,200.00,-823.87,0.00,586.12,-498.64
4958,30.28,9.40,27.00,40.07,33.53,2363.92,200.00,-871.37,0.00,586.12,-478.36
4959,30.56,9.40,27.00,40.27,33.63,1454.60,200.00,-896.88,0.00,586.12,-474.45
4960,30.37,9.40,27.00,40.36,33.68,624.41,200.00,-902.05,0.00,586.12,-488.18
4961,29.72,9.40,27.00,40.38,33.69,412.00,200.00,-893.79,0.00,586.12,-521.39
4962,28.65,9.40,27.00,40.33,33.67,227.01,200.00,-872.00,0.00,586.12,-570.89
4963,27.25,9.40,27.00,40.20,33.60,81.40,200.00,-838.54,0.00,586.12,-632.86
4964,25.62,9.40,27.00,40.03,33.51,0.00,200.00,-796.97,0.00,586.12,-704.43
4965,23.85,9.40,27.00,39.84,33.42,0.00,200.00,-751.60,0.00,586.12,-781.31
4966,22.09,9.40,27.00,39.63,33.32,0.00,200.00,-704.12,0.00,586.12,-857.50
4967,20.45,9.40,27.00,39.42,33.21,0.00,200.00,-656.44,0.00,586.12,-927.05
4968,18.94,9.40,27.00,39.19,33.09,0.00,200.00,-608.96,0.00,586.12,-989.49
4969,17.88,9.40,27.00,38.95,32.97,0.00,200.00,-566.49,0.00,586.12,-1030.11
4970,17.22,9.40,27.00,38.71,32.85,0.00,200.00,-529.32,0.00,586.12,-1050.47
4971,17.02,9.40,27.00,38.47,32.73,0.00,200.00,-498.80,0.00,586.12,-1048.49
4972,17.29,9.40,27.00,38.23,32.62,0.00,200.00,-475.86,0.00,586.12,-1023.61
4973,18.02,9.40,27.00,38.04,32.52,85.39,200.00,-464.60,0.00,586.12,-978.33
4974,19.16,9.40,27.00,37.92,32.46,225.23,200.00,-466.15,0.00,586.12,-916.63
4975,20.64,9.40,27.00,37.88,32.44,404.12,200.00,-481.60,0.00,586.12,-842.73
4976,22.34,9.40,27.00,37.92,32.46,555.52,200.00,-510.67,0.00,586.12,-761.49
4977,24.17,9.40,27.00,38.11,32.56,1312.70,200.00,-558.52,0.00,586.12,-681.51
4978,25.99,9.40,27.00,38.44,32.72,2241.51,200.00,-622.81,0.00,586.12,-608.32
4979,27.69,9.40,27.00,38.86,32.93,3074.84,200.00,-698.23,0.00,586.12,-546.36
4980,29.13,9.40,27.00,39.32,33.16,3479.80,200.00,-775.04,0.00,586.12,-497.79
4981,30.24,9.40,27.00,39.74,33.37,3184.98,200.00,-841.35,0.00,586.12,-464.40
4982,30.93,9.40,27.00,40.08,33.54,2392.76,200.00,-889.19,0.00,586.12,-447.01
4983,31.15,9.40,27.00,40.28,33.64,1474.29,200.00,-914.75,0.00,586.12,-446.29
4984,30.90,9.40,27.00,40.38,33.69,631.81,200.00,-919.58,0.00,586.12,-463.46
4985,30.17,9.40,27.00,40.41,33.70,410.16,200.00,-910.70,0.00,586.12,-500.33
4986,29.03,9.40,27.00,40.36,33.68,224.07,200.00,-888.04,0.00,586.12,-553.70
4987,27.55,9.40,27.00,40.23,33.61,82.65,200.00,-853.60,0.00,586.12,-619.81
4988,25.82,9.40,27.00,40.06,33.53,0.00,200.00,-810.85,0.00,586.12,-695.67
4989,23.97,9.40,27.00,39.87,33.43,0.00,200.00,-764.11,0.00,586.12,-776.96
4990,22.12,9.40,27.00,39.66,33.33,0.00,200.00,-715.11,0.00,586.12,-857.61
4991,20.39,9.40,27.00,39.45,33.22,0.00,200.00,-665.74,0.00,586.12,-931.65
4992,18.78,9.40,27.00,39.21,33.11,0.00,200.00,-616.38,0.00,586.12,-998.75
4993,17.62,9.40,27.00,38.97,32.99,0.00,200.00,-571.97,0.00,586.12,-1043.76
4994,16.87,9.40,27.00,38.73,32.87,0.00,200.00,-532.75,0.00,586.12,-1068.40
4995,16.58,9.40,27.00,38.49,32.74,0.00,200.00,-500.10,0.00,586.12,-1070.54
4996,16.77,9.40,27.00,38.25,32.62,0.00,200.00,-474.97,0.00,586.12,-1049.59
4997,17.42,9.40,27.00,38.04,32.52,85.14,200.00,-461.46,0.00,586.12,-1008.00
4998,18.49,9.40,27.00,37.91,32.46,222.29,200.00,-460.65,0.00,586.12,-949.66
4999,19.89,9.40,27.00,37.87,32.43,402.27,200.00,-473.78,0.00,586.12,-878.82
5000,21.53,9.40,27.00,37.91,32.45,560.08,200.00,-500.62,0.00,586.12,-800.35
5001,23.30,9.40,27.00,38.09,32.54,1336.72,200.00,-546.46,0.00,586.12,-722.83
5002,25.07,9.40,27.00,38.41,32.70,2269.71,200.00,-608.86,0.00,586.12,-651.73
5003,26.72,9.40,27.00,38.82,32.91,3109.03,200.00,-682.51,0.00,586.12,-591.47
5004,28.14,9.40,27.00,39.27,33.14,3507.69,200.00,-757.61,0.00,586.12,-544.16
5005,29.22,9.40,27.00,39.69,33.34,3219.60,200.00,-822.41,0.00,586.12,-511.61
5006,29.90,9.40,27.00,40.02,33.51,2422.34,200.00,-868.83,0.00,586.12,-494.59
5007,30.11,9.40,27.00,40.22,33.61,1494.50,200.00,-893.04,0.00,586.12,-493.76
5008,29.86,9.40,27.00,40.30,33.65,639.68,200.00,-896.55,0.00,586.12,-510.32
5009,29.15,9.40,27.00,40.32,33.66,408.25,200.00,-886.43,0.00,586.12,-546.09
5010,28.03,9.40,27.00,40.26,33.63,221.04,200.00,-862.73,0.00,586.12,-597.90
5011,26.58,9.40,27.00,40.12,33.56,84.06,200.00,-827.54,0.00,586.12,-662.10
5012,24.89,9.40,27.00,39.94,33.47,0.00,200.00,-784.28,0.00,586.12,-735.66
5013,23.09,9.40,27.00,39.75,33.37,0.00,200.00,-737.24,0.00,586.12,-814.26
5014,21.29,9.40,27.00,39.54,33.27,0.00,200.00,-688.17,0.00,586.12,-891.88
5015,19.62,9.40,27.00,39.31,33.16,0.00,200.00,-638.95,0.00,586.12,-962.57
5016,18.08,9.40,27.00,39.08,33.04,0.00,200.00,-589.89,0.00,586.12,-1026.23
5017,17.00,9.40,27.00,38.83,32.92,0.00,200.00,-546.05,0.00,586.12,-1067.35
5018,16.33,9.40,27.00,38.58,32.79,0.00,200.00,-507.61,0.00,586.12,-1087.89
5019,16.12,9.40,27.00,38.34,32.67,0.00,200.00,-475.94,0.00,586.12,-1085.77
5020,16.40,9.40,27.00,38.09,32.55,0.00,200.00,-451.98,0.00,586.12,-1060.42
5021,17.14,9.40,27.00,37.89,32.45,84.91,200.00,-439.81,0.00,586.12,-1014.33
5022,18.30,9.40,27.00,37.76,32.38,219.25,200.00,-440.41,0.00,586.12,-951.41
5023,19.79,9.40,27.00,37.71,32.36,400.36,200.00,-455.13,0.00,586.12,-876.01
5024,21.53,9.40,27.00,37.75,32.38,565.21,200.00,-483.78,0.00,586.12,-793.07
5025,23.39,9.40,27.00,37.94,32.47,1361.90,200.00,-531.70,0.00,586.12,-711.24
5026,25.25,9.40,27.00,38.26,32.63,2298.91,200.00,-596.30,0.00,586.12,-635.98
5027,26.99,9.40,27.00,38.69,32.84,3144.32,200.00,-672.29,0.00,586.12,-571.76
5028,28.49,9.40,27.00,39.14,33.07,3536.35,200.00,-749.70,0.00,586.12,-520.68
5029,29.65,9.40,27.00,39.56,33.28,3255.13,200.00,-816.90,0.00,586.12,-484.66
5030,30.40,9.40,27.00,39.90,33.45,2452.65,200.00,-865.68,0.00,586.12,-464.43
5031,30.68,9.40,27.00,40.11,33.55,1515.22,200.00,-892.15,0.00,586.12,-460.69
5032,30.49,9.40,27.00,40.20,33.60,648.05,200.00,-897.78,0.00,586.12,-474.66
5033,29.83,9.40,27.00,40.23,33.61,406.28,200.00,-889.62,0.00,586.12,-508.16
5034,28.75,9.40,27.00,40.17,33.59,217.90,200.00,-867.77,0.00,586.12,-558.09
5035,27.34,9.40,27.00,40.04,33.52,85.67,200.00,-834.45,0.00,586.12,-620.91
5036,25.68,9.40,27.00,39.87,33.44,0.00,200.00,-792.90,0.00,586.12,-693.51
5037,23.90,9.40,27.00,39.68,33.34,0.00,200.00,-747.45,0.00,586.12,-771.60
5038,22.11,9.40,27.00,39.48,33.24,0.00,200.00,-699.80,0.00,586.12,-849.17
5039,20.44,9.40,27.00,39.27,33.13,0.00,200.00,-651.84,0.00,586.12,-920.24
5040,18.89,9.40,27.00,39.04,33.02,0.00,200.00,-603.81,0.00,586.12,-984.94
5041,17.78,9.40,27.00,38.80,32.90,0.00,200.00,-560.86,0.00,586.12,-1027.33
5042,17.09,9.40,27.00,38.56,32.78,0.00,200.00,-523.11,0.00,586.12,-1049.57
5043,16.85,9.40,27.00,38.32,32.66,0.00,200.00,-491.91,0.00,586.12,-1049.55
5044,17.08,9.40,27.00,38.09,32.54,0.00,200.00,-468.22,0.00,586.12,-1026.70
5045,17.77,9.40,27.00,37.89,32.44,84.71,200.00,-456.10,0.00,586.12,-983.46
5046,18.87,9.40,27.00,37.76,32.38,216.11,200.00,-456.45,0.00,586.12,-923.65
5047,20.30,9.40,27.00,37.72,32.36,398.41,200.00,-470.75,0.00,586.12,-851.69
5048,21.96,9.40,27.00,37.76,32.38,570.95,200.00,-498.82,0.00,586.12,-772.50
5049,23.74,9.40,27.00,37.95,32.48,1387.73,200.00,-546.13,0.00,586.12,-694.71
5050,25.52,9.40,27.00,38.28,32.64,2329.11,200.00,-609.96,0.00,586.12,-623.69
5051,27.17,9.40,27.00,38.71,32.85,3180.72,200.00,-685.03,0.00,586.12,-563.87
5052,28.58,9.40,27.00,39.16,33.08,3565.77,200.00,-761.28,0.00,586.12,-517.28
5053,29.65,9.40,27.00,39.59,33.29,3286.53,200.00,-827.15,0.00,586.12,-485.80
5054,30.30,9.40,27.00,39.92,33.46,2483.69,200.00,-874.44,0.00,586.12,-470.14
5055,30.50,9.40,27.00,40.13,33.57,1536.46,200.00,-899.19,0.00,586.12,-470.90
5056,30.21,9.40,27.00,40.22,33.61,656.93,200.00,-902.86,0.00,586.12,-489.25
5057,29.46,9.40,27.00,40.24,33.62,404.25,200.00,-892.56,0.00,586.12,-526.96
5058,28.30,9.40,27.00,40.18,33.59,214.67,200.00,-868.46,0.00,586.12,-580.91
5059,26.80,9.40,27.00,40.05,33.52,86.87,200.00,-832.92,0.00,586.12,-647.62
5060,25.06,9.40,27.00,39.87,33.44,0.00,200.00,-789.13,0.00,586.12,-723.87
5061,23.20,9.40,27.00,39.68,33.34,0.00,200.00,-741.43,0.00,586.12,-805.33
5062,21.34,9.40,27.00,39.47,33.23,0.00,200.00,-691.53,0.00,586.12,-885.95
5063,19.61,9.40,27.00,39.24,33.12,0.00,200.00,-641.37,0.00,586.12,-959.73
5064,18.00,9.40,27.00,39.01,33.00,0.00,200.00,-591.11,0.00,586.12,-1026.96
5065,16.85,9.40,27.00,38.76,32.88,0.00,200.00,-546.06,0.00,586.12,-1071.29
5066,16.11,9.40,27.00,38.51,32.76,0.00,200.00,-506.32,0.00,586.12,-1095.06
5067,15.84,9.40,27.00,38.26,32.63,0.00,200.00,-473.24,0.00,586.12,-1096.14
5068,16.05,9.40,27.00,38.02,32.51,0.00,200.00,-447.79,0.00,586.12,-1073.94
5069,16.72,9.40,27.00,37.79,32.39,0.00,200.00,-433.30,0.00,586.12,-1029.60
5070,17.81,9.40,27.00,37.65,32.32,212.86,200.00,-432.11,0.00,586.12,-969.50
5071,19.25,9.40,27.00,37.60,32.30,396.41,200.00,-445.07,0.00,586.12,-896.81
5072,20.93,9.40,27.00,37.63,32.32,577.32,200.00,-472.08,0.00,586.12,-816.51
5073,22.73,9.40,27.00,37.81,32.41,1408.48,200.00,-518.65,0.00,586.12,-737.21
5074,24.54,9.40,27.00,38.13,32.57,2360.33,200.00,-582.03,0.00,586.12,-664.31
5075,26.24,9.40,27.00,38.56,32.78,3218.23,200.00,-656.91,0.00,586.12,-602.23
5076,27.69,9.40,27.00,39.01,33.00,3595.94,200.00,-733.12,0.00,586.12,-552.99
5077,28.82,9.40,27.00,39.43,33.21,3316.76,200.00,-799.17,0.00,586.12,-518.51
5078,29.54,9.40,27.00,39.76,33.38,2515.45,200.00,-846.87,0.00,586.12,-499.54
5079,29.80,9.40,27.00,39.96,33.48,1558.20,200.00,-872.15,0.00,586.12,-496.67
5080,29.59,9.40,27.00,40.05,33.52,666.31,200.00,-876.46,0.00,586.12,-511.11
5081,28.92,9.40,27.00,40.06,33.53,402.15,200.00,-866.89,0.00,586.12,-544.65
5082,27.84,9.40,27.00,40.00,33.50,211.33,200.00,-843.70,0.00,586.12,-594.25
5083,26.43,9.40,27.00,39.86,33.43,86.43,200.00,-809.36,0.00,586.12,-656.55
5084,24.79,9.40,27.00,39.69,33.34,0.00,200.00,-766.95,0.00,586.12,-728.32
5085,23.02,9.40,27.00,39.49,33.25,0.00,200.00,-720.79,0.00,586.12,-805.27
5086,21.25,9.40,27.00,39.28,33.14,0.00,200.00,-672.58,0.00,586.12,-881.39
5087,19.61,9.40,27.00,39.06,33.03,0.00,200.00,-624.23,0.00,586.12,-950.74
5088,18.09,9.40,27.00,38.83,32.91,0.00,200.00,-575.84,0.00,586.12,-1013.82
5089,17.03,9.40,27.00,38.59,32.79,0.00,200.00,-532.80,0.00,586.12,-1053.96
5090,16.38,9.40,27.00,38.34,32.67,0.00,200.00,-495.12,0.00,586.12,-1073.73
5091,16.19,9.40,27.00,38.10,32.55,0.00,200.00,-464.16,0.00,586.12,-1071.03
5092,16.48,9.40,27.00,37.86,32.43,0.00,200.00,-440.86,0.00,586.12,-1045.31
5093,17.22,9.40,27.00,37.63,32.32,0.00,200.00,-428.52,0.00,586.12,-997.75
5094,18.38,9.40,27.00,37.50,32.25,209.50,200.00,-429.35,0.00,586.12,-934.70
5095,19.87,9.40,27.00,37.46,32.23,394.35,200.00,-444.33,0.00,586.12,-859.45
5096,21.60,9.40,27.00,37.50,32.25,584.37,200.00,-473.41,0.00,586.12,-777.02
5097,23.45,9.40,27.00,37.69,32.35,1430.02,200.00,-522.13,0.00,586.12,-696.07
5098,25.30,9.40,27.00,38.02,32.51,2392.57,200.00,-587.66,0.00,586.12,-621.98
5099,27.02,9.40,27.00,38.46,32.73,3250.87,200.00,-664.58,0.00,586.12,-559.15
5100,28.49,9.40,27.00,38.92,32.96,3626.86,200.00,-742.71,0.00,586.12,-509.61
5101,29.63,9.40,27.00,39.35,33.18,3347.61,200.00,-810.55,0.00,586.12,-475.30
5102,30.34,9.40,27.00,39.69,33.35,2547.93,200.00,-859.86,0.00,586.12,-456.94
5103,30.60,9.40,27.00,39.91,33.45,1580.46,200.00,-886.48,0.00,586.12,-455.11
5104,30.37,9.40,27.00,40.00,33.50,676.23,200.00,-891.69,0.00,586.12,-470.90
5105,29.67,9.40,27.00,40.02,33.51,399.99,200.00,-882.70,0.00,586.12,-506.16
5106,28.55,9.40,27.00,39.97,33.48,207.89,200.00,-859.86,0.00,586.12,-557.87
5107,27.10,9.40,27.00,39.84,33.42,85.99,200.00,-825.73,0.00,586.12,-622.72
5108,25.40,9.40,27.00,39.67,33.33,0.00,200.00,-783.31,0.00,586.12,-697.41
5109,23.57,9.40,27.00,39.48,33.24,0.00,200.00,-736.93,0.00,586.12,-777.60
5110,21.74,9.40,27.00,39.27,33.14,0.00,200.00,-688.29,0.00,586.12,-857.26
5111,20.02,9.40,27.00,39.06,33.03,0.00,200.00,-639.28,0.00,586.12,-930.41
5112,18.42,9.40,27.00,38.83,32.91,0.00,200.00,-589.98,0.00,586.12,-997.70
5113,17.27,9.40,27.00,38.59,32.79,0.00,200.00,-545.87,0.00,586.12,-1042.04
5114,16.53,9.40,27.00,38.34,32.67,0.00,200.00,-506.95,0.00,586.12,-1066.14
5115,16.25,9.40,27.00,38.10,32.55,0.00,200.00,-474.57,0.00,586.12,-1067.87
5116,16.45,9.40,27.00,37.86,32.43,0.00,200.00,-449.68,0.00,586.12,-1046.64
5117,17.10,9.40,27.00,37.63,32.32,0.00,200.00,-435.58,0.00,586.12,-1003.57
5118,18.17,9.40,27.00,37.50,32.25,206.04,200.00,-434.44,0.00,586.12,-944.90
5119,19.57,9.40,27.00,37.45,32.22,392.25,200.00,-447.35,0.00,586.12,-873.96
5120,21.21,9.40,27.00,37.49,32.24,592.13,200.00,-474.39,0.00,586.12,-795.78
5121,22.97,9.40,27.00,37.68,32.34,1452.36,200.00,-521.12,0.00,586.12,-718.96
5122,24.73,9.40,27.00,38.01,32.50,2425.83,200.00,-584.71,0.00,586.12,-648.83
5123,26.37,9.40,27.00,38.43,32.72,3283.15,200.00,-659.64,0.00,586.12,-589.70
5124,27.77,9.40,27.00,38.89,32.95,3658.54,200.00,-735.77,0.00,586.12,-543.59
5125,28.84,9.40,27.00,39.32,33.16,3379.07,200.00,-801.62,0.00,586.12,-512.38
5126,29.49,9.40,27.00,39.66,33.33,2581.13,200.00,-848.98,0.00,586.12,-496.78
5127,29.69,9.40,27.00,39.86,33.43,1603.22,200.00,-873.61,0.00,586.12,-497.29
5128,29.41,9.40,27.00,39.95,33.47,686.68,200.00,-876.73,0.00,586.12,-514.97
5129,28.68,9.40,27.00,39.96,33.48,397.77,200.00,-865.63,0.00,586.12,-551.64
5130,27.53,9.40,27.00,39.89,33.45,204.34,200.00,-840.76,0.00,586.12,-604.29
5131,26.05,9.40,27.00,39.75,33.38,85.56,200.00,-804.85,0.00,586.12,-669.72
5132,24.34,9.40,27.00,39.57,33.29,0.00,200.00,-760.83,0.00,586.12,-744.55
5133,22.51,9.40,27.00,39.38,33.19,0.00,200.00,-713.01,0.00,586.12,-824.43
5134,20.68,9.40,27.00,39.16,33.08,0.00,200.00,-663.12,0.00,586.12,-903.33
5135,18.99,9.40,27.00,38.94,32.97,0.00,200.00,-613.05,0.00,586.12,-975.28
5136,17.40,9.40,27.00,38.70,32.85,0.00,200.00,-562.83,0.00,586.12,-1041.13
5137,16.29,9.40,27.00,38.45,32.73,0.00,200.00,-518.07,0.00,586.12,-1083.43
5138,15.59,9.40,27.00,38.20,32.60,0.00,200.00,-478.71,0.00,586.12,-1105.10
5139,15.36,9.40,27.00,37.95,32.48,0.00,200.00,-446.10,0.00,586.12,-1104.03
5140,15.62,9.40,27.00,37.70,32.35,0.00,200.00,-421.21,0.00,586.12,-1079.66
5141,16.34,9.40,27.00,37.47,32.24,0.00,200.00,-407.31,0.00,586.12,-1033.14
5142,17.47,9.40,27.00,37.33,32.17,202.46,200.00,-406.47,0.00,586.12,-970.68
5143,18.95,9.40,27.00,37.28,32.14,390.10,200.00,-419.94,0.00,586.12,-895.73
5144,20.67,9.40,27.00,37.31,32.16,600.64,200.00,-447.87,0.00,586.12,-813.41
5145,22.52,9.40,27.00,37.50,32.25,1475.52,200.00,-495.82,0.00,586.12,-732.34
5146,24.37,9.40,27.00,37.83,32.41,2460.13,200.00,-560.92,0.00,586.12,-657.89
5147,26.10,9.40,27.00,38.26,32.63,3316.22,200.00,-637.52,0.00,586.12,-594.36
5148,27.59,9.40,27.00,38.72,32.86,3690.95,200.00,-715.47,0.00,586.12,-543.82
5149,28.75,9.40,27.00,39.15,33.07,3411.12,200.00,-783.29,0.00,586.12,-508.22
5150,29.50,9.40,27.00,39.49,33.24,2615.05,200.00,-832.76,0.00,586.12,-488.30
5151,29.79,9.40,27.00,39.70,33.35,1626.48,200.00,-859.49,0.00,586.12,-484.56
5152,29.60,9.40,27.00,39.79,33.39,697.68,200.00,-864.64,0.00,586.12,-498.06
5153,28.95,9.40,27.00,39.81,33.40,395.48,200.00,-855.52,0.00,586.12,-530.69
5154,27.89,9.40,27.00,39.74,33.37,200.69,200.00,-832.65,0.00,586.12,-579.52
5155,26.49,9.40,27.00,39.61,33.30,85.15,200.00,-798.85,0.00,586.12,-641.47
5156,24.84,9.40,27.00,39.43,33.22,0.00,200.00,-756.94,0.00,586.12,-713.13
5157,23.08,9.40,27.00,39.24,33.12,0.00,200.00,-711.22,0.00,586.12,-790.18
5158,21.31,9.40,27.00,39.04,33.02,0.00,200.00,-663.37,0.00,586.12,-866.61
5159,19.66,9.40,27.00,38.82,32.91,0.00,200.00,-615.29,0.00,586.12,-936.48
5160,18.11,9.40,27.00,38.59,32.79,0.00,200.00,-566.92,0.00,586.12,-1000.84
5161,17.04,9.40,27.00,38.35,32.68,0.00,200.00,-523.95,0.00,586.12,-1041.90
5162,16.37,9.40,27.00,38.11,32.55,0.00,200.00,-486.25,0.00,586.12,-1062.77
5163,16.15,9.40,27.00,37.87,32.43,0.00,200.00,-455.18,0.00,586.12,-1061.34
5164,16.41,9.40,27.00,37.63,32.32,0.00,200.00,-431.66,0.00,586.12,-1037.07
5165,17.13,9.40,27.00,37.40,32.20,0.00,200.00,-416.15,0.00,586.12,-990.96
5166,18.25,9.40,27.00,37.27,32.13,198.77,200.00,-416.32,0.00,586.12,-929.41
5167,19.71,9.40,27.00,37.22,32.11,387.89,200.00,-430.64,0.00,586.12,-855.83
5168,21.40,9.40,27.00,37.26,32.13,609.92,200.00,-459.35,0.00,586.12,-775.37
5169,23.21,9.40,27.00,37.46,32.23,1499.50,200.00,-507.99,0.00,586.12,-696.61
5170,25.01,9.40,27.00,37.80,32.40,2495.46,200.00,-573.66,0.00,586.12,-624.88
5171,26.69,9.40,27.00,38.24,32.62,3350.07,200.00,-650.60,0.00,586.12,-564.43
5172,28.12,9.40,27.00,38.70,32.85,3724.11,200.00,-728.68,0.00,586.12,-517.29
5173,29.21,9.40,27.00,39.14,33.07,3443.78,200.00,-796.39,0.00,586.12,-485.37
5174,29.88,9.40,27.00,39.49,33.24,2649.67,200.00,-845.55,0.00,586.12,-469.40
5175,30.09,9.40,27.00,39.70,33.35,1650.24,200.00,-871.66,0.00,586.12,-469.78
5176,29.82,9.40,27.00,39.79,33.40,709.23,200.00,-875.82,0.00,586.12,-487.51
5177,29.08,9.40,27.00,39.81,33.41,393.13,200.00,-865.38,0.00,586.12,-524.43
5178,27.93,9.40,27.00,39.75,33.37,196.93,200.00,-840.98,0.00,586.12,-577.62
5179,26.44,9.40,27.00,39.59,33.29,0.00,200.00,-802.81,0.00,586.12,-642.73
5180,24.70,9.40,27.00,39.41,33.20,0.00,200.00,-759.27,0.00,586.12,-718.89
5181,22.84,9.40,27.00,39.22,33.11,0.00,200.00,-711.78,0.00,586.12,-800.39
5182,20.98,9.40,27.00,39.01,33.00,0.00,200.00,-662.05,0.00,586.12,-881.18
5183,19.24,9.40,27.00,38.79,32.89,0.00,200.00,-612.00,0.00,586.12,-955.27
5184,17.61,9.40,27.00,38.55,32.78,0.00,200.00,-561.52,0.00,586.12,-1023.86
5185,16.44,9.40,27.00,38.31,32.65,0.00,200.00,-516.44,0.00,586.12,-1068.75
5186,15.70,9.40,27.00,38.06,32.53,0.00,200.00,-476.61,0.00,586.12,-1093.19
5187,15.41,9.40,27.00,37.81,32.41,0.00,200.00,-443.39,0.00,586.12,-1095.04
5188,15.60,9.40,27.00,37.57,32.28,0.00,200.00,-417.74,0.00,586.12,-1073.72
5189,16.26,9.40,27.00,37.33,32.17,0.00,200.00,-400.13,0.00,586.12,-1030.22
5190,17.33,9.40,27.00,37.19,32.09,194.96,200.00,-398.12,0.00,586.12,-970.81
5191,18.74,9.40,27.00,37.13,32.06,385.63,200.00,-410.36,0.00,586.12,-899.00
5192,20.39,9.40,27.00,37.17,32.08,620.01,200.00,-437.23,0.00,586.12,-819.96
5193,22.17,9.40,27.00,37.36,32.18,1524.32,200.00,-484.30,0.00,586.12,-742.24
5194,23.96,9.40,27.00,37.69,32.34,2531.84,200.00,-548.62,0.00,586.12,-671.14
5195,25.62,9.40,27.00,38.12,32.56,3384.71,200.00,-624.35,0.00,586.12,-610.87
5196,27.05,9.40,27.00,38.58,32.79,3757.99,200.00,-701.38,0.00,586.12,-563.46
5197,28.15,9.40,27.00,39.01,33.00,3477.02,200.00,-768.21,0.00,586.12,-530.82
5198,28.84,9.40,27.00,39.35,33.17,2684.99,200.00,-816.69,0.00,586.12,-513.69
5199,29.07,9.40,27.00,39.56,33.28,1674.50,200.00,-842.21,0.00,586.12,-512.46
5200,28.84,9.40,27.00,39.64,33.32,721.33,200.00,-845.82,0.00,586.12,-528.10
5201,28.14,9.40,27.00,39.65,33.33,390.72,200.00,-834.91,0.00,586.12,-562.47
5202,27.04,9.40,27.00,39.58,33.29,193.07,200.00,-810.25,0.00,586.12,-612.73
5203,25.61,9.40,27.00,39.41,33.20,0.00,200.00,-772.15,0.00,586.12,-674.66
5204,23.94,9.40,27.00,39.23,33.11,0.00,200.00,-728.92,0.00,586.12,-747.32
5205,22.15,9.40,27.00,39.03,33.02,0.00,200.00,-681.94,0.00,586.12,-825.06
5206,20.37,9.40,27.00,38.82,32.91,0.00,200.00,-632.94,0.00,586.12,-901.86
5207,18.71,9.40,27.00,38.59,32.80,0.00,200.00,-583.81,0.00,586.12,-971.78
5208,17.16,9.40,27.00,38.36,32.68,0.00,200.00,-534.40,0.00,586.12,-1036.22
5209,16.09,9.40,27.00,38.11,32.56,0.00,200.00,-490.63,0.00,586.12,-1076.67
5210,15.43,9.40,27.00,37.86,32.43,0.00,200.00,-452.26,0.00,586.12,-1096.61
5211,15.23,9.40,27.00,37.62,32.31,0.00,200.00,-420.66,0.00,586.12,-1093.96
5212,15.52,9.40,27.00,37.37,32.19,0.00,200.00,-396.77,0.00,586.12,-1068.15
5213,16.27,9.40,27.00,37.14,32.07,0.00,200.00,-381.04,0.00,586.12,-1020.23
5214,17.43,9.40,27.00,37.00,32.00,191.03,200.00,-380.89,0.00,586.12,-956.45
5215,18.93,9.40,27.00,36.94,31.97,383.33,200.00,-395.12,0.00,586.12,-880.45
5216,20.67,9.40,27.00,36.98,31.99,630.95,200.00,-424.19,0.00,586.12,-797.50
5217,22.53,9.40,27.00,37.18,32.09,1549.98,200.00,-473.63,0.00,586.12,-716.16
5218,24.39,9.40,27.00,37.52,32.26,2569.27,200.00,-540.46,0.00,586.12,-641.76
5219,26.12,9.40,27.00,37.96,32.48,3420.12,200.00,-618.66,0.00,586.12,-578.48
5220,27.62,9.40,27.00,38.43,32.71,3792.60,200.00,-698.13,0.00,586.12,-528.41
5221,28.77,9.40,27.00,38.87,32.94,3510.83,200.00,-767.36,0.00,586.12,-493.49
5222,29.51,9.40,27.00,39.22,33.11,2721.00,200.00,-818.18,0.00,586.12,-474.48
5223,29.79,9.40,27.00,39.44,33.22,1699.25,200.00,-845.84,0.00,586.12,-471.73
5224,29.58,9.40,27.00,39.53,33.27,734.01,200.00,-851.31,0.00,586.12,-486.21
5225,28.91,9.40,27.00,39.55,33.27,388.24,200.00,-841.99,0.00,586.12,-519.80
5226,27.83,9.40,27.00,39.48,33.24,189.09,200.00,-818.74,0.00,586.12,-569.70
5227,26.40,9.40,27.00,39.32,33.16,0.00,200.00,-782.00,0.00,586.12,-631.79
5228,24.72,9.40,27.00,39.15,33.07,0.00,200.00,-739.94,0.00,586.12,-705.08
5229,22.92,9.40,27.00,38.96,32.98,0.00,200.00,-693.96,0.00,586.12,-783.89
5230,21.12,9.40,27.00,38.76,32.88,0.00,200.00,-645.76,0.00,586.12,-862.19
5231,19.43,9.40,27.00,38.54,32.77,0.00,200.00,-597.23,0.00,586.12,-934.01
5232,17.83,9.40,27.00,38.31,32.65,0.00,200.00,-548.14,0.00,586.12,-1000.95
5233,16.71,9.40,27.00,38.07,32.54,0.00,200.00,-504.53,0.00,586.12,-1044.08
5234,16.00,9.40,27.00,37.83,32.41,0.00,200.00,-466.11,0.00,586.12,-1067.05
5235,15.74,9.40,27.00,37.58,32.29,0.00,200.00,-434.24,0.00,586.12,-1067.74
5236,15.96,9.40,27.00,37.35,32.17,0.00,200.00,-409.86,0.00,586.12,-1045.56
5237,16.63,9.40,27.00,37.12,32.06,0.00,200.00,-393.44,0.00,586.12,-1001.51
5238,17.71,9.40,27.00,36.98,31.99,186.98,200.00,-392.27,0.00,586.12,-941.74
5239,19.12,9.40,27.00,36.92,31.96,380.96,200.00,-405.32,0.00,586.12,-869.93
5240,20.77,9.40,27.00,36.96,31.98,642.76,200.00,-433.20,0.00,586.12,-791.39
5241,22.54,9.40,27.00,37.16,32.08,1576.50,200.00,-481.41,0.00,586.12,-714.58
5242,24.31,9.40,27.00,37.50,32.25,2607.75,200.00,-546.94,0.00,586.12,-644.79
5243,25.95,9.40,27.00,37.95,32.47,3456.29,200.00,-623.68,0.00,586.12,-586.11
5244,27.36,9.40,27.00,38.42,32.71,3827.93,200.00,-701.56,0.00,586.12,-540.57
5245,28.42,9.40,27.00,38.86,32.93,3545.22,200.00,-769.07,0.00,586.12,-510.09
5246,29.07,9.40,27.00,39.20,33.10,2757.71,200.00,-818.10,0.00,586.12,-495.38
5247,29.26,9.40,27.00,39.42,33.21,1724.49,200.00,-843.80,0.00,586.12,-496.72
5248,28.97,9.40,27.00,39.51,33.25,747.25,200.00,-847.06,0.00,586.12,-514.99
5249,28.22,9.40,27.00,39.52,33.26,385.70,200.00,-835.37,0.00,586.12,-552.02
5250,27.06,9.40,27.00,39.44,33.22,185.01,200.00,-809.72,0.00,586.12,-605.05
5251,25.57,9.40,27.00,39.27,33.14,0.00,200.00,-770.73,0.00,586.12,-670.03
5252,23.83,9.40,27.00,39.09,33.05,0.00,200.00,-726.48,0.00,586.12,-745.85
5253,21.98,9.40,27.00,38.90,32.95,0.00,200.00,-678.35,0.00,586.12,-826.80
5254,20.13,9.40,27.00,38.68,32.84,0.00,200.00,-628.10,0.00,586.12,-906.84
5255,18.41,9.40,27.00,38.46,32.73,0.00,200.00,-577.61,0.00,586.12,-979.98
5256,16.78,9.40,27.00,38.22,32.61,0.00,200.00,-526.65,0.00,586.12,-1047.97
5257,15.64,9.40,27.00,37.97,32.48,0.00,200.00,-481.34,0.00,586.12,-1091.54
5258,14.92,9.40,27.00,37.72,32.36,0.00,200.00,-441.38,0.00,586.12,-1114.49
5259,14.66,9.40,27.00,37.47,32.23,0.00,200.00,-408.15,0.00,586.12,-1114.71
5260,14.89,9.40,27.00,37.22,32.11,0.00,200.00,-382.59,0.00,586.12,-1091.63
5261,15.58,9.40,27.00,36.98,31.99,0.00,200.00,-365.18,0.00,586.12,-1046.23
5262,16.69,9.40,27.00,36.83,31.91,182.80,200.00,-363.07,0.00,586.12,-984.60
5263,18.14,9.40,27.00,36.77,31.88,378.55,200.00,-375.44,0.00,586.12,-910.57
5264,19.83,9.40,27.00,36.80,31.90,655.49,200.00,-403.03,0.00,586.12,-829.49
5265,21.66,9.40,27.00,37.00,32.00,1603.88,200.00,-451.31,0.00,586.12,-749.85
5266,23.48,9.40,27.00,37.33,32.17,2647.29,200.00,-517.24,0.00,586.12,-676.94
5267,25.19,9.40,27.00,37.77,32.39,3493.22,200.00,-594.58,0.00,586.12,-614.83
5268,26.67,9.40,27.00,38.24,32.62,3863.97,200.00,-673.25,0.00,586.12,-565.60
5269,27.81,9.40,27.00,38.68,32.84,3580.18,200.00,-741.78,0.00,586.12,-531.21
5270,28.54,9.40,27.00,39.03,33.01,2795.10,200.00,-792.02,0.00,586.12,-512.41
5271,28.82,9.40,27.00,39.24,33.12,1750.20,200.00,-819.02,0.00,586.12,-509.46
5272,28.62,9.40,27.00,39.32,33.16,761.08,200.00,-823.59,0.00,586.12,-523.28
5273,27.96,9.40,27.00,39.33,33.17,383.09,200.00,-813.22,0.00,586.12,-555.74
5274,26.90,9.40,27.00,39.26,33.13,180.82,200.00,-789.02,0.00,586.12,-604.16
5275,25.49,9.40,27.00,39.09,33.05,0.00,200.00,-751.75,0.00,586.12,-664.66
5276,23.85,9.40,27.00,38.91,32.96,0.00,200.00,-709.33,0.00,586.12,-736.06
5277,22.09,9.40,27.00,38.72,32.86,0.00,200.00,-663.14,0.00,586.12,-812.73
5278,20.33,9.40,27.00,38.51,32.75,0.00,200.00,-614.89,0.00,586.12,-888.66
5279,18.69,9.40,27.00,38.29,32.64,0.00,200.00,-566.48,0.00,586.12,-957.89
5280,17.14,9.40,27.00,38.05,32.53,0.00,200.00,-517.57,0.00,586.12,-1022.39
5281,16.07,9.40,27.00,37.81,32.41,0.00,200.00,-474.38,0.00,586.12,-1062.58
5282,15.42,9.40,27.00,37.57,32.28,0.00,200.00,-436.54,0.00,586.12,-1082.47
5283,15.23,9.40,27.00,37.32,32.16,0.00,200.00,-405.39,0.00,586.12,-1079.98
5284,15.51,9.40,27.00,37.08,32.04,0.00,200.00,-381.86,0.00,586.12,-1054.55
5285,16.25,9.40,27.00,36.85,31.93,0.00,200.00,-366.42,0.00,586.12,-1007.21
5286,17.39,9.40,27.00,36.71,31.85,178.51,200.00,-366.06,0.00,586.12,-943.97
5287,18.88,9.40,27.00,36.65,31.83,376.08,200.00,-380.12,0.00,586.12,-868.78
5288,20.59,9.40,27.00,36.70,31.85,669.15,200.00,-409.47,0.00,586.12,-787.09
5289,22.43,9.40,27.00,36.90,31.95,1632.12,200.00,-459.49,0.00,586.12,-707.33
5290,24.26,9.40,27.00,37.25,32.12,2687.88,200.00,-527.11,0.00,586.12,-634.78
5291,25.97,9.40,27.00,37.70,32.35,3530.91,200.00,-605.93,0.00,586.12,-573.48
5292,27.43,9.40,27.00,38.18,32.59,3900.71,200.00,-685.90,0.00,586.12,-525.51
5293,28.54,9.40,27.00,38.62,32.81,3615.68,200.00,-755.50,0.00,586.12,-492.80
5294,29.24,9.40,27.00,38.98,32.99,2833.17,200.00,-806.63,0.00,586.12,-476.09
5295,29.48,9.40,27.00,39.21,33.10,1776.40,200.00,-834.19,0.00,586.12,-475.60
5296,29.23,9.40,27.00,39.30,33.15,775.48,200.00,-838.92,0.00,586.12,-492.16
5297,28.51,9.40,27.00,39.31,33.15,380.43,200.00,-828.33,0.00,586.12,-527.64
5298,27.38,9.40,27.00,39.24,33.12,176.51,200.00,-803.67,0.00,586.12,-579.34
5299,25.91,9.40,27.00,39.08,33.04,0.00,200.00,-765.83,0.00,586.12,-643.51
5300,24.19,9.40,27.00,38.90,32.95,0.00,200.00,-722.63,0.00,586.12,-718.82
5301,22.35,9.40,27.00,38.71,32.85,0.00,200.00,-675.46,0.00,586.12,-799.59
5302,20.50,9.40,27.00,38.50,32.75,0.00,200.00,-626.05,0.00,586.12,-879.79
5303,18.78,9.40,27.00,38.28,32.64,0.00,200.00,-576.29,0.00,586.12,-953.40
5304,17.13,9.40,27.00,38.05,32.52,0.00,200.00,-525.80,0.00,586.12,-1022.53
5305,15.97,9.40,27.00,37.80,32.40,0.00,200.00,-480.93,0.00,586.12,-1067.20
5306,15.22,9.40,27.00,37.56,32.28,0.00,200.00,-441.27,0.00,586.12,-1091.56
5307,14.94,9.40,27.00,37.31,32.15,0.00,200.00,-408.18,0.00,586.12,-1093.47
5308,15.13,9.40,27.00,37.07,32.03,0.00,200.00,-382.61,0.00,586.12,-1072.34
5309,15.78,9.40,27.00,36.83,31.92,0.00,200.00,-365.04,0.00,586.12,-1029.16
5310,16.84,9.40,27.00,36.68,31.84,174.08,200.00,-362.35,0.00,586.12,-969.79
5311,18.24,9.40,27.00,36.62,31.81,373.56,200.00,-374.07,0.00,586.12,-898.27
5312,19.88,9.40,27.00,36.66,31.83,683.80,200.00,-401.26,0.00,586.12,-820.08
5313,21.64,9.40,27.00,36.86,31.93,1661.25,200.00,-449.26,0.00,586.12,-743.57
5314,23.41,9.40,27.00,37.20,32.10,2729.54,200.00,-514.99,0.00,586.12,-673.98
5315,25.05,9.40,27.00,37.64,32.32,3569.33,200.00,-591.92,0.00,586.12,-615.26
5316,26.46,9.40,27.00,38.11,32.56,3938.14,200.00,-670.07,0.00,586.12,-569.48
5317,27.54,9.40,27.00,38.56,32.78,3651.74,200.00,-737.92,0.00,586.12,-538.55
5318,28.20,9.40,27.00,38.91,32.95,2871.91,200.00,-787.42,0.00,586.12,-523.22
5319,28.41,9.40,27.00,39.12,33.06,1803.06,200.00,-813.34,0.00,586.12,-523.61
5320,28.15,9.40,27.00,39.21,33.10,790.47,200.00,-816.40,0.00,586.12,-540.53
5321,27.43,9.40,27.00,39.21,33.10,377.70,200.00,-804.14,0.00,586.12,-575.84
5322,26.30,9.40,27.00,39.12,33.06,172.09,200.00,-777.95,0.00,586.12,-626.91
5323,24.83,9.40,27.00,38.95,32.98,0.00,200.00,-738.92,0.00,586.12,-690.08
5324,23.14,9.40,27.00,38.77,32.88,0.00,200.00,-694.73,0.00,586.12,-763.97
5325,21.32,9.40,27.00,38.57,32.78,0.00,200.00,-646.79,0.00,586.12,-842.90
5326,19.52,9.40,27.00,38.35,32.68,0.00,200.00,-596.81,0.00,586.12,-920.84
5327,17.83,9.40,27.00,38.13,32.56,0.00,200.00,-546.70,0.00,586.12,-991.83
5328,16.24,9.40,27.00,37.88,32.44,0.00,200.00,-496.03,0.00,586.12,-1058.15
5329,15.14,9.40,27.00,37.64,32.32,0.00,200.00,-451.26,0.00,586.12,-1099.51
5330,14.46,9.40,27.00,37.38,32.19,0.00,200.00,-411.90,0.00,586.12,-1120.27
5331,14.25,9.40,27.00,37.13,32.07,0.00,200.00,-379.34,0.00,586.12,-1118.32
5332,14.52,9.40,27.00,36.88,31.94,0.00,200.00,-354.51,0.00,586.12,-1093.12
5333,15.25,9.40,27.00,36.65,31.82,0.00,200.00,-337.87,0.00,586.12,-1045.69
5334,16.40,9.40,27.00,36.49,31.75,169.53,200.00,-336.16,0.00,586.12,-981.85
5335,17.89,9.40,27.00,36.42,31.71,370.98,200.00,-349.08,0.00,586.12,-905.80
5336,19.63,9.40,27.00,36.47,31.73,699.44,200.00,-377.86,0.00,586.12,-823.13
5337,21.48,9.40,27.00,36.67,31.83,1691.25,200.00,-427.74,0.00,586.12,-742.19
5338,23.34,9.40,27.00,37.01,32.01,2772.25,200.00,-495.59,0.00,586.12,-668.26
5339,25.08,9.40,27.00,37.46,32.23,3608.49,200.00,-574.72,0.00,586.12,-605.28
5340,26.58,9.40,27.00,37.94,32.47,3976.26,200.00,-655.15,0.00,586.12,-555.36
5341,27.74,9.40,27.00,38.39,32.69,3688.33,200.00,-725.36,0.00,586.12,-520.47
5342,28.49,9.40,27.00,38.75,32.87,2911.31,200.00,-777.28,0.00,586.12,-501.39
5343,28.78,9.40,27.00,38.97,32.99,1830.19,200.00,-805.55,0.00,586.12,-498.24
5344,28.59,9.40,27.00,39.06,33.03,806.04,200.00,-810.77,0.00,586.12,-511.85
5345,27.93,9.40,27.00,39.06,33.03,374.90,200.00,-800.49,0.00,586.12,-544.08
5346,26.87,9.40,27.00,38.99,32.99,167.55,200.00,-776.23,0.00,586.12,-592.39
5347,25.46,9.40,27.00,38.82,32.91,0.00,200.00,-739.20,0.00,586.12,-653.28
5348,23.81,9.40,27.00,38.65,32.82,0.00,200.00,-696.93,0.00,586.12,-725.28
5349,22.03,9.40,27.00,38.46,32.73,0.00,200.00,-650.81,0.00,586.12,-802.74
5350,20.25,9.40,27.00,38.25,32.62,0.00,200.00,-602.54,0.00,586.12,-879.66
5351,18.59,9.40,27.00,38.03,32.51,0.00,200.00,-554.01,0.00,586.12,-950.06
5352,17.00,9.40,27.00,37.80,32.40,0.00,200.00,-504.72,0.00,586.12,-1016.41
5353,15.91,9.40,27.00,37.56,32.28,0.00,200.00,-461.21,0.00,586.12,-1058.09
5354,15.22,9.40,27.00,37.31,32.16,0.00,200.00,-422.94,0.00,586.12,-1079.60
5355,14.99,9.40,27.00,37.07,32.03,0.00,200.00,-391.28,0.00,586.12,-1078.86
5356,15.24,9.40,27.00,36.83,31.91,0.00,200.00,-367.15,0.00,586.12,-1055.28
5357,15.94,9.40,27.00,36.60,31.80,0.00,200.00,-351.01,0.00,586.12,-1009.89
5358,17.04,9.40,27.00,36.45,31.72,164.85,200.00,-349.46,0.00,586.12,-948.38
5359,18.48,9.40,27.00,36.39,31.69,368.34,200.00,-362.37,0.00,586.12,-875.06
5360,20.16,9.40,27.00,36.43,31.72,716.12,200.00,-391.15,0.00,586.12,-795.57
5361,21.95,9.40,27.00,36.64,31.82,1722.15,200.00,-440.94,0.00,586.12,-718.17
5362,23.74,9.40,27.00,36.99,32.00,2816.03,200.00,-508.60,0.00,586.12,-648.08
5363,25.40,9.40,27.00,37.45,32.22,3648.37,200.00,-587.30,0.00,586.12,-589.17
5364,26.81,9.40,27.00,37.93,32.47,4015.06,200.00,-667.08,0.00,586.12,-543.51
5365,27.89,9.40,27.00,38.38,32.69,3725.45,200.00,-736.42,0.00,586.12,-513.03
5366,28.55,9.40,27.00,38.75,32.87,2951.36,200.00,-787.32,0.00,586.12,-498.47
5367,28.74,9.40,27.00,38.97,32.99,1857.77,200.00,-814.26,0.00,586.12,-499.88
5368,28.46,9.40,27.00,39.06,33.03,822.20,200.00,-817.81,0.00,586.12,-517.97
5369,27.72,9.40,27.00,39.06,33.03,372.04,200.00,-805.55,0.00,586.12,-554.59
5370,26.56,9.40,27.00,38.98,32.99,162.90,200.00,-779.16,0.00,586.12,-607.19
5371,25.06,9.40,27.00,38.81,32.91,0.00,200.00,-740.04,0.00,586.12,-672.35
5372,23.32,9.40,27.00,38.63,32.82,0.00,200.00,-695.60,0.00,586.12,-748.47
5373,21.46,9.40,27.00,38.43,32.72,0.00,200.00,-647.25,0.00,586.12,-829.85
5374,19.59,9.40,27.00,38.22,32.61,0.00,200.00,-596.72,0.00,586.12,-910.44
5375,17.86,9.40,27.00,37.99,32.50,0.00,200.00,-545.91,0.00,586.12,-984.26
5376,16.19,9.40,27.00,37.75,32.38,0.00,200.00,-494.31,0.00,586.12,-1053.87
5377,15.04,9.40,27.00,37.51,32.25,0.00,200.00,-448.54,0.00,586.12,-1098.30
5378,14.29,9.40,27.00,37.25,32.13,0.00,200.00,-408.08,0.00,586.12,-1122.21
5379,14.02,9.40,27.00,37.00,32.00,0.00,200.00,-374.29,0.00,586.12,-1123.47
5380,14.22,9.40,27.00,36.75,31.88,0.00,200.00,-348.12,0.00,586.12,-1101.48
5381,14.88,9.40,27.00,36.51,31.76,0.00,200.00,-330.06,0.00,586.12,-1057.24
5382,15.97,9.40,27.00,36.35,31.67,160.03,200.00,-326.53,0.00,586.12,-996.37
5383,17.39,9.40,27.00,36.28,31.64,365.65,200.00,-337.67,0.00,586.12,-923.26
5384,19.06,9.40,27.00,36.32,31.66,733.86,200.00,-365.08,0.00,586.12,-843.65
5385,20.85,9.40,27.00,36.52,31.76,1753.93,200.00,-413.80,0.00,586.12,-765.72
5386,22.65,9.40,27.00,36.87,31.93,2860.87,200.00,-480.70,0.00,586.12,-694.72
5387,24.33,9.40,27.00,37.31,32.16,3688.97,200.00,-558.78,0.00,586.12,-634.43
5388,25.78,9.40,27.00,37.79,32.40,4054.53,200.00,-638.15,0.00,586.12,-586.98
5389,26.90,9.40,27.00,38.24,32.62,3763.09,200.00,-707.27,0.00,586.12,-554.32
5390,27.61,9.40,27.00,38.60,32.80,2985.80,200.00,-758.13,0.00,586.12,-537.19
5391,27.86,9.40,27.00,38.82,32.91,1885.80,200.00,-785.19,0.00,586.12,-535.64
5392,27.64,9.40,27.00,38.90,32.95,838.95,200.00,-788.89,0.00,586.12,-550.38
5393,26.96,9.40,27.00,38.89,32.95,369.12,200.00,-776.82,0.00,586.12,-583.28
5394,25.87,9.40,27.00,38.80,32.90,158.14,200.00,-750.80,0.00,586.12,-631.88
5395,24.46,9.40,27.00,38.63,32.82,0.00,200.00,-712.42,0.00,586.12,-692.93
5396,22.80,9.40,27.00,38.45,32.72,0.00,200.00,-668.93,0.00,586.12,-764.77
5397,21.03,9.40,27.00,38.25,32.62,0.00,200.00,-621.71,0.00,586.12,-841.75
5398,19.26,9.40,27.00,38.04,32.52,0.00,200.00,-572.49,0.00,586.12,-917.85
5399,17.61,9.40,27.00,37.81,32.40,0.00,200.00,-523.16,0.00,586.12,-987.14
5400,16.04,9.40,27.00,37.57,32.28,0.00,200.00,-473.13,0.00,586.12,-1052.39
5401,14.97,9.40,27.00,37.32,32.16,0.00,200.00,-429.11,0.00,586.12,-1092.35
5402,14.32,9.40,27.00,37.07,32.04,0.00,200.00,-390.51,0.00,586.12,-1111.88
5403,14.13,9.40,27.00,36.82,31.91,0.00,200.00,-358.68,0.00,586.12,-1108.90
5404,14.42,9.40,27.00,36.58,31.79,0.00,200.00,-334.54,0.00,586.12,-1082.85
5405,15.17,9.40,27.00,36.34,31.67,0.00,200.00,-318.55,0.00,586.12,-1034.78
5406,16.33,9.40,27.00,36.18,31.59,155.09,200.00,-317.00,0.00,586.12,-970.23
5407,17.83,9.40,27.00,36.12,31.56,362.90,200.00,-330.16,0.00,586.12,-893.78
5408,19.57,9.40,27.00,36.16,31.58,752.70,200.00,-359.85,0.00,586.12,-811.26
5409,21.42,9.40,27.00,36.37,31.69,1786.62,200.00,-410.94,0.00,586.12,-730.84
5410,23.27,9.40,27.00,36.73,31.87,2906.77,200.00,-480.26,0.00,586.12,-657.77
5411,25.00,9.40,27.00,37.19,32.10,3730.27,200.00,-560.65,0.00,586.12,-595.81
5412,26.49,9.40,27.00,37.68,32.34,4094.65,200.00,-642.20,0.00,586.12,-547.10
5413,27.63,9.40,27.00,38.14,32.57,3801.24,200.00,-713.39,0.00,586.12,-513.60
5414,28.36,9.40,27.00,38.50,32.75,3019.13,200.00,-766.12,0.00,586.12,-496.07
5415,28.62,9.40,27.00,38.73,32.87,1914.28,200.00,-794.83,0.00,586.12,-494.55
5416,28.40,9.40,27.00,38.82,32.91,856.29,200.00,-799.84,0.00,586.12,-509.70
5417,27.71,9.40,27.00,38.83,32.91,366.14,200.00,-788.71,0.00,586.12,-543.35
5418,26.61,9.40,27.00,38.74,32.87,153.26,200.00,-763.42,0.00,586.12,-593.12
5419,25.16,9.40,27.00,38.58,32.79,0.00,200.00,-725.68,0.00,586.12,-655.86
5420,23.47,9.40,27.00,38.40,32.70,0.00,200.00,-682.61,0.00,586.12,-729.80
5421,21.65,9.40,27.00,38.21,32.60,0.00,200.00,-635.62,0.00,586.12,-809.26
5422,19.83,9.40,27.00,38.00,32.50,0.00,200.00,-586.41,0.00,586.12,-888.21
5423,18.13,9.40,27.00,37.78,32.39,0.00,200.00,-536.86,0.00,586.12,-960.67
5424,16.48,9.40,27.00,37.55,32.27,0.00,200.00,-486.36,0.00,586.12,-1029.57
5425,15.34,9.40,27.00,37.30,32.15,0.00,200.00,-441.71,0.00,586.12,-1073.27
5426,14.62,9.40,27.00,37.05,32.03,0.00,200.00,-402.26,0.00,586.12,-1096.77
5427,14.34,9.40,27.00,36.81,31.90,0.00,200.00,-369.38,0.00,586.12,-1097.94
5428,14.55,9.40,27.00,36.56,31.78,0.00,200.00,-344.01,0.00,586.12,-1076.20
5429,15.21,9.40,27.00,36.33,31.66,0.00,200.00,-326.61,0.00,586.12,-1032.53
5430,16.28,9.40,27.00,36.17,31.58,150.02,200.00,-323.33,0.00,586.12,-972.36
5431,17.68,9.40,27.00,36.10,31.55,360.09,200.00,-334.67,0.00,586.12,-900.31
5432,19.32,9.40,27.00,36.14,31.57,772.64,200.00,-362.65,0.00,586.12,-822.31
5433,21.08,9.40,27.00,36.35,31.68,1820.20,200.00,-412.06,0.00,586.12,-746.37
5434,22.85,9.40,27.00,36.71,31.86,2949.33,200.00,-479.67,0.00,586.12,-677.68
5435,24.49,9.40,27.00,37.17,32.08,3772.26,200.00,-558.26,0.00,586.12,-619.94
5436,25.89,9.40,27.00,37.65,32.33,4135.42,200.00,-637.94,0.00,586.12,-575.24
5437,26.95,9.40,27.00,38.11,32.55,3839.89,200.00,-707.20,0.00,586.12,-545.52
5438,27.60,9.40,27.00,38.47,32.74,3052.81,200.00,-757.93,0.00,586.12,-531.46
5439,27.79,9.40,27.00,38.70,32.85,1943.19,200.00,-784.59,0.00,586.12,-533.08
5440,27.51,9.40,27.00,38.78,32.89,874.21,200.00,-787.38,0.00,586.12,-550.93
5441,26.77,9.40,27.00,38.77,32.89,363.09,200.00,-773.91,0.00,586.12,-586.83
5442,25.61,9.40,27.00,38.67,32.84,148.26,200.00,-746.30,0.00,586.12,-638.43
5443,24.13,9.40,27.00,38.50,32.75,0.00,200.00,-706.51,0.00,586.12,-702.68
5444,22.41,9.40,27.00,38.32,32.66,0.00,200.00,-661.52,0.00,586.12,-777.71
5445,20.57,9.40,27.00,38.11,32.56,0.00,200.00,-612.73,0.00,586.12,-857.81
5446,18.73,9.40,27.00,37.90,32.45,0.00,200.00,-561.87,0.00,586.12,-936.96
5447,17.02,9.40,27.00,37.67,32.33,0.00,200.00,-510.84,0.00,586.12,-1009.17
5448,15.38,9.40,27.00,37.42,32.21,0.00,200.00,-458.99,0.00,586.12,-1077.51
5449,14.25,9.40,27.00,37.17,32.08,0.00,200.00,-413.22,0.00,586.12,-1120.07
5450,13.55,9.40,27.00,36.91,31.96,0.00,200.00,-372.85,0.00,586.12,-1141.99
5451,13.31,9.40,27.00,36.66,31.83,0.00,200.00,-339.26,0.00,586.12,-1141.18
5452,13.55,9.40,27.00,36.41,31.70,0.00,200.00,-313.40,0.00,586.12,-1117.05
5453,14.26,9.40,27.00,36.16,31.58,0.00,200.00,-295.74,0.00,586.12,-1070.63
5454,15.39,9.40,27.00,35.99,31.50,144.81,200.00,-292.23,0.00,586.12,-1007.25
5455,16.86,9.40,27.00,35.92,31.46,357.22,200.00,-303.61,0.00,586.12,-931.73
5456,18.57,9.40,27.00,35.96,31.48,793.73,200.00,-332.14,0.00,586.12,-850.10
5457,20.41,9.40,27.00,36.17,31.58,1854.69,200.00,-382.43,0.00,586.12,-770.34
5458,22.25,9.40,27.00,36.52,31.76,2988.35,200.00,-451.19,0.00,586.12,-697.64
5459,23.97,9.40,27.00,36.98,31.99,3814.94,200.00,-531.13,0.00,586.12,-635.74
5460,25.46,9.40,27.00,37.47,32.23,4176.83,200.00,-612.34,0.00,586.12,-586.75
5461,26.62,9.40,27.00,37.92,32.46,3879.03,200.00,-683.29,0.00,586.12,-552.67
5462,27.36,9.40,27.00,38.29,32.64,3086.84,200.00,-735.82,0.00,586.12,-534.19
5463,27.64,9.40,27.00,38.52,32.76,1972.52,200.00,-764.37,0.00,586.12,-531.38
5464,27.45,9.40,27.00,38.60,32.80,892.72,200.00,-768.99,0.00,586.12,-544.79
5465,26.80,9.40,27.00,38.59,32.80,359.98,200.00,-757.25,0.00,586.12,-576.26
5466,25.74,9.40,27.00,38.50,32.75,143.15,200.00,-731.45,0.00,586.12,-623.53
5467,24.34,9.40,27.00,38.33,32.66,0.00,200.00,-693.67,0.00,586.12,-683.76
5468,22.70,9.40,27.00,38.15,32.57,0.00,200.00,-650.74,0.00,586.12,-754.98
5469,20.94,9.40,27.00,37.95,32.48,0.00,200.00,-604.03,0.00,586.12,-831.55
5470,19.18,9.40,27.00,37.74,32.37,0.00,200.00,-555.26,0.00,586.12,-907.46
5471,17.53,9.40,27.00,37.52,32.26,0.00,200.00,-506.32,0.00,586.12,-976.77
5472,15.95,9.40,27.00,37.28,32.14,0.00,200.00,-456.45,0.00,586.12,-1042.73
5473,14.87,9.40,27.00,37.03,32.02,0.00,200.00,-412.65,0.00,586.12,-1083.13
5474,14.21,9.40,27.00,36.79,31.89,0.00,200.00,-374.18,0.00,586.12,-1103.31
5475,14.01,9.40,27.00,36.54,31.77,0.00,200.00,-342.39,0.00,586.12,-1101.17
5476,14.28,9.40,27.00,36.29,31.65,0.00,200.00,-318.20,0.00,586.12,-1076.16
5477,15.00,9.40,27.00,36.06,31.53,0.00,200.00,-302.07,0.00,586.12,-1029.30
5478,16.14,9.40,27.00,35.90,31.45,139.48,200.00,-299.80,0.00,586.12,-965.83
5479,17.61,9.40,27.00,35.83,31.41,354.30,200.00,-312.31,0.00,586.12,-890.71
5480,19.31,9.40,27.00,35.88,31.44,815.98,200.00,-342.09,0.00,586.12,-810.05
5481,21.13,9.40,27.00,36.10,31.55,1890.08,200.00,-393.55,0.00,586.12,-731.74
5482,22.94,9.40,27.00,36.46,31.73,3028.04,200.00,-463.32,0.00,586.12,-660.95
5483,24.63,9.40,27.00,36.93,31.96,3858.29,200.00,-544.09,0.00,586.12,-601.35
5484,26.07,9.40,27.00,37.43,32.21,4218.86,200.00,-625.90,0.00,586.12,-555.05
5485,27.17,9.40,27.00,37.89,32.45,3918.64,200.00,-697.20,0.00,586.12,-524.01
5486,27.85,9.40,27.00,38.26,32.63,3121.20,200.00,-749.80,0.00,586.12,-508.88
5487,28.07,9.40,27.00,38.50,32.75,2002.28,200.00,-778.16,0.00,586.12,-509.69
5488,27.81,9.40,27.00,38.59,32.79,911.81,200.00,-782.17,0.00,586.12,-526.90
5489,27.08,9.40,27.00,38.58,32.79,356.80,200.00,-769.41,0.00,586.12,-562.29
5490,25.93,9.40,27.00,38.48,32.74,137.92,200.00,-742.36,0.00,586.12,-613.64
5491,24.44,9.40,27.00,38.32,32.66,0.00,200.00,-703.30,0.00,586.12,-678.19
5492,22.71,9.40,27.00,38.14,32.57,0.00,200.00,-658.90,0.00,586.12,-753.83
5493,20.86,9.40,27.00,37.94,32.47,0.00,200.00,-610.57,0.00,586.12,-834.86
5494,19.00,9.40,27.00,37.73,32.36,0.00,200.00,-560.02,0.00,586.12,-915.25
5495,17.27,9.40,27.00,37.50,32.25,0.00,200.00,-509.17,0.00,586.12,-988.98
5496,15.58,9.40,27.00,37.26,32.13,0.00,200.00,-457.25,0.00,586.12,-1059.45
5497,14.42,9.40,27.00,37.01,32.00,0.00,200.00,-411.34,0.00,586.12,-1104.07
5498,13.67,9.40,27.00,36.76,31.88,0.00,200.00,-370.69,0.00,586.12,-1128.30
5499,13.39,9.40,27.00,36.50,31.75,0.00,200.00,-336.66,0.00,586.12,-1130.00
5500,13.57,9.40,27.00,36.25,31.63,0.00,200.00,-310.20,0.00,586.12,-1108.57
5501,14.23,9.40,27.00,36.01,31.51,0.00,200.00,-291.80,0.00,586.12,-1065.01
5502,15.29,9.40,27.00,35.84,31.42,134.01,200.00,-287.10,0.00,586.12,-1004.43
5503,16.70,9.40,27.00,35.76,31.38,351.31,200.00,-297.25,0.00,586.12,-931.88
5504,18.34,9.40,27.00,35.80,31.40,839.41,200.00,-325.04,0.00,586.12,-853.55
5505,20.12,9.40,27.00,36.02,31.51,1926.38,200.00,-374.71,0.00,586.12,-777.23
5506,21.89,9.40,27.00,36.38,31.69,3068.41,200.00,-442.82,0.00,586.12,-708.02
5507,23.55,9.40,27.00,36.84,31.92,3902.30,200.00,-522.07,0.00,586.12,-649.57
5508,24.97,9.40,27.00,37.33,32.16,4261.50,200.00,-602.46,0.00,586.12,-603.99
5509,26.06,9.40,27.00,37.78,32.39,3958.72,200.00,-672.48,0.00,586.12,-573.20
5510,26.74,9.40,27.00,38.15,32.58,3155.89,200.00,-723.91,0.00,586.12,-557.86
5511,26.96,9.40,27.00,38.38,32.69,2032.44,200.00,-751.22,0.00,586.12,-557.99
5512,26.71,9.40,27.00,38.46,32.73,931.48,200.00,-754.17,0.00,586.12,-573.99
5513,26.01,9.40,27.00,38.44,32.72,353.57,200.00,-740.36,0.00,586.12,-607.66
5514,24.90,9.40,27.00,38.33,32.67,132.58,200.00,-712.43,0.00,586.12,-656.84
5515,23.45,9.40,27.00,38.16,32.58,0.00,200.00,-672.88,0.00,586.12,-718.94
5516,21.77,9.40,27.00,37.97,32.49,0.00,200.00,-628.22,0.00,586.12,-791.76
5517,19.98,9.40,27.00,37.77,32.38,0.00,200.00,-579.85,0.00,586.12,-869.63
5518,18.18,9.40,27.00,37.55,32.27,0.00,200.00,-529.49,0.00,586.12,-946.55
5519,16.52,9.40,27.00,37.32,32.16,0.00,200.00,-479.04,0.00,586.12,-1016.55
5520,14.91,9.40,27.00,37.07,32.04,0.00,200.00,-427.68,0.00,586.12,-1083.19
5521,13.83,9.40,27.00,36.82,31.91,0.00,200.00,-382.59,0.00,586.12,-1123.63
5522,13.17,9.40,27.00,36.56,31.78,0.00,200.00,-342.95,0.00,586.12,-1143.53
5523,12.97,9.40,27.00,36.31,31.65,0.00,200.00,-310.13,0.00,586.12,-1140.79
5524,13.25,9.40,27.00,36.06,31.53,0.00,200.00,-285.05,0.00,586.12,-1114.86
5525,13.99,9.40,27.00,35.82,31.41,0.00,200.00,-268.18,0.00,586.12,-1066.76
5526,15.15,9.40,27.00,35.64,31.32,128.43,200.00,-264.98,0.00,586.12,-1001.57
5527,16.65,9.40,27.00,35.56,31.28,348.26,200.00,-276.82,0.00,586.12,-924.49
5528,18.39,9.40,27.00,35.61,31.31,864.04,200.00,-306.73,0.00,586.12,-841.91
5529,20.25,9.40,27.00,35.83,31.41,1963.57,200.00,-358.73,0.00,586.12,-761.53
5530,22.11,9.40,27.00,36.19,31.60,3109.43,200.00,-429.27,0.00,586.12,-688.46
5531,23.85,9.40,27.00,36.66,31.83,3946.95,200.00,-511.01,0.00,586.12,-626.41
5532,25.35,9.40,27.00,37.16,32.08,4304.75,200.00,-593.90,0.00,586.12,-577.48
5533,26.51,9.40,27.00,37.63,32.31,3999.26,200.00,-666.40,0.00,586.12,-543.65
5534,27.25,9.40,27.00,38.00,32.50,3190.88,200.00,-720.23,0.00,586.12,-525.59
5535,27.53,9.40,27.00,38.24,32.62,2063.00,200.00,-749.83,0.00,586.12,-523.34
5536,27.33,9.40,27.00,38.33,32.66,951.73,200.00,-754.83,0.00,586.12,-537.27
5537,26.67,9.40,27.00,38.32,32.66,350.27,200.00,-742.75,0.00,586.12,-569.18
5538,25.59,9.40,27.00,38.22,32.61,127.13,200.00,-716.43,0.00,586.12,-617.00
5539,24.17,9.40,27.00,38.05,32.53,0.00,200.00,-678.51,0.00,586.12,-678.28
5540,22.51,9.40,27.00,37.87,32.43,0.00,200.00,-635.33,0.00,586.12,-750.73
5541,20.72,9.40,27.00,37.67,32.34,0.00,200.00,-588.29,0.00,586.12,-828.69
5542,18.93,9.40,27.00,37.46,32.23,0.00,200.00,-539.09,0.00,586.12,-906.14
5543,17.25,9.40,27.00,37.24,32.12,0.00,200.00,-489.61,0.00,586.12,-977.12
5544,15.62,9.40,27.00,37.00,32.00,0.00,200.00,-439.00,0.00,586.12,-1045.31
5545,14.51,9.40,27.00,36.76,31.88,0.00,200.00,-394.48,0.00,586.12,-1087.59
5546,13.80,9.40,27.00,36.51,31.75,0.00,200.00,-355.22,0.00,586.12,-1109.71
5547,13.56,9.40,27.00,36.26,31.63,0.00,200.00,-322.54,0.00,586.12,-1109.58
5548,13.78,9.40,27.00,36.01,31.51,0.00,200.00,-297.41,0.00,586.12,-1086.60
5549,14.47,9.40,27.00,35.78,31.39,0.00,200.00,-280.27,0.00,586.12,-1041.79
5550,15.56,9.40,27.00,35.61,31.30,122.72,200.00,-276.43,0.00,586.12,-980.06
5551,16.98,9.40,27.00,35.53,31.26,345.15,200.00,-287.47,0.00,586.12,-906.74
5552,18.64,9.40,27.00,35.58,31.29,889.90,200.00,-316.71,0.00,586.12,-828.27
5553,20.41,9.40,27.00,35.80,31.40,2001.68,200.00,-367.95,0.00,586.12,-752.23
5554,22.19,9.40,27.00,36.17,31.59,3151.10,200.00,-437.58,0.00,586.12,-683.65
5555,23.84,9.40,27.00,36.65,31.82,3992.24,200.00,-518.25,0.00,586.12,-626.17
5556,25.24,9.40,27.00,37.15,32.07,4348.58,200.00,-599.90,0.00,586.12,-581.86
5557,26.31,9.40,27.00,37.61,32.31,4040.24,200.00,-670.98,0.00,586.12,-552.64
5558,26.96,9.40,27.00,37.99,32.49,3226.17,200.00,-723.19,0.00,586.12,-539.12
5559,27.15,9.40,27.00,38.22,32.61,2093.96,200.00,-751.01,0.00,586.12,-541.31
5560,26.86,9.40,27.00,38.31,32.65,972.54,200.00,-753.93,0.00,586.12,-559.44
5561,26.11,9.40,27.00,38.29,32.65,347.27,200.00,-739.50,0.00,586.12,-595.29
5562,24.95,9.40,27.00,38.18,32.59,121.56,200.00,-710.74,0.00,586.12,-646.79
5563,23.45,9.40,27.00,38.01,32.50,0.00,200.00,-670.51,0.00,586.12,-711.62
5564,21.71,9.40,27.00,37.82,32.41,0.00,200.00,-625.03,0.00,586.12,-787.32
5565,19.86,9.40,27.00,37.62,32.31,0.00,200.00,-575.71,0.00,586.12,-868.21
5566,18.00,9.40,27.00,37.40,32.20,0.00,200.00,-524.26,0.00,586.12,-948.23
5567,16.27,9.40,27.00,37.17,32.08,0.00,200.00,-472.61,0.00,586.12,-1021.39
5568,14.59,9.40,27.00,36.92,31.96,0.00,200.00,-419.85,0.00,586.12,-1091.52
5569,13.44,9.40,27.00,36.67,31.83,0.00,200.00,-373.33,0.00,586.12,-1135.16
5570,12.71,9.40,27.00,36.41,31.70,0.00,200.00,-332.18,0.00,586.12,-1158.23
5571,12.45,9.40,27.00,36.15,31.57,0.00,200.00,-297.77,0.00,586.12,-1158.58
5572,12.66,9.40,27.00,35.89,31.45,0.00,200.00,-271.05,0.00,586.12,-1135.65
5573,13.34,9.40,27.00,35.65,31.32,0.00,200.00,-252.48,0.00,586.12,-1090.42
5574,14.44,9.40,27.00,35.47,31.23,116.90,200.00,-247.21,0.00,586.12,-1027.73
5575,15.88,9.40,27.00,35.38,31.19,341.97,200.00,-257.07,0.00,586.12,-953.05
5576,17.56,9.40,27.00,35.42,31.21,916.99,200.00,-285.68,0.00,586.12,-872.95
5577,19.38,9.40,27.00,35.64,31.32,2040.68,200.00,-336.63,0.00,586.12,-794.92
5578,21.19,9.40,27.00,36.01,31.50,3193.40,200.00,-406.19,0.00,586.12,-723.96
5579,22.89,9.40,27.00,36.47,31.74,4038.14,200.00,-487.05,0.00,586.12,-663.77
5580,24.36,9.40,27.00,36.97,31.98,4392.98,200.00,-569.09,0.00,586.12,-616.39
5581,25.49,9.40,27.00,37.44,32.22,4081.64,200.00,-640.74,0.00,586.12,-583.81
5582,26.22,9.40,27.00,37.81,32.40,3261.75,200.00,-693.69,0.00,586.12,-566.62
5583,26.48,9.40,27.00,38.04,32.52,2125.29,200.00,-722.40,0.00,586.12,-564.90
5584,26.28,9.40,27.00,38.12,32.56,993.92,200.00,-726.22,0.00,586.12,-578.85
5585,25.61,9.40,27.00,38.10,32.55,345.20,200.00,-712.67,0.00,586.12,-610.28
5586,24.54,9.40,27.00,37.99,32.49,115.90,200.00,-684.94,0.00,586.12,-657.21
5587,23.13,9.40,27.00,37.81,32.41,0.00,200.00,-646.08,0.00,586.12,-717.51
5588,21.49,9.40,27.00,37.63,32.31,0.00,200.00,-602.13,0.00,586.12,-788.67
5589,19.73,9.40,27.00,37.42,32.21,0.00,200.00,-554.48,0.00,586.12,-865.05
5590,17.96,9.40,27.00,37.21,32.10,0.00,200.00,-504.83,0.00,586.12,-940.63
5591,16.32,9.40,27.00,36.98,31.99,0.00,200.00,-455.07,0.00,586.12,-1009.48
5592,14.73,9.40,27.00,36.73,31.87,0.00,200.00,-404.24,0.00,586.12,-1075.59
5593,13.67,9.40,27.00,36.48,31.74,0.00,200.00,-359.76,0.00,586.12,-1115.28
5594,13.02,9.40,27.00,36.23,31.61,0.00,200.00,-320.69,0.00,586.12,-1134.62
5595,12.83,9.40,27.00,35.98,31.49,0.00,200.00,-288.37,0.00,586.12,-1131.54
5596,13.11,9.40,27.00,35.73,31.36,0.00,200.00,-263.75,0.00,586.12,-1105.48
5597,13.86,9.40,27.00,35.49,31.25,0.00,200.00,-247.26,0.00,586.12,-1057.47
5598,15.01,9.40,27.00,35.31,31.16,110.97,200.00,-243.85,0.00,586.12,-992.25
5599,16.50,9.40,27.00,35.23,31.11,338.74,200.00,-255.56,0.00,586.12,-915.48
5600,18.23,9.40,27.00,35.29,31.14,945.33,200.00,-286.32,0.00,586.12,-833.87
5601,20.07,9.40,27.00,35.51,31.26,2080.57,200.00,-339.40,0.00,586.12,-754.78
5602,21.91,9.40,27.00,35.89,31.44,3236.32,200.00,-411.01,0.00,586.12,-683.24
5603,23.63,9.40,27.00,36.37,31.68,4084.66,200.00,-493.78,0.00,586.12,-622.91
5604,25.10,9.40,27.00,36.88,31.94,4437.95,200.00,-577.55,0.00,586.12,-575.84
5605,26.22,9.40,27.00,37.35,32.18,4123.47,200.00,-650.75,0.00,586.12,-544.01
5606,26.93,9.40,27.00,37.74,32.37,3297.61,200.00,-704.98,0.00,586.12,-528.00
5607,27.18,9.40,27.00,37.98,32.49,2157.00,200.00,-734.72,0.00,586.12,-527.86
5608,26.94,9.40,27.00,38.07,32.53,1015.85,200.00,-739.17,0.00,586.12,-543.72
5609,26.24,9.40,27.00,38.05,32.53,343.52,200.00,-725.83,0.00,586.12,-577.38
5610,25.12,9.40,27.00,37.94,32.47,110.13,200.00,-698.04,0.00,586.12,-626.86
5611,23.65,9.40,27.00,37.77,32.39,0.00,200.00,-659.06,0.00,586.12,-690.17
5612,21.95,9.40,27.00,37.59,32.30,0.00,200.00,-614.76,0.00,586.12,-764.66
5613,20.11,9.40,27.00,37.39,32.20,0.00,200.00,-566.55,0.00,586.12,-844.65
5614,18.27,9.40,27.00,37.18,32.09,0.00,200.00,-516.14,0.00,586.12,-924.09
5615,16.55,9.40,27.00,36.95,31.98,0.00,200.00,-465.41,0.00,586.12,-997.01
5616,14.87,9.40,27.00,36.71,31.85,0.00,200.00,-413.39,0.00,586.12,-1067.49
5617,13.72,9.40,27.00,36.46,31.73,0.00,200.00,-367.56,0.00,586.12,-1111.53
5618,12.98,9.40,27.00,36.21,31.60,0.00,200.00,-326.97,0.00,586.12,-1135.31
5619,12.70,9.40,27.00,35.95,31.48,0.00,200.00,-292.99,0.00,586.12,-1136.69
5620,12.89,9.40,27.00,35.70,31.35,0.00,200.00,-266.55,0.00,586.12,-1115.09
5621,13.54,9.40,27.00,35.46,31.23,0.00,200.00,-248.12,0.00,586.12,-1071.49
5622,14.60,9.40,27.00,35.28,31.14,104.94,200.00,-242.49,0.00,586.12,-1010.47
5623,16.00,9.40,27.00,35.19,31.09,336.21,200.00,-251.95,0.00,586.12,-937.80
5624,17.64,9.40,27.00,35.24,31.12,974.94,200.00,-280.76,0.00,586.12,-860.27
5625,19.40,9.40,27.00,35.47,31.23,2121.35,200.00,-331.96,0.00,586.12,-785.08
5626,21.17,9.40,27.00,35.84,31.42,3279.84,200.00,-401.68,0.00,586.12,-717.19
5627,22.81,9.40,27.00,36.31,31.66,4131.76,200.00,-482.58,0.00,586.12,-660.21
5628,24.21,9.40,27.00,36.82,31.91,4483.46,200.00,-564.48,0.00,586.12,-616.16
5629,25.28,9.40,27.00,37.29,32.14,4165.70,200.00,-635.80,0.00,586.12,-586.99
5630,25.94,9.40,27.00,37.67,32.33,3333.72,200.00,-688.15,0.00,586.12,-573.23
5631,26.14,9.40,27.00,37.90,32.45,2189.06,200.00,-716.05,0.00,586.12,-574.91
5632,25.87,9.40,27.00,37.98,32.49,1038.34,200.00,-718.56,0.00,586.12,-592.08
5633,25.14,9.40,27.00,37.95,32.48,342.23,200.00,-703.18,0.00,586.12,-626.54
5634,24.00,9.40,27.00,37.83,32.42,104.26,200.00,-673.45,0.00,586.12,-676.31
5635,22.52,9.40,27.00,37.65,32.33,0.00,200.00,-632.87,0.00,586.12,-739.58
5636,20.82,9.40,27.00,37.46,32.23,0.00,200.00,-587.16,0.00,586.12,-813.59
5637,18.99,9.40,27.00,37.25,32.13,0.00,200.00,-537.71,0.00,586.12,-892.64
5638,17.17,9.40,27.00,37.03,32.02,0.00,200.00,-486.26,0.00,586.12,-970.71
5639,15.48,9.40,27.00,36.80,31.90,0.00,200.00,-434.70,0.00,586.12,-1041.84
5640,13.83,9.40,27.00,36.55,31.77,0.00,200.00,-382.02,0.00,586.12,-1110.26
5641,12.73,9.40,27.00,36.29,31.64,0.00,200.00,-335.79,0.00,586.12,-1151.72
5642,12.04,9.40,27.00,36.03,31.51,0.00,200.00,-295.02,0.00,586.12,-1172.56
5643,11.82,9.40,27.00,35.77,31.38,0.00,200.00,-261.08,0.00,586.12,-1170.68
5644,12.08,9.40,27.00,35.51,31.26,0.00,200.00,-234.90,0.00,586.12,-1145.51
5645,12.80,9.40,27.00,35.27,31.13,0.00,200.00,-216.95,0.00,586.12,-1098.08
5646,13.94,9.40,27.00,35.07,31.04,98.83,200.00,-211.82,0.00,586.12,-1032.91
5647,15.43,9.40,27.00,34.98,30.99,334.98,200.00,-222.06,0.00,586.12,-955.95
5648,17.15,9.40,27.00,35.03,31.02,1005.82,200.00,-252.22,0.00,586.12,-874.15
5649,19.00,9.40,27.00,35.26,31.13,2163.02,200.00,-305.05,0.00,586.12,-794.63
5650,20.86,9.40,27.00,35.64,31.32,3323.96,200.00,-376.60,0.00,586.12,-722.36
5651,22.59,9.40,27.00,36.11,31.56,4179.44,200.00,-459.50,0.00,586.12,-661.01
5652,24.09,9.40,27.00,36.62,31.81,4529.50,200.00,-543.50,0.00,586.12,-612.62
5653,25.25,9.40,27.00,37.10,32.05,4208.32,200.00,-617.02,0.00,586.12,-579.17
5654,26.00,9.40,27.00,37.48,32.24,3370.09,200.00,-671.61,0.00,586.12,-561.24
5655,26.29,9.40,27.00,37.72,32.36,2221.48,200.00,-701.77,0.00,586.12,-558.89
5656,26.10,9.40,27.00,37.80,32.40,1061.36,200.00,-706.40,0.00,586.12,-572.17
5657,25.45,9.40,27.00,37.78,32.39,341.32,200.00,-692.96,0.00,586.12,-602.89
5658,24.38,9.40,27.00,37.66,32.33,98.31,200.00,-665.14,0.00,586.12,-649.15
5659,22.98,9.40,27.00,37.49,32.25,0.00,200.00,-626.62,0.00,586.12,-709.34
5660,21.34,9.40,27.00,37.31,32.15,0.00,200.00,-582.94,0.00,586.12,-780.62
5661,19.57,9.40,27.00,37.11,32.05,0.00,200.00,-535.48,0.00,586.12,-857.32
5662,17.80,9.40,27.00,36.89,31.95,0.00,200.00,-485.94,0.00,586.12,-933.43
5663,16.14,9.40,27.00,36.66,31.83,0.00,200.00,-436.21,0.00,586.12,-1003.01
5664,14.52,9.40,27.00,36.42,31.71,0.00,200.00,-385.20,0.00,586.12,-1070.46
5665,13.44,9.40,27.00,36.17,31.59,0.00,200.00,-340.56,0.00,586.12,-1111.25
5666,12.76,9.40,27.00,35.92,31.46,0.00,200.00,-301.23,0.00,586.12,-1131.87
5667,12.54,9.40,27.00,35.67,31.33,0.00,200.00,-268.56,0.00,586.12,-1130.22
5668,12.80,9.40,27.00,35.42,31.21,0.00,200.00,-243.49,0.00,586.12,-1105.74
5669,13.51,9.40,27.00,35.18,31.09,0.00,200.00,-226.46,0.00,586.12,-1059.43
5670,14.63,9.40,27.00,35.00,31.00,92.64,200.00,-221.89,0.00,586.12,-995.69
5671,16.08,9.40,27.00,34.91,30.96,334.55,200.00,-232.57,0.00,586.12,-920.66
5672,17.76,9.40,27.00,34.97,30.99,1037.97,200.00,-263.33,0.00,586.12,-841.31
5673,19.56,9.40,27.00,35.20,31.10,2205.56,200.00,-316.66,0.00,586.12,-764.67
5674,21.36,9.40,27.00,35.59,31.29,3368.66,200.00,-388.50,0.00,586.12,-695.62
5675,23.03,9.40,27.00,36.08,31.54,4227.68,200.00,-471.49,0.00,586.12,-637.81
5676,24.45,9.40,27.00,36.59,31.80,4576.05,200.00,-555.35,0.00,586.12,-593.22
5677,25.54,9.40,27.00,37.07,32.04,4251.32,200.00,-628.48,0.00,586.12,-563.83
5678,26.21,9.40,27.00,37.46,32.23,3406.69,200.00,-682.40,0.00,586.12,-550.12
5679,26.41,9.40,27.00,37.70,32.35,2254.23,200.00,-711.64,0.00,586.12,-552.13
5680,26.13,9.40,27.00,37.79,32.39,1084.92,200.00,-714.97,0.00,586.12,-569.79
5681,25.39,9.40,27.00,37.76,32.38,340.79,200.00,-699.85,0.00,586.12,-604.89
5682,24.23,9.40,27.00,37.64,32.32,92.29,200.00,-670.12,0.00,586.12,-655.49
5683,22.74,9.40,27.00,37.47,32.23,0.00,200.00,-629.74,0.00,586.12,-720.14
5684,21.00,9.40,27.00,37.28,32.14,0.00,200.00,-584.06,0.00,586.12,-795.80
5685,19.14,9.40,27.00,37.08,32.04,0.00,200.00,-534.51,0.00,586.12,-876.79
5686,17.28,9.40,27.00,36.86,31.93,0.00,200.00,-482.80,0.00,586.12,-957.04
5687,15.54,9.40,27.00,36.62,31.81,0.00,200.00,-430.84,0.00,586.12,-1030.56
5688,13.83,9.40,27.00,36.38,31.69,0.00,200.00,-377.52,0.00,586.12,-1101.85
5689,12.67,9.40,27.00,36.12,31.56,0.00,200.00,-330.58,0.00,586.12,-1146.09
5690,11.93,9.40,27.00,35.86,31.43,0.00,200.00,-288.96,0.00,586.12,-1169.85
5691,11.64,9.40,27.00,35.60,31.30,0.00,200.00,-254.03,0.00,586.12,-1171.01
5692,11.84,9.40,27.00,35.34,31.17,0.00,200.00,-226.73,0.00,586.12,-1148.96
5693,12.50,9.40,27.00,35.10,31.05,0.00,200.00,-207.56,0.00,586.12,-1104.71
5694,13.57,9.40,27.00,34.90,30.95,86.39,200.00,-200.72,0.00,586.12,-1042.51
5695,14.99,9.40,27.00,34.80,30.90,334.96,200.00,-209.33,0.00,586.12,-968.65
5696,16.64,9.40,27.00,34.86,30.93,1071.41,200.00,-238.54,0.00,586.12,-890.20
5697,18.43,9.40,27.00,35.08,31.04,2248.97,200.00,-290.54,0.00,586.12,-814.04
5698,20.22,9.40,27.00,35.46,31.23,3413.91,200.00,-361.24,0.00,586.12,-745.04
5699,21.89,9.40,27.00,35.94,31.47,4276.46,200.00,-443.28,0.00,586.12,-686.83
5700,23.33,9.40,27.00,36.45,31.73,4623.11,200.00,-526.34,0.00,586.12,-641.39
5701,24.43,9.40,27.00,36.93,31.96,4294.69,200.00,-598.83,0.00,586.12,-610.70
5702,25.13,9.40,27.00,37.31,32.15,3443.51,200.00,-652.25,0.00,586.12,-595.26
5703,25.37,9.40,27.00,37.55,32.27,2287.31,200.00,-681.16,0.00,586.12,-595.11
5704,25.14,9.40,27.00,37.62,32.31,1104.48,200.00,-684.13,0.00,586.12,-610.14
5705,24.45,9.40,27.00,37.59,32.30,340.63,200.00,-668.69,0.00,586.12,-642.17
5706,23.36,9.40,27.00,37.46,32.23,86.19,200.00,-638.83,0.00,586.12,-689.34
5707,21.93,9.40,27.00,37.28,32.14,0.00,200.00,-598.70,0.00,586.12,-750.37
5708,20.27,9.40,27.00,37.09,32.04,0.00,200.00,-553.51,0.00,586.12,-822.16
5709,18.49,9.40,27.00,36.88,31.94,0.00,200.00,-504.65,0.00,586.12,-899.06
5710,16.71,9.40,27.00,36.66,31.83,0.00,200.00,-453.84,0.00,586.12,-975.04
5711,15.06,9.40,27.00,36.42,31.71,0.00,200.00,-402.97,0.00,586.12,-1044.17
5712,13.44,9.40,27.00,36.17,31.59,0.00,200.00,-350.87,0.00,586.12,-1111.10
5713,12.37,9.40,27.00,35.91,31.46,0.00,200.00,-305.37,0.00,586.12,-1150.80
5714,11.72,9.40,27.00,35.65,31.33,0.00,200.00,-265.33,0.00,586.12,-1170.03
5715,11.53,9.40,27.00,35.39,31.20,0.00,200.00,-232.12,0.00,586.12,-1166.69
5716,11.81,9.40,27.00,35.14,31.07,0.00,200.00,-206.66,0.00,586.12,-1140.24
5717,12.56,9.40,27.00,34.90,30.95,0.00,200.00,-189.42,0.00,586.12,-1091.72
5718,13.72,9.40,27.00,34.70,30.85,80.11,200.00,-184.41,0.00,586.12,-1025.30
5719,15.22,9.40,27.00,34.61,30.80,336.21,200.00,-195.00,0.00,586.12,-947.52
5720,16.96,9.40,27.00,34.67,30.83,1100.75,200.00,-226.58,0.00,586.12,-865.54
5721,18.82,9.40,27.00,34.91,30.95,2293.24,200.00,-281.10,0.00,586.12,-786.19
5722,20.68,9.40,27.00,35.29,31.15,3459.71,200.00,-354.32,0.00,586.12,-714.33
5723,22.41,9.40,27.00,35.78,31.39,4325.77,200.00,-438.87,0.00,586.12,-653.62
5724,23.90,9.40,27.00,36.30,31.65,4670.65,200.00,-524.36,0.00,586.12,-606.05
5725,25.06,9.40,27.00,36.79,31.90,4338.40,200.00,-599.18,0.00,586.12,-573.63
5726,25.79,9.40,27.00,37.18,32.09,3480.55,200.00,-654.75,0.00,586.12,-556.84
5727,26.06,9.40,27.00,37.43,32.22,2320.70,200.00,-685.64,0.00,586.12,-555.76
5728,25.85,9.40,27.00,37.51,32.26,1121.87,200.00,-690.21,0.00,586.12,-570.20
5729,25.17,9.40,27.00,37.49,32.24,340.83,200.00,-676.06,0.00,586.12,-602.02
5730,24.08,9.40,27.00,37.37,32.18,80.05,200.00,-647.26,0.00,586.12,-649.37
5731,22.64,9.40,27.00,37.19,32.10,0.00,200.00,-608.18,0.00,586.12,-711.15
5732,20.97,9.40,27.00,37.01,32.00,0.00,200.00,-563.85,0.00,586.12,-784.13
5733,19.16,9.40,27.00,36.81,31.90,0.00,200.00,-515.65,0.00,586.12,-862.64
5734,17.35,9.40,27.00,36.59,31.80,0.00,200.00,-465.29,0.00,586.12,-940.66
5735,15.65,9.40,27.00,36.36,31.68,0.00,200.00,-414.66,0.00,586.12,-1012.21
5736,13.98,9.40,27.00,36.12,31.56,0.00,200.00,-362.55,0.00,586.12,-1082.04
5737,12.85,9.40,27.00,35.87,31.43,0.00,200.00,-316.86,0.00,586.12,-1124.86
5738,12.13,9.40,27.00,35.61,31.30,0.00,200.00,-276.42,0.00,586.12,-1147.51
5739,11.87,9.40,27.00,35.35,31.18,0.00,200.00,-242.59,0.00,586.12,-1147.87
5740,12.08,9.40,27.00,35.10,31.05,0.00,200.00,-216.31,0.00,586.12,-1125.35
5741,12.75,9.40,27.00,34.86,30.93,0.00,200.00,-198.05,0.00,586.12,-1080.95
5742,13.82,9.40,27.00,34.66,30.83,73.81,200.00,-191.65,0.00,586.12,-1018.70
5743,15.23,9.40,27.00,34.57,30.79,338.29,200.00,-200.77,0.00,586.12,-945.25
5744,16.88,9.40,27.00,34.63,30.82,1127.00,200.00,-231.02,0.00,586.12,-867.81
5745,18.65,9.40,27.00,34.87,30.94,2338.34,200.00,-284.25,0.00,586.12,-793.09
5746,20.41,9.40,27.00,35.26,31.13,3506.04,200.00,-356.04,0.00,586.12,-725.84
5747,22.05,9.40,27.00,35.75,31.38,4375.59,200.00,-439.05,0.00,586.12,-669.67
5748,23.45,9.40,27.00,36.27,31.64,4718.66,200.00,-522.88,0.00,586.12,-626.52
5749,24.52,9.40,27.00,36.76,31.88,4382.45,200.00,-595.90,0.00,586.12,-598.36
5750,25.16,9.40,27.00,37.14,32.07,3517.78,200.00,-649.55,0.00,586.12,-585.61
5751,25.35,9.40,27.00,37.39,32.19,2354.40,200.00,-678.43,0.00,586.12,-588.31
5752,25.07,9.40,27.00,37.47,32.23,1139.43,200.00,-680.70,0.00,586.12,-606.14
5753,24.32,9.40,27.00,37.43,32.22,341.39,200.00,-664.11,0.00,586.12,-640.98
5754,23.16,9.40,27.00,37.30,32.15,73.87,200.00,-632.82,0.00,586.12,-690.95
5755,21.67,9.40,27.00,37.12,32.06,0.00,200.00,-591.50,0.00,586.12,-755.11
5756,19.94,9.40,27.00,36.92,31.96,0.00,200.00,-545.00,0.00,586.12,-830.07
5757,18.09,9.40,27.00,36.71,31.86,0.00,200.00,-494.72,0.00,586.12,-910.16
5758,16.25,9.40,27.00,36.49,31.74,0.00,200.00,-442.40,0.00,586.12,-989.32
5759,14.53,9.40,27.00,36.25,31.62,0.00,200.00,-389.94,0.00,586.12,-1061.57
5760,12.84,9.40,27.00,35.99,31.50,0.00,200.00,-336.11,0.00,586.12,-1131.79
5761,11.71,9.40,27.00,35.73,31.37,0.00,200.00,-288.89,0.00,586.12,-1174.42
5762,10.99,9.40,27.00,35.47,31.23,0.00,200.00,-247.10,0.00,586.12,-1196.43
5763,10.74,9.40,27.00,35.20,31.10,0.00,200.00,-212.12,0.00,586.12,-1195.70
5764,10.97,9.40,27.00,34.94,30.97,0.00,200.00,-184.88,0.00,586.12,-1171.67
5765,11.67,9.40,27.00,34.69,30.85,0.00,200.00,-165.87,0.00,586.12,-1125.34
5766,12.79,9.40,27.00,34.49,30.74,69.61,200.00,-158.79,0.00,586.12,-1060.67
5767,14.24,9.40,27.00,34.39,30.69,341.22,200.00,-167.51,0.00,586.12,-984.48
5768,15.95,9.40,27.00,34.44,30.72,1153.88,200.00,-197.80,0.00,586.12,-904.03
5769,17.78,9.40,27.00,34.67,30.84,2384.28,200.00,-251.45,0.00,586.12,-826.03
5770,19.61,9.40,27.00,35.06,31.03,3552.88,200.00,-323.88,0.00,586.12,-755.22
5771,21.33,9.40,27.00,35.55,31.27,4425.90,200.00,-407.77,0.00,586.12,-695.26
5772,22.81,9.40,27.00,36.06,31.53,4760.57,200.00,-492.61,0.00,586.12,-648.08
5773,23.95,9.40,27.00,36.55,31.77,4426.82,200.00,-566.86,0.00,586.12,-615.72
5774,24.69,9.40,27.00,36.94,31.97,3555.20,200.00,-621.86,0.00,586.12,-598.62
5775,24.97,9.40,27.00,37.18,32.09,2388.39,200.00,-652.23,0.00,586.12,-596.88
5776,24.78,9.40,27.00,37.26,32.13,1157.17,200.00,-656.02,0.00,586.12,-610.17
5777,24.12,9.40,27.00,37.22,32.11,342.30,200.00,-640.94,0.00,586.12,-640.42
5778,23.06,9.40,27.00,37.09,32.04,69.80,200.00,-611.27,0.00,586.12,-685.82
5779,21.66,9.40,27.00,36.91,31.95,0.00,200.00,-571.79,0.00,586.12,-745.60
5780,20.02,9.40,27.00,36.72,31.86,0.00,200.00,-527.23,0.00,586.12,-816.32
5781,18.26,9.40,27.00,36.51,31.76,0.00,200.00,-478.96,0.00,586.12,-892.35
5782,16.49,9.40,27.00,36.29,31.65,0.00,200.00,-428.70,0.00,586.12,-967.67
5783,14.85,9.40,27.00,36.06,31.53,0.00,200.00,-378.33,0.00,586.12,-1036.34
5784,13.24,9.40,27.00,35.81,31.40,0.00,200.00,-326.57,0.00,586.12,-1103.38
5785,12.17,9.40,27.00,35.55,31.28,0.00,200.00,-281.44,0.00,586.12,-1143.05
5786,11.51,9.40,27.00,35.30,31.15,0.00,200.00,-241.70,0.00,586.12,-1162.46
5787,11.32,9.40,27.00,35.04,31.02,0.00,200.00,-208.71,0.00,586.12,-1159.51
5788,11.59,9.40,27.00,34.79,30.89,0.00,200.00,-183.39,0.00,586.12,-1133.67
5789,12.33,9.40,27.00,34.54,30.77,0.00,200.00,-166.19,0.00,586.12,-1085.94
5790,13.47,9.40,27.00,34.35,30.67,69.62,200.00,-160.81,0.00,586.12,-1020.30
5791,14.95,9.40,27.00,34.25,30.63,344.98,200.00,-171.05,0.00,586.12,-943.56
5792,16.66,9.40,27.00,34.32,30.66,1181.39,200.00,-202.93,0.00,586.12,-863.08
5793,18.49,9.40,27.00,34.56,30.78,2431.04,200.00,-258.16,0.00,586.12,-785.57
5794,20.31,9.40,27.00,34.96,30.98,3600.21,200.00,-332.00,0.00,586.12,-715.69
5795,22.01,9.40,27.00,35.45,31.23,4476.69,200.00,-417.12,0.00,586.12,-657.11
5796,23.47,9.40,27.00,35.98,31.49,4801.81,200.00,-502.90,0.00,586.12,-611.70
5797,24.58,9.40,27.00,36.47,31.74,4471.50,200.00,-577.91,0.00,586.12,-581.54
5798,25.27,9.40,27.00,36.87,31.93,3592.80,200.00,-633.39,0.00,586.12,-566.99
5799,25.50,9.40,27.00,37.12,32.06,2422.66,200.00,-663.98,0.00,586.12,-568.15
5800,25.24,9.40,27.00,37.20,32.10,1175.06,200.00,-667.63,0.00,586.12,-584.62
5801,24.52,9.40,27.00,37.17,32.09,343.54,200.00,-652.03,0.00,586.12,-618.28
5802,23.38,9.40,27.00,37.04,32.02,69.99,200.00,-621.70,0.00,586.12,-667.41
5803,21.91,9.40,27.00,36.86,31.93,0.00,200.00,-581.36,0.00,586.12,-731.15
5804,20.18,9.40,27.00,36.67,31.84,0.00,200.00,-535.74,0.00,586.12,-806.03
5805,18.34,9.40,27.00,36.47,31.73,0.00,200.00,-486.22,0.00,586.12,-886.35
5806,16.48,9.40,27.00,36.25,31.62,0.00,200.00,-434.54,0.00,586.12,-966.08
5807,14.75,9.40,27.00,36.01,31.51,0.00,200.00,-382.58,0.00,586.12,-1039.21
5808,13.04,9.40,27.00,35.76,31.38,0.00,200.00,-329.04,0.00,586.12,-1110.84
5809,11.88,9.40,27.00,35.51,31.25,0.00,200.00,-282.03,0.00,586.12,-1154.95
5810,11.13,9.40,27.00,35.25,31.12,0.00,200.00,-240.30,0.00,586.12,-1178.72
5811,10.84,9.40,27.00,34.98,30.99,0.00,200.00,-205.22,0.00,586.12,-1180.02
5812,11.03,9.40,27.00,34.73,30.86,0.00,200.00,-177.74,0.00,586.12,-1158.25
5813,11.68,9.40,27.00,34.48,30.74,0.00,200.00,-158.33,0.00,586.12,-1114.40
5814,12.74,9.40,27.00,34.27,30.64,69.65,200.00,-150.66,0.00,586.12,-1052.38
5815,14.15,9.40,27.00,34.17,30.59,349.58,200.00,-158.58,0.00,586.12,-978.95
5816,15.79,9.40,27.00,34.23,30.62,1209.52,200.00,-188.34,0.00,586.12,-901.55
5817,17.55,9.40,27.00,34.47,30.73,2478.60,200.00,-241.64,0.00,586.12,-826.83
5818,19.32,9.40,27.00,34.86,30.93,3648.01,200.00,-313.61,0.00,586.12,-759.38
5819,20.97,9.40,27.00,35.35,31.18,4527.93,200.00,-396.95,0.00,586.12,-702.83
5820,22.39,9.40,27.00,35.87,31.43,4843.26,200.00,-480.94,0.00,586.12,-659.02
5821,23.47,9.40,27.00,36.35,31.68,4516.46,200.00,-554.30,0.00,586.12,-630.02
5822,24.14,9.40,27.00,36.74,31.87,3630.55,200.00,-608.20,0.00,586.12,-616.18
5823,24.35,9.40,27.00,36.98,31.99,2457.20,200.00,-637.32,0.00,586.12,-617.58
5824,24.09,9.40,27.00,37.06,32.03,1193.11,200.00,-639.52,0.00,586.12,-633.79
5825,23.38,9.40,27.00,37.01,32.01,345.12,200.00,-622.49,0.00,586.12,-666.68
5826,22.25,9.40,27.00,36.87,31.94,70.27,200.00,-590.98,0.00,586.12,-714.64
5827,20.80,9.40,27.00,36.69,31.84,0.00,200.00,-549.71,0.00,586.12,-776.81
5828,19.11,9.40,27.00,36.49,31.75,0.00,200.00,-503.37,0.00,586.12,-849.69
5829,17.30,9.40,27.00,36.28,31.64,0.00,200.00,-453.35,0.00,586.12,-927.62
5830,15.50,9.40,27.00,36.05,31.53,0.00,200.00,-401.38,0.00,586.12,-1004.58
5831,13.82,9.40,27.00,35.81,31.40,0.00,200.00,-349.36,0.00,586.12,-1074.61
5832,12.17,9.40,27.00,35.55,31.28,0.00,200.00,-295.95,0.00,586.12,-1142.94
5833,11.08,9.40,27.00,35.29,31.15,0.00,200.00,-249.32,0.00,586.12,-1183.35
5834,10.41,9.40,27.00,35.03,31.01,0.00,200.00,-208.18,0.00,586.12,-1203.18
5835,10.20,9.40,27.00,34.76,30.88,0.00,200.00,-173.89,0.00,586.12,-1200.33
5836,10.48,9.40,27.00,34.50,30.75,0.00,200.00,-147.41,0.00,586.12,-1174.26
5837,11.22,9.40,27.00,34.25,30.63,0.00,200.00,-129.17,0.00,586.12,-1125.98
5838,12.37,9.40,27.00,34.04,30.52,69.69,200.00,-122.82,0.00,586.12,-1059.45
5839,13.86,9.40,27.00,33.94,30.47,355.01,200.00,-132.13,0.00,586.12,-981.45
5840,15.60,9.40,27.00,34.01,30.50,1238.24,200.00,-164.09,0.00,586.12,-899.78
5841,17.46,9.40,27.00,34.25,30.63,2526.94,200.00,-219.94,0.00,586.12,-820.95
5842,19.32,9.40,27.00,34.65,30.83,3696.26,200.00,-294.56,0.00,586.12,-749.50
5843,21.06,9.40,27.00,35.15,31.08,4579.61,200.00,-380.65,0.00,586.12,-689.09
5844,22.56,9.40,27.00,35.68,31.34,4884.92,200.00,-467.34,0.00,586.12,-641.59
5845,23.72,9.40,27.00,36.18,31.59,4561.70,200.00,-543.48,0.00,586.12,-609.14
5846,24.47,9.40,27.00,36.58,31.79,3668.44,200.00,-600.07,0.00,586.12,-592.07
5847,24.75,9.40,27.00,36.83,31.92,2491.99,200.00,-631.79,0.00,586.12,-590.51
5848,24.56,9.40,27.00,36.92,31.96,1248.31,200.00,-636.47,0.00,586.12,-604.09
5849,23.90,9.40,27.00,36.88,31.94,347.00,200.00,-621.19,0.00,586.12,-634.36
5850,22.83,9.40,27.00,36.75,31.87,70.64,200.00,-591.49,0.00,586.12,-680.14
5851,21.42,9.40,27.00,36.57,31.79,0.00,200.00,-551.98,0.00,586.12,-740.53
5852,19.77,9.40,27.00,36.38,31.69,0.00,200.00,-507.30,0.00,586.12,-812.07
5853,17.99,9.40,27.00,36.17,31.59,0.00,200.00,-458.83,0.00,586.12,-889.10
5854,16.20,9.40,27.00,35.95,31.48,0.00,200.00,-408.27,0.00,586.12,-965.60
5855,14.53,9.40,27.00,35.72,31.36,0.00,200.00,-357.52,0.00,586.12,-1035.62
5856,12.88,9.40,27.00,35.47,31.24,0.00,200.00,-305.18,0.00,586.12,-1104.50
5857,11.78,9.40,27.00,35.22,31.11,0.00,200.00,-259.47,0.00,586.12,-1145.79
5858,11.09,9.40,27.00,34.96,30.98,0.00,200.00,-219.07,0.00,586.12,-1166.94
5859,10.85,9.40,27.00,34.70,30.85,0.00,200.00,-185.32,0.00,586.12,-1165.84
5860,11.09,9.40,27.00,34.45,30.72,0.00,200.00,-159.17,0.00,586.12,-1141.92
5861,11.78,9.40,27.00,34.20,30.60,0.00,200.00,-141.06,0.00,586.12,-1096.17
5862,12.88,9.40,27.00,34.00,30.50,69.77,200.00,-134.61,0.00,586.12,-1032.52
5863,14.31,9.40,27.00,33.90,30.45,361.25,200.00,-143.58,0.00,586.12,-957.69
5864,15.98,9.40,27.00,33.97,30.49,1267.56,200.00,-175.30,0.00,586.12,-879.63
5865,17.77,9.40,27.00,34.23,30.61,2575.31,200.00,-230.87,0.00,586.12,-804.73
5866,19.55,9.40,27.00,34.63,30.82,3744.94,200.00,-305.02,0.00,586.12,-737.43
5867,21.20,9.40,27.00,35.14,31.07,4624.35,200.00,-390.37,0.00,586.12,-681.35
5868,22.61,9.40,27.00,35.67,31.34,4926.76,200.00,-476.11,0.00,586.12,-638.29
5869,23.69,9.40,27.00,36.17,31.59,4602.18,200.00,-551.10,0.00,586.12,-610.38
5870,24.34,9.40,27.00,36.57,31.79,3706.47,200.00,-606.34,0.00,586.12,-597.89
5871,24.53,9.40,27.00,36.83,31.91,2527.02,200.00,-636.52,0.00,586.12,-600.89
5872,24.25,9.40,27.00,36.91,31.96,1266.95,200.00,-639.36,0.00,586.12,-618.93
5873,23.50,9.40,27.00,36.87,31.93,349.19,200.00,-621.87,0.00,586.12,-653.46
5874,22.34,9.40,27.00,36.73,31.86,71.12,200.00,-589.94,0.00,586.12,-703.43
5875,20.84,9.40,27.00,36.55,31.77,0.00,200.00,-548.16,0.00,586.12,-767.85
5876,19.10,9.40,27.00,36.35,31.68,0.00,200.00,-501.16,0.00,586.12,-843.20
5877,17.24,9.40,27.00,36.14,31.57,0.00,200.00,-450.35,0.00,586.12,-923.79
5878,15.38,9.40,27.00,35.91,31.46,0.00,200.00,-397.45,0.00,586.12,-1003.58
5879,13.65,9.40,27.00,35.67,31.33,0.00,200.00,-344.36,0.00,586.12,-1076.55
5880,11.93,9.40,27.00,35.41,31.21,0.00,200.00,-289.70,0.00,586.12,-1148.15
5881,10.77,9.40,27.00,35.15,31.08,0.00,200.00,-241.75,0.00,586.12,-1191.68
5882,10.03,9.40,27.00,34.88,30.94,0.00,200.00,-199.19,0.00,586.12,-1214.67
5883,9.76,9.40,27.00,34.61,30.81,0.00,200.00,-163.39,0.00,586.12,-1214.99
5884,9.96,9.40,27.00,34.35,30.68,0.00,200.00,-135.30,0.00,586.12,-1192.05
5885,10.64,9.40,27.00,34.10,30.55,0.00,200.00,-115.39,0.00,586.12,-1146.85
5886,11.72,9.40,27.00,33.89,30.44,69.86,200.00,-107.25,0.00,586.12,-1083.28
5887,13.15,9.40,27.00,33.78,30.39,368.28,200.00,-114.66,0.00,586.12,-1008.06
5888,14.83,9.40,27.00,33.84,30.42,1297.44,200.00,-145.32,0.00,586.12,-929.30
5889,16.63,9.40,27.00,34.09,30.54,2615.39,200.00,-200.14,0.00,586.12,-853.30
5890,18.44,9.40,27.00,34.49,30.74,3794.04,200.00,-273.80,0.00,586.12,-784.51
5891,20.12,9.40,27.00,34.99,30.99,4668.84,200.00,-358.84,0.00,586.12,-726.49
5892,21.58,9.40,27.00,35.51,31.26,4968.76,200.00,-444.43,0.00,586.12,-681.12
5893,22.70,9.40,27.00,36.01,31.51,4640.68,200.00,-519.46,0.00,586.12,-650.51
5894,23.42,9.40,27.00,36.41,31.70,3744.62,200.00,-574.95,0.00,586.12,-634.97
5895,23.67,9.40,27.00,36.66,31.83,2561.39,200.00,-605.54,0.00,586.12,-634.59
5896,23.46,9.40,27.00,36.74,31.87,1285.70,200.00,-608.85,0.00,586.12,-648.91
5897,22.79,9.40,27.00,36.69,31.84,351.67,200.00,-591.79,0.00,586.12,-679.38
5898,21.71,9.40,27.00,36.54,31.77,71.73,200.00,-560.57,0.00,586.12,-725.14
5899,20.29,9.40,27.00,36.36,31.68,0.00,200.00,-519.74,0.00,586.12,-785.20
5900,18.65,9.40,27.00,36.16,31.58,0.00,200.00,-473.89,0.00,586.12,-856.09
5901,16.88,9.40,27.00,35.95,31.47,0.00,200.00,-424.39,0.00,586.12,-932.16
5902,15.11,9.40,27.00,35.72,31.36,0.00,200.00,-372.96,0.00,586.12,-1007.38
5903,13.47,9.40,27.00,35.48,31.24,0.00,200.00,-321.50,0.00,586.12,-1075.83
5904,11.84,9.40,27.00,35.22,31.11,0.00,200.00,-268.55,0.00,586.12,-1143.06
5905,10.77,9.40,27.00,34.96,30.98,0.00,200.00,-222.45,0.00,586.12,-1182.23
5906,10.12,9.40,27.00,34.70,30.85,0.00,200.00,-181.83,0.00,586.12,-1201.01
5907,9.94,9.40,27.00,34.43,30.72,0.00,200.00,-148.04,0.00,586.12,-1197.32
5908,10.22,9.40,27.00,34.17,30.59,0.00,200.00,-122.00,0.00,586.12,-1170.61
5909,10.97,9.40,27.00,33.92,30.46,0.00,200.00,-104.17,0.00,586.12,-1121.91
5910,12.13,9.40,27.00,33.72,30.36,69.99,200.00,-98.09,0.00,586.12,-1055.13
5911,13.63,9.40,27.00,33.62,30.31,376.09,200.00,-107.53,0.00,586.12,-977.03
5912,15.36,9.40,27.00,33.69,30.34,1327.87,200.00,-140.49,0.00,586.12,-895.87
5913,17.21,9.40,27.00,33.94,30.47,2655.82,200.00,-197.64,0.00,586.12,-817.92
5914,19.06,9.40,27.00,34.35,30.68,3843.52,200.00,-273.64,0.00,586.12,-747.61
5915,20.78,9.40,27.00,34.87,30.93,4713.49,200.00,-360.84,0.00,586.12,-688.48
5916,22.26,9.40,27.00,35.40,31.20,5010.91,200.00,-448.45,0.00,586.12,-642.43
5917,23.40,9.40,27.00,35.91,31.46,4679.24,200.00,-525.32,0.00,586.12,-611.58
5918,24.12,9.40,27.00,36.32,31.66,3782.87,200.00,-582.46,0.00,586.12,-596.24
5919,24.38,9.40,27.00,36.58,31.79,2589.33,200.00,-614.43,0.00,586.12,-596.46
5920,24.15,9.40,27.00,36.66,31.83,1304.55,200.00,-618.84,0.00,586.12,-611.80
5921,23.46,9.40,27.00,36.62,31.81,354.42,200.00,-602.42,0.00,586.12,-643.60
5922,22.35,9.40,27.00,36.49,31.74,72.49,200.00,-571.73,0.00,586.12,-691.16
5923,20.89,9.40,27.00,36.31,31.65,0.00,200.00,-531.21,0.00,586.12,-753.44
5924,19.20,9.40,27.00,36.11,31.56,0.00,200.00,-485.45,0.00,586.12,-826.92
5925,17.37,9.40,27.00,35.91,31.45,0.00,200.00,-435.85,0.00,586.12,-905.92
5926,15.54,9.40,27.00,35.68,31.34,0.00,200.00,-384.09,0.00,586.12,-984.41
5927,13.83,9.40,27.00,35.44,31.22,0.00,200.00,-332.09,0.00,586.12,-1056.41
5928,12.13,9.40,27.00,35.19,31.10,0.00,200.00,-278.36,0.00,586.12,-1127.55
5929,10.98,9.40,27.00,34.93,30.97,0.00,200.00,-231.31,0.00,586.12,-1170.74
5930,10.25,9.40,27.00,34.67,30.84,0.00,200.00,-189.55,0.00,586.12,-1193.71
5931,9.97,9.40,27.00,34.41,30.70,0.00,200.00,-154.42,0.00,586.12,-1194.35
5932,10.17,9.40,27.00,34.15,30.57,0.00,200.00,-126.88,0.00,586.12,-1172.04
5933,10.83,9.40,27.00,33.90,30.45,0.00,200.00,-107.39,0.00,586.12,-1127.80
5934,11.89,9.40,27.00,33.69,30.34,70.14,200.00,-99.48,0.00,586.12,-1065.46
5935,13.29,9.40,27.00,33.58,30.29,384.64,200.00,-106.94,0.00,586.12,-991.73
5936,14.93,9.40,27.00,33.65,30.33,1358.84,200.00,-138.14,0.00,586.12,-914.99
5937,16.70,9.40,27.00,33.91,30.45,2696.60,200.00,-193.53,0.00,586.12,-841.36
5938,18.46,9.40,27.00,34.32,30.66,3893.37,200.00,-267.77,0.00,586.12,-775.22
5939,20.10,9.40,27.00,34.83,30.91,4758.29,200.00,-353.10,0.00,586.12,-720.03
5940,21.50,9.40,27.00,35.36,31.18,5053.19,200.00,-438.77,0.00,586.12,-677.65
5941,22.56,9.40,27.00,35.86,31.43,4717.85,200.00,-513.66,0.00,586.12,-650.16
5942,23.21,9.40,27.00,36.26,31.63,3821.22,200.00,-568.83,0.00,586.12,-637.86
5943,23.41,9.40,27.00,36.52,31.76,2617.28,200.00,-598.74,0.00,586.12,-640.73
5944,23.13,9.40,27.00,36.60,31.80,1323.49,200.00,-601.05,0.00,586.12,-658.29
5945,22.39,9.40,27.00,36.54,31.77,357.42,200.00,-582.35,0.00,586.12,-691.79
5946,21.24,9.40,27.00,36.40,31.70,73.42,200.00,-549.56,0.00,586.12,-740.68
5947,19.76,9.40,27.00,36.21,31.60,0.00,200.00,-507.11,0.00,586.12,-803.87
5948,18.05,9.40,27.00,36.01,31.50,0.00,200.00,-459.56,0.00,586.12,-877.82
5949,16.21,9.40,27.00,35.79,31.39,0.00,200.00,-408.32,0.00,586.12,-956.84
5950,14.38,9.40,27.00,35.55,31.28,0.00,200.00,-355.10,0.00,586.12,-1034.90
5951,12.68,9.40,27.00,35.31,31.15,0.00,200.00,-301.82,0.00,586.12,-1106.02
5952,10.99,9.40,27.00,35.05,31.02,0.00,200.00,-246.98,0.00,586.12,-1175.94
5953,9.87,9.40,27.00,34.78,30.89,0.00,200.00,-199.05,0.00,586.12,-1217.39
5954,9.17,9.40,27.00,34.50,30.75,0.00,200.00,-156.62,0.00,586.12,-1238.22
5955,8.94,9.40,27.00,34.23,30.62,0.00,200.00,-121.05,0.00,586.12,-1236.32
5956,9.19,9.40,27.00,33.97,30.48,0.00,200.00,-93.28,0.00,586.12,-1211.12
5957,9.90,9.40,27.00,33.71,30.36,0.00,200.00,-73.79,0.00,586.12,-1163.65
5958,11.04,9.40,27.00,33.50,30.25,70.33,200.00,-66.05,0.00,586.12,-1097.76
5959,12.51,9.40,27.00,33.38,30.19,393.92,200.00,-73.89,0.00,586.12,-1020.20
5960,14.23,9.40,27.00,33.45,30.23,1426.08,200.00,-106.31,0.00,586.12,-939.72
5961,16.07,9.40,27.00,33.71,30.35,2737.68,200.00,-162.91,0.00,586.12,-862.01
5962,17.92,9.40,27.00,34.12,30.56,3943.56,200.00,-238.63,0.00,586.12,-791.67
5963,19.65,9.40,27.00,34.63,30.81,4803.22,200.00,-325.57,0.00,586.12,-732.16
5964,21.14,9.40,27.00,35.16,31.08,5095.58,200.00,-412.97,0.00,586.12,-685.40
5965,22.30,9.40,27.00,35.67,31.33,4756.50,200.00,-489.72,0.00,586.12,-653.50
5966,23.05,9.40,27.00,36.07,31.54,3859.64,200.00,-546.87,0.00,586.12,-636.80
5967,23.33,9.40,27.00,36.33,31.66,2645.24,200.00,-578.77,0.00,586.12,-635.30
5968,23.14,9.40,27.00,36.41,31.71,1342.50,200.00,-583.07,0.00,586.12,-648.57
5969,22.49,9.40,27.00,36.36,31.68,360.66,200.00,-566.20,0.00,586.12,-677.84
5970,21.43,9.40,27.00,36.22,31.61,74.55,200.00,-535.38,0.00,586.12,-722.74
5971,20.03,9.40,27.00,36.03,31.52,0.00,200.00,-494.95,0.00,586.12,-782.20
5972,18.39,9.40,27.00,35.84,31.42,0.00,200.00,-449.44,0.00,586.12,-852.69
5973,16.63,9.40,27.00,35.62,31.31,0.00,200.00,-400.24,0.00,586.12,-928.57
5974,14.86,9.40,27.00,35.40,31.20,0.00,200.00,-349.05,0.00,586.12,-1003.83
5975,13.21,9.40,27.00,35.16,31.08,0.00,200.00,-297.74,0.00,586.12,-1072.52
5976,11.57,9.40,27.00,34.90,30.95,0.00,200.00,-244.79,0.00,586.12,-1140.49
5977,10.49,9.40,27.00,34.64,30.82,0.00,200.00,-198.68,0.00,586.12,-1180.32
5978,9.83,9.40,27.00,34.38,30.69,0.00,200.00,-157.96,0.00,586.12,-1199.96
5979,9.62,9.40,27.00,34.11,30.56,0.00,200.00,-123.98,0.00,586.12,-1197.30
5980,9.88,9.40,27.00,33.86,30.43,0.00,200.00,-97.67,0.00,586.12,-1171.80
5981,10.60,9.40,27.00,33.61,30.30,0.00,200.00,-79.47,0.00,586.12,-1124.47
5982,11.73,9.40,27.00,33.40,30.20,70.55,200.00,-72.85,0.00,586.12,-1059.18
5983,13.19,9.40,27.00,33.30,30.15,403.88,200.00,-81.71,0.00,586.12,-982.67
5984,14.89,9.40,27.00,33.38,30.19,1458.01,200.00,-115.16,0.00,586.12,-903.76
5985,16.70,9.40,27.00,33.64,30.32,2779.06,200.00,-172.70,0.00,586.12,-828.08
5986,18.51,9.40,27.00,34.06,30.53,3994.07,200.00,-249.22,0.00,586.12,-760.20
5987,20.19,9.40,27.00,34.58,30.79,4848.25,200.00,-336.68,0.00,586.12,-703.50
5988,21.62,9.40,27.00,35.12,31.06,5138.07,200.00,-424.35,0.00,586.12,-659.89
5989,22.72,9.40,27.00,35.63,31.32,4795.16,200.00,-501.11,0.00,586.12,-631.44
5990,23.39,9.40,27.00,36.05,31.52,3898.13,200.00,-558.03,0.00,586.12,-618.47
5991,23.60,9.40,27.00,36.31,31.65,2673.18,200.00,-589.38,0.00,586.12,-620.90
5992,23.33,9.40,27.00,36.39,31.70,1361.58,200.00,-592.82,0.00,586.12,-638.27
5993,22.60,9.40,27.00,36.34,31.67,364.12,200.00,-574.65,0.00,586.12,-671.69
5994,21.45,9.40,27.00,36.20,31.60,75.93,200.00,-542.41,0.00,586.12,-720.92
5995,19.96,9.40,27.00,36.01,31.51,0.00,200.00,-500.41,0.00,586.12,-784.79
5996,18.23,9.40,27.00,35.81,31.41,0.00,200.00,-453.18,0.00,586.12,-859.74
5997,16.37,9.40,27.00,35.60,31.30,0.00,200.00,-402.12,0.00,586.12,-940.06
5998,14.51,9.40,27.00,35.37,31.18,0.00,200.00,-348.94,0.00,586.12,-1019.71
5999,12.77,9.40,27.00,35.13,31.06,0.00,200.00,-295.54,0.00,586.12,-1092.69
6000,11.04,9.40,27.00,34.87,30.93,0.00,200.00,-240.39,0.00,586.12,-1164.90
6001,9.87,9.40,27.00,34.60,30.80,0.00,200.00,-192.04,0.00,586.12,-1208.69
6002,9.12,9.40,27.00,34.33,30.66,0.00,200.00,-149.04,0.00,586.12,-1232.06
6003,8.84,9.40,27.00,34.06,30.53,0.00,200.00,-112.76,0.00,586.12,-1232.89
6004,9.03,9.40,27.00,33.79,30.40,0.00,200.00,-84.15,0.00,586.12,-1210.57
6005,9.68,9.40,27.00,33.54,30.27,0.00,200.00,-63.67,0.00,586.12,-1166.08
6006,10.75,9.40,27.00,33.32,30.16,70.82,200.00,-54.77,0.00,586.12,-1103.27
6007,12.16,9.40,27.00,33.21,30.10,414.49,200.00,-61.50,0.00,586.12,-1028.88
6008,13.81,9.40,27.00,33.28,30.14,1490.39,200.00,-93.14,0.00,586.12,-951.78
6009,15.59,9.40,27.00,33.54,30.27,2820.71,200.00,-149.04,0.00,586.12,-877.52
6010,17.37,9.40,27.00,33.95,30.48,4044.87,200.00,-224.14,0.00,586.12,-810.67
6011,19.03,9.40,27.00,34.46,30.73,4893.37,200.00,-310.25,0.00,586.12,-754.51
6012,20.46,9.40,27.00,35.00,31.00,5180.63,200.00,-396.68,0.00,586.12,-711.00
6013,21.55,9.40,27.00,35.51,31.25,4833.82,200.00,-472.33,0.00,586.12,-682.18
6014,22.24,9.40,27.00,35.91,31.46,3936.67,200.00,-528.31,0.00,586.12,-668.39
6015,22.47,9.40,27.00,36.16,31.58,2701.11,200.00,-558.80,0.00,586.12,-669.52
6016,22.22,9.40,27.00,36.24,31.62,1380.71,200.00,-561.49,0.00,586.12,-685.13
6017,21.53,9.40,27.00,36.18,31.59,367.78,200.00,-542.53,0.00,586.12,-716.26
6018,20.42,9.40,27.00,36.03,31.51,77.60,200.00,-509.80,0.00,586.12,-762.88
6019,18.98,9.40,27.00,35.84,31.42,0.00,200.00,-467.57,0.00,586.12,-823.80
6020,17.31,9.40,27.00,35.63,31.32,0.00,200.00,-420.34,0.00,586.12,-895.46
6021,15.52,9.40,27.00,35.41,31.21,0.00,200.00,-369.49,0.00,586.12,-972.19
6022,13.73,9.40,27.00,35.17,31.09,0.00,200.00,-316.74,0.00,586.12,-1048.00
6023,12.08,9.40,27.00,34.93,30.96,0.00,200.00,-264.00,0.00,586.12,-1116.91
6024,10.42,9.40,27.00,34.66,30.83,0.00,200.00,-209.67,0.00,586.12,-1184.95
6025,9.35,9.40,27.00,34.39,30.70,0.00,200.00,-162.37,0.00,586.12,-1224.35
6026,8.69,9.40,27.00,34.12,30.56,0.00,200.00,-120.60,0.00,586.12,-1243.24
6027,8.49,9.40,27.00,33.85,30.43,0.00,200.00,-85.72,0.00,586.12,-1239.52
6028,8.78,9.40,27.00,33.58,30.29,0.00,200.00,-58.66,0.00,586.12,-1212.65
6029,9.52,9.40,27.00,33.33,30.16,0.00,200.00,-39.87,0.00,586.12,-1163.65
6030,10.68,9.40,27.00,33.11,30.06,71.12,200.00,-32.76,0.00,586.12,-1096.39
6031,12.18,9.40,27.00,33.00,30.00,425.70,200.00,-41.47,0.00,586.12,-1017.71
6032,13.92,9.40,27.00,33.08,30.04,1523.19,200.00,-75.39,0.00,586.12,-936.58
6033,15.78,9.40,27.00,33.35,30.17,2862.59,200.00,-133.73,0.00,586.12,-858.54
6034,17.64,9.40,27.00,33.77,30.38,4095.95,200.00,-211.38,0.00,586.12,-788.18
6035,19.38,9.40,27.00,34.29,30.64,4938.55,200.00,-299.98,0.00,586.12,-728.78
6036,20.88,9.40,27.00,34.84,30.92,5223.24,200.00,-388.87,0.00,586.12,-682.33
6037,22.03,9.40,27.00,35.35,31.17,4872.48,200.00,-466.91,0.00,586.12,-650.91
6038,22.77,9.40,27.00,35.76,31.38,3975.25,200.00,-525.21,0.00,586.12,-634.88
6039,23.05,9.40,27.00,36.03,31.51,2729.00,200.00,-557.83,0.00,586.12,-634.13
6040,22.85,9.40,27.00,36.11,31.56,1399.88,200.00,-562.47,0.00,586.12,-648.24
6041,22.18,9.40,27.00,36.06,31.53,371.61,200.00,-545.09,0.00,586.12,-678.18
6042,21.10,9.40,27.00,35.91,31.46,79.60,200.00,-513.90,0.00,586.12,-724.12
6043,19.67,9.40,27.00,35.73,31.36,0.00,200.00,-473.06,0.00,586.12,-784.80
6044,18.01,9.40,27.00,35.53,31.27,0.00,200.00,-427.05,0.00,586.12,-856.68
6045,16.21,9.40,27.00,35.32,31.16,0.00,200.00,-377.26,0.00,586.12,-934.08
6046,14.41,9.40,27.00,35.09,31.05,0.00,200.00,-325.39,0.00,586.12,-1011.00
6047,12.72,9.40,27.00,34.85,30.92,0.00,200.00,-273.33,0.00,586.12,-1081.45
6048,11.04,9.40,27.00,34.59,30.80,0.00,200.00,-219.45,0.00,586.12,-1151.53
6049,9.92,9.40,27.00,34.33,30.67,0.00,200.00,-172.41,0.00,586.12,-1193.27
6050,9.21,9.40,27.00,34.06,30.53,0.00,200.00,-130.70,0.00,586.12,-1214.87
6051,8.96,9.40,27.00,33.80,30.40,0.00,200.00,-95.65,0.00,586.12,-1214.21
6052,9.18,9.40,27.00,33.54,30.27,0.00,200.00,-68.21,0.00,586.12,-1190.70
6053,9.85,9.40,27.00,33.28,30.14,0.00,200.00,-48.83,0.00,586.12,-1145.35
6054,10.94,9.40,27.00,33.07,30.04,71.47,200.00,-40.91,0.00,586.12,-1081.96
6055,12.35,9.40,27.00,32.96,29.98,437.48,200.00,-48.71,0.00,586.12,-1007.39
6056,14.01,9.40,27.00,33.04,30.02,1556.39,200.00,-81.73,0.00,586.12,-930.61
6057,15.78,9.40,27.00,33.31,30.16,2904.69,200.00,-139.09,0.00,586.12,-857.08
6058,17.55,9.40,27.00,33.74,30.37,4147.26,200.00,-215.66,0.00,586.12,-791.32
6059,19.19,9.40,27.00,34.26,30.63,4983.77,200.00,-302.96,0.00,586.12,-736.53
6060,20.60,9.40,27.00,34.81,30.90,5265.89,200.00,-390.36,0.00,586.12,-694.67
6061,21.66,9.40,27.00,35.32,31.16,4911.10,200.00,-466.74,0.00,586.12,-667.76
6062,22.31,9.40,27.00,35.73,31.37,4013.85,200.00,-523.26,0.00,586.12,-656.14
6063,22.50,9.40,27.00,35.99,31.50,2756.85,200.00,-553.91,0.00,586.12,-659.59
6064,22.21,9.40,27.00,36.07,31.54,1419.07,200.00,-556.41,0.00,586.12,-677.67
6065,21.46,9.40,27.00,36.01,31.51,375.59,200.00,-536.59,0.00,586.12,-711.25
6066,20.30,9.40,27.00,35.86,31.43,82.02,200.00,-503.03,0.00,586.12,-760.60
6067,18.80,9.40,27.00,35.67,31.33,0.00,200.00,-459.86,0.00,586.12,-824.41
6068,17.07,9.40,27.00,35.46,31.23,0.00,200.00,-411.54,0.00,586.12,-899.07
6069,15.21,9.40,27.00,35.24,31.12,0.00,200.00,-359.49,0.00,586.12,-978.90
6070,13.36,9.40,27.00,35.00,31.00,0.00,200.00,-305.43,0.00,586.12,-1057.85
6071,11.64,9.40,27.00,34.75,30.88,0.00,200.00,-251.26,0.00,586.12,-1129.93
6072,9.91,9.40,27.00,34.49,30.74,0.00,200.00,-195.37,0.00,586.12,-1201.30
6073,8.77,9.40,27.00,34.22,30.61,0.00,200.00,-146.47,0.00,586.12,-1243.80
6074,8.04,9.40,27.00,33.94,30.47,0.00,200.00,-103.03,0.00,586.12,-1265.72
6075,7.78,9.40,27.00,33.66,30.33,0.00,200.00,-66.42,0.00,586.12,-1264.93
6076,8.01,9.40,27.00,33.39,30.20,0.00,200.00,-37.60,0.00,586.12,-1240.85
6077,8.69,9.40,27.00,33.13,30.06,0.00,200.00,-17.02,0.00,586.12,-1194.47
6078,9.80,9.40,27.00,32.91,29.95,71.87,200.00,-8.06,0.00,586.12,-1129.62
6079,11.24,9.40,27.00,32.79,29.90,449.76,200.00,-15.12,0.00,586.12,-1053.18
6080,12.94,9.40,27.00,32.87,29.93,1589.94,200.00,-47.84,0.00,586.12,-974.23
6081,14.75,9.40,27.00,33.13,30.07,2946.98,200.00,-105.21,0.00,586.12,-898.19
6082,16.58,9.40,27.00,33.55,30.28,4198.80,200.00,-182.08,0.00,586.12,-829.60
6083,18.28,9.40,27.00,34.07,30.54,5029.01,200.00,-269.83,0.00,586.12,-771.63
6084,19.76,9.40,27.00,34.61,30.81,5308.57,200.00,-357.87,0.00,586.12,-726.29
6085,20.89,9.40,27.00,35.13,31.06,4949.69,200.00,-435.06,0.00,586.12,-695.64
6086,21.62,9.40,27.00,35.54,31.27,4052.46,200.00,-492.58,0.00,586.12,-680.04
6087,21.90,9.40,27.00,35.79,31.40,2784.65,200.00,-524.31,0.00,586.12,-679.30
6088,21.70,9.40,27.00,35.87,31.44,1438.28,200.00,-528.00,0.00,586.12,-693.01
6089,21.04,9.40,27.00,35.81,31.40,379.69,200.00,-509.29,0.00,586.12,-722.02
6090,19.97,9.40,27.00,35.66,31.33,84.93,200.00,-477.11,0.00,586.12,-766.83
6091,18.56,9.40,27.00,35.46,31.23,0.00,200.00,-435.48,0.00,586.12,-826.08
6092,16.92,9.40,27.00,35.26,31.13,0.00,200.00,-388.83,0.00,586.12,-896.24
6093,15.16,9.40,27.00,35.04,31.02,0.00,200.00,-338.58,0.00,586.12,-971.65
6094,13.40,9.40,27.00,34.80,30.90,0.00,200.00,-286.40,0.00,586.12,-1046.32
6095,11.76,9.40,27.00,34.56,30.78,0.00,200.00,-234.20,0.00,586.12,-1114.29
6096,10.12,9.40,27.00,34.30,30.65,0.00,200.00,-180.31,0.00,586.12,-1181.83
6097,9.05,9.40,27.00,34.03,30.51,0.00,200.00,-133.47,0.00,586.12,-1220.70
6098,8.40,9.40,27.00,33.76,30.38,0.00,200.00,-92.10,0.00,586.12,-1239.26
6099,8.21,9.40,27.00,33.49,30.24,0.00,200.00,-57.56,0.00,586.12,-1235.44
6100,8.49,9.40,27.00,33.22,30.11,0.00,200.00,-30.77,0.00,586.12,-1208.68
6101,9.23,9.40,27.00,32.97,29.98,0.00,200.00,-12.17,0.00,586.12,-1160.01
6102,10.39,9.40,27.00,32.75,29.88,72.33,200.00,-5.11,0.00,586.12,-1093.25
6103,11.87,9.40,27.00,32.64,29.82,462.49,200.00,-14.07,0.00,586.12,-1015.35
6104,13.59,9.40,27.00,32.73,29.86,1623.82,200.00,-48.80,0.00,586.12,-935.47
6105,15.43,9.40,27.00,33.00,30.00,2989.43,200.00,-108.14,0.00,586.12,-858.98
6106,17.27,9.40,27.00,33.44,30.22,4249.30,200.00,-186.90,0.00,586.12,-790.42
6107,18.97,9.40,27.00,33.97,30.48,5074.26,200.00,-276.31,0.00,586.12,-732.90
6108,20.44,9.40,27.00,34.52,30.76,5351.24,200.00,-365.80,0.00,586.12,-688.46
6109,21.56,9.40,27.00,35.04,31.02,4988.22,200.00,-444.20,0.00,586.12,-659.12
6110,22.26,9.40,27.00,35.46,31.23,4091.06,200.00,-502.72,0.00,586.12,-645.26
6111,22.50,9.40,27.00,35.73,31.36,2812.39,200.00,-535.12,0.00,586.12,-646.63
6112,22.26,9.40,27.00,35.82,31.41,1457.49,200.00,-539.17,0.00,586.12,-662.79
6113,21.55,9.40,27.00,35.76,31.38,383.90,200.00,-520.36,0.00,586.12,-694.50
6114,20.42,9.40,27.00,35.61,31.30,87.79,200.00,-487.95,0.00,586.12,-742.41
6115,18.95,9.40,27.00,35.42,31.21,0.00,200.00,-445.86,0.00,586.12,-805.08
6116,17.24,9.40,27.00,35.22,31.11,0.00,200.00,-398.56,0.00,586.12,-878.92
6117,15.40,9.40,27.00,35.00,31.00,0.00,200.00,-347.44,0.00,586.12,-958.25
6118,13.55,9.40,27.00,34.77,30.88,0.00,200.00,-294.20,0.00,586.12,-1037.03
6119,11.83,9.40,27.00,34.52,30.76,0.00,200.00,-240.75,0.00,586.12,-1109.26
6120,10.09,9.40,27.00,34.26,30.63,0.00,200.00,-185.40,0.00,586.12,-1181.25
6121,8.94,9.40,27.00,33.99,30.50,0.00,200.00,-136.96,0.00,586.12,-1224.55
6122,8.20,9.40,27.00,33.72,30.36,0.00,200.00,-93.85,0.00,586.12,-1247.58
6123,7.91,9.40,27.00,33.45,30.22,0.00,200.00,-57.42,0.00,586.12,-1248.19
6124,8.10,9.40,27.00,33.18,30.09,0.00,200.00,-28.63,0.00,586.12,-1225.79
6125,8.75,9.40,27.00,32.92,29.96,0.00,200.00,-7.94,0.00,586.12,-1181.37
6126,9.81,9.40,26.98,32.70,29.84,72.84,200.00,0.00,0.00,585.72,-1118.69
6127,11.21,9.40,27.00,32.59,29.79,475.61,200.00,-5.46,0.00,586.12,-1044.70
6128,12.85,9.40,27.00,32.67,29.83,1658.00,200.00,-38.21,0.00,586.12,-968.59
6129,14.62,9.40,27.00,32.94,29.97,3032.01,200.00,-95.64,0.00,586.12,-895.63
6130,16.38,9.40,27.00,33.37,30.18,4293.25,200.00,-172.50,0.00,586.12,-830.30
6131,18.02,9.40,27.00,33.89,30.45,5119.48,200.00,-260.04,0.00,586.12,-775.67
6132,19.43,9.40,27.00,34.44,30.72,5393.89,200.00,-347.65,0.00,586.12,-733.74
6133,20.50,9.40,27.00,34.96,30.98,5026.67,200.00,-424.20,0.00,586.12,-706.51
6134,21.16,9.40,27.00,35.37,31.18,4129.65,200.00,-480.94,0.00,586.12,-694.33
6135,21.37,9.40,27.00,35.63,31.31,2840.04,200.00,-511.56,0.00,586.12,-696.91
6136,21.10,9.40,27.00,35.71,31.35,1476.68,200.00,-514.04,0.00,586.12,-713.87
6137,20.38,9.40,27.00,35.63,31.32,388.17,200.00,-493.37,0.00,586.12,-745.76
6138,19.24,9.40,27.00,35.48,31.24,87.03,200.00,-459.33,0.00,586.12,-793.45
6139,17.78,9.40,27.00,35.28,31.14,0.00,200.00,-415.84,0.00,586.12,-855.45
6140,16.08,9.40,27.00,35.07,31.03,0.00,200.00,-367.34,0.00,586.12,-928.20
6141,14.26,9.40,27.00,34.84,30.92,0.00,200.00,-315.21,0.00,586.12,-1005.99
6142,12.45,9.40,27.00,34.60,30.80,0.00,200.00,-261.18,0.00,586.12,-1082.82
6143,10.76,9.40,27.00,34.34,30.67,0.00,200.00,-207.15,0.00,586.12,-1152.71
6144,9.07,9.40,27.00,34.08,30.54,0.00,200.00,-151.44,0.00,586.12,-1222.04
6145,7.98,9.40,27.00,33.80,30.40,0.00,200.00,-102.86,0.00,586.12,-1262.28
6146,7.29,9.40,27.00,33.52,30.26,0.00,200.00,-59.84,0.00,586.12,-1281.91
6147,7.08,9.40,27.00,33.24,30.12,0.00,200.00,-23.72,0.00,586.12,-1278.85
6148,7.34,9.40,26.94,32.97,29.95,0.00,200.00,0.00,0.00,584.75,-1252.53
6149,8.07,9.40,26.66,32.70,29.68,0.00,200.00,0.00,0.00,578.76,-1203.97
6150,9.22,9.40,26.55,32.48,29.51,73.43,200.00,0.00,0.00,576.25,-1136.96
6151,10.71,9.40,26.66,32.36,29.51,489.05,200.00,0.00,0.00,578.65,-1058.55
6152,12.44,9.40,27.00,32.45,29.72,1692.44,200.00,-9.49,0.00,586.12,-978.04
6153,14.29,9.40,27.00,32.72,29.86,3074.69,200.00,-68.76,0.00,586.12,-900.68
6154,16.15,9.40,27.00,33.15,30.08,4337.16,200.00,-147.64,0.00,586.12,-830.96
6155,17.89,9.40,27.00,33.68,30.34,5164.66,200.00,-237.31,0.00,586.12,-772.00
6156,19.39,9.40,27.00,34.24,30.62,5436.50,200.00,-327.12,0.00,586.12,-725.82
6157,20.55,9.40,27.00,34.76,30.88,5065.04,200.00,-405.93,0.00,586.12,-694.47
6158,21.30,9.40,27.00,35.18,31.09,4168.21,200.00,-464.99,0.00,586.12,-678.34
6159,21.59,9.40,27.00,35.44,31.22,2867.62,200.00,-497.86,0.00,586.12,-677.15
6160,21.40,9.40,27.00,35.52,31.26,1495.85,200.00,-502.52,0.00,586.12,-690.56
6161,20.74,9.40,27.00,35.46,31.23,392.49,200.00,-483.79,0.00,586.12,-719.07
6162,19.68,9.40,27.00,35.30,31.15,86.33,200.00,-451.75,0.00,586.12,-763.77
6163,18.27,9.40,27.00,35.11,31.06,0.00,200.00,-410.25,0.00,586.12,-823.16
6164,16.63,9.40,27.00,34.91,30.95,0.00,200.00,-363.68,0.00,586.12,-893.67
6165,14.85,9.40,27.00,34.69,30.84,0.00,200.00,-313.41,0.00,586.12,-969.64
6166,13.08,9.40,27.00,34.46,30.73,0.00,200.00,-261.14,0.00,586.12,-1045.06
6167,11.42,9.40,27.00,34.21,30.60,0.00,200.00,-208.76,0.00,586.12,-1113.98
6168,9.75,9.40,27.00,33.95,30.47,0.00,200.00,-154.54,0.00,586.12,-1182.85
6169,8.66,9.40,27.00,33.68,30.34,0.00,200.00,-107.33,0.00,586.12,-1223.01
6170,7.98,9.40,27.00,33.41,30.20,0.00,200.00,-65.50,0.00,586.12,-1243.02
6171,7.75,9.40,27.00,33.14,30.07,0.00,200.00,-30.41,0.00,586.12,-1240.78
6172,8.00,9.40,27.00,32.87,29.94,0.00,200.00,-2.98,0.00,586.12,-1215.72
6173,8.70,9.40,26.77,32.62,29.69,0.00,200.00,0.00,0.00,581.21,-1168.85
6174,9.81,9.40,26.66,32.40,29.53,74.08,200.00,0.00,0.00,578.83,-1103.92
6175,11.26,9.40,26.78,32.29,29.53,502.73,200.00,0.00,0.00,581.32,-1028.00
6176,12.93,9.40,27.00,32.38,29.69,1727.09,200.00,-18.69,0.00,586.12,-950.44
6177,14.73,9.40,27.00,32.66,29.83,3117.45,200.00,-78.15,0.00,586.12,-876.40
6178,16.52,9.40,27.00,33.10,30.05,4380.99,200.00,-157.01,0.00,586.12,-810.30
6179,18.18,9.40,27.00,33.63,30.32,5209.77,200.00,-246.43,0.00,586.12,-755.22
6180,19.60,9.40,27.00,34.19,30.60,5479.06,200.00,-335.75,0.00,586.12,-713.15
6181,20.68,9.40,27.00,34.72,30.86,5103.31,200.00,-413.82,0.00,586.12,-686.07
6182,21.35,9.40,27.00,35.14,31.07,4203.84,200.00,-471.90,0.00,586.12,-674.35
6183,21.55,9.40,27.00,35.41,31.20,2895.09,200.00,-503.52,0.00,586.12,-677.62
6184,21.26,9.40,27.00,35.49,31.25,1514.97,200.00,-506.67,0.00,586.12,-695.52
6185,20.52,9.40,27.00,35.42,31.21,396.81,200.00,-486.04,0.00,586.12,-728.42
6186,19.36,9.40,27.00,35.27,31.13,85.70,200.00,-452.02,0.00,586.12,-777.52
6187,17.86,9.40,27.00,35.07,31.04,0.00,200.00,-408.47,0.00,586.12,-841.26
6188,16.12,9.40,27.00,34.86,30.93,0.00,200.00,-359.75,0.00,586.12,-915.99
6189,14.26,9.40,27.00,34.64,30.82,0.00,200.00,-307.27,0.00,586.12,-996.02
6190,12.40,9.40,27.00,34.40,30.70,0.00,200.00,-252.73,0.00,586.12,-1075.29
6191,10.66,9.40,27.00,34.15,30.57,0.00,200.00,-198.05,0.00,586.12,-1147.82
6192,8.92,9.40,27.00,33.88,30.44,0.00,200.00,-141.49,0.00,586.12,-1220.09
6193,7.76,9.40,27.00,33.60,30.30,0.00,200.00,-91.98,0.00,586.12,-1263.27
6194,7.01,9.40,27.00,33.32,30.16,0.00,200.00,-47.89,0.00,586.12,-1285.95
6195,6.73,9.40,27.00,33.04,30.02,0.00,200.00,-10.58,0.00,586.12,-1286.01
6196,6.93,9.40,26.74,32.77,29.75,0.00,200.00,0.00,0.00,580.41,-1262.85
6197,7.59,9.40,26.44,32.50,29.47,0.00,200.00,0.00,0.00,574.00,-1217.45
6198,8.67,9.40,26.30,32.27,29.29,74.82,200.00,0.00,0.00,571.03,-1153.56
6199,10.09,9.40,26.40,32.15,29.27,516.59,200.00,0.00,0.00,572.99,-1078.27
6200,11.76,9.40,26.86,32.24,29.55,1761.93,200.00,0.00,0.00,582.99,-1000.98
6201,13.55,9.40,27.00,32.51,29.76,3160.26,200.00,-47.96,0.00,586.12,-926.81
6202,15.35,9.40,27.00,32.94,29.97,4424.73,200.00,-125.88,0.00,586.12,-860.14
6203,17.02,9.40,27.00,33.47,30.24,5254.80,200.00,-214.55,0.00,586.12,-804.04
6204,18.47,9.40,27.00,34.03,30.51,5521.54,200.00,-303.28,0.00,586.12,-760.52
6205,19.58,9.40,27.00,34.55,30.77,5141.46,200.00,-380.92,0.00,586.12,-731.56
6206,20.28,9.40,27.00,34.96,30.98,4235.83,200.00,-438.72,0.00,586.12,-717.53
6207,20.53,9.40,27.00,35.22,31.11,2922.46,200.00,-470.22,0.00,586.12,-718.11
6208,20.31,9.40,27.00,35.30,31.15,1534.03,200.00,-473.36,0.00,586.12,-732.92
6209,19.63,9.40,27.00,35.22,31.11,401.11,200.00,-452.71,0.00,586.12,-762.31
6210,18.54,9.40,27.00,35.06,31.03,85.15,200.00,-418.96,0.00,586.12,-807.69
6211,17.11,9.40,27.00,34.86,30.93,0.00,200.00,-375.95,0.00,586.12,-867.46
6212,15.46,9.40,27.00,34.65,30.82,0.00,200.00,-327.97,0.00,586.12,-938.03
6213,13.68,9.40,27.00,34.42,30.71,0.00,200.00,-276.43,0.00,586.12,-1013.73
6214,11.91,9.40,27.00,34.18,30.59,0.00,200.00,-223.02,0.00,586.12,-1088.56
6215,10.26,9.40,27.00,33.92,30.46,0.00,200.00,-169.65,0.00,586.12,-1156.57
6216,8.61,9.40,27.00,33.66,30.33,0.00,200.00,-114.55,0.00,586.12,-1224.35
6217,7.54,9.40,27.00,33.38,30.19,0.00,200.00,-66.66,0.00,586.12,-1262.99
6218,6.89,9.40,27.00,33.10,30.05,0.00,200.00,-24.31,0.00,586.12,-1281.20
6219,6.70,9.40,26.85,32.82,29.83,0.00,200.00,0.00,0.00,582.77,-1276.88
6220,6.99,9.40,26.46,32.55,29.51,0.00,200.00,0.00,0.00,574.48,-1249.48
6221,7.74,9.40,26.20,32.29,29.24,0.00,200.00,0.00,0.00,568.67,-1200.04
6222,8.90,9.40,26.09,32.07,29.08,75.65,200.00,0.00,0.00,566.31,-1132.33
6223,10.40,9.40,26.21,31.95,29.08,530.54,200.00,0.00,0.00,568.93,-1053.49
6224,12.13,9.40,26.70,32.04,29.37,1796.91,200.00,0.00,0.00,579.66,-973.06
6225,13.99,9.40,27.00,32.33,29.66,3203.07,200.00,-39.31,0.00,586.12,-896.13
6226,15.85,9.40,27.00,32.77,29.88,4468.34,200.00,-119.68,0.00,586.12,-827.07
6227,17.58,9.40,27.00,33.31,30.15,5299.72,200.00,-210.73,0.00,586.12,-768.96
6228,19.06,9.40,27.00,33.87,30.44,5563.93,200.00,-301.71,0.00,586.12,-723.84
6229,20.21,9.40,27.00,34.40,30.70,5179.48,200.00,-381.46,0.00,586.12,-693.67
6230,20.94,9.40,27.00,34.83,30.91,4267.65,200.00,-441.18,0.00,586.12,-678.86
6231,21.21,9.40,27.00,35.10,31.05,2949.70,200.00,-474.39,0.00,586.12,-679.07
6232,20.99,9.40,27.00,35.18,31.09,1553.02,200.00,-479.00,0.00,586.12,-693.92
6233,20.31,9.40,27.00,35.11,31.06,405.35,200.00,-459.40,0.00,586.12,-723.69
6234,19.21,9.40,27.00,34.96,30.98,84.71,200.00,-426.60,0.00,586.12,-769.94
6235,17.77,9.40,27.00,34.77,30.88,0.00,200.00,-384.35,0.00,586.12,-831.05
6236,16.08,9.40,27.00,34.56,30.78,0.00,200.00,-336.95,0.00,586.12,-903.37
6237,14.27,9.40,27.00,34.34,30.67,0.00,200.00,-285.77,0.00,586.12,-981.23
6238,12.45,9.40,27.00,34.10,30.55,0.00,200.00,-232.52,0.00,586.12,-1058.59
6239,10.75,9.40,27.00,33.85,30.43,0.00,200.00,-179.08,0.00,586.12,-1129.50
6240,9.03,9.40,27.00,33.59,30.30,0.00,200.00,-123.69,0.00,586.12,-1200.55
6241,7.90,9.40,27.00,33.32,30.16,0.00,200.00,-75.31,0.00,586.12,-1242.70
6242,7.17,9.40,27.00,33.04,30.02,0.00,200.00,-32.26,0.00,586.12,-1264.68
6243,6.90,9.40,26.94,32.77,29.86,0.00,200.00,0.00,0.00,584.89,-1264.36
6244,7.11,9.40,26.55,32.50,29.52,0.00,200.00,0.00,0.00,576.26,-1241.14
6245,7.77,9.40,26.26,32.24,29.25,0.00,200.00,0.00,0.00,570.07,-1196.01
6246,8.84,9.40,26.13,32.01,29.07,76.58,200.00,0.00,0.00,567.27,-1132.69
6247,10.25,9.40,26.23,31.90,29.06,544.49,200.00,0.00,0.00,569.42,-1058.32
6248,11.89,9.40,26.70,31.99,29.35,1831.99,200.00,0.00,0.00,579.70,-982.46
6249,13.65,9.40,27.00,32.27,29.64,3245.87,200.00,-37.96,0.00,586.12,-910.10
6250,15.42,9.40,27.00,32.71,29.86,4511.79,200.00,-116.70,0.00,586.12,-845.52
6251,17.06,9.40,27.00,33.25,30.13,5344.50,200.00,-206.02,0.00,586.12,-791.77
6252,18.46,9.40,27.00,33.82,30.41,5606.20,200.00,-295.17,0.00,586.12,-750.82
6253,19.52,9.40,27.00,34.34,30.67,5217.35,200.00,-372.96,0.00,586.12,-724.61
6254,20.17,9.40,27.00,34.76,30.88,4299.27,200.00,-430.63,0.00,586.12,-713.47
6255,20.36,9.40,27.00,35.03,31.01,2976.82,200.00,-461.71,0.00,586.12,-717.04
6256,20.07,9.40,27.00,35.11,31.05,1571.92,200.00,-464.12,0.00,586.12,-734.89
6257,19.33,9.40,27.00,35.03,31.01,409.49,200.00,-442.10,0.00,586.12,-767.20
6258,18.18,9.40,27.00,34.84,30.92,0.00,200.00,-406.30,0.00,586.12,-814.60
6259,16.69,9.40,27.00,34.64,30.82,0.00,200.00,-361.92,0.00,586.12,-877.55
6260,14.96,9.40,27.00,34.42,30.71,0.00,200.00,-312.48,0.00,586.12,-951.30
6261,13.12,9.40,27.00,34.19,30.60,0.00,200.00,-259.38,0.00,586.12,-1030.16
6262,11.28,9.40,27.00,33.95,30.47,0.00,200.00,-204.35,0.00,586.12,-1108.08
6263,9.57,9.40,27.00,33.69,30.34,0.00,200.00,-149.30,0.00,586.12,-1179.09
6264,7.85,9.40,27.00,33.42,30.21,0.00,200.00,-92.43,0.00,586.12,-1249.85
6265,6.72,9.40,27.00,33.13,30.07,0.00,200.00,-42.77,0.00,586.12,-1291.21
6266,6.01,9.40,26.98,32.85,29.92,0.00,200.00,0.00,0.00,585.71,-1311.96
6267,5.77,9.40,26.47,32.57,29.52,0.00,200.00,0.00,0.00,574.53,-1309.97
6268,6.01,9.40,26.06,32.29,29.17,0.00,200.00,0.00,0.00,565.70,-1284.66
6269,6.71,9.40,25.77,32.02,28.89,0.00,200.00,0.00,0.00,559.37,-1237.05
6270,7.83,9.40,25.64,31.79,28.71,77.62,200.00,0.00,0.00,556.49,-1170.88
6271,9.30,9.40,25.73,31.66,28.70,558.36,200.00,0.00,0.00,558.65,-1093.33
6272,11.00,9.40,26.22,31.75,28.98,1867.12,200.00,0.00,0.00,569.08,-1014.10
6273,12.84,9.40,27.00,32.03,29.52,3288.62,200.00,-3.39,0.00,586.12,-938.14
6274,14.68,9.40,27.00,32.47,29.74,4555.08,200.00,-83.15,0.00,586.12,-869.73
6275,16.40,9.40,27.00,33.01,30.01,5389.14,200.00,-173.68,0.00,586.12,-811.96
6276,17.89,9.40,27.00,33.57,30.29,5648.34,200.00,-264.19,0.00,586.12,-766.82
6277,19.04,9.40,27.00,34.10,30.55,5255.06,200.00,-343.49,0.00,586.12,-736.29
6278,19.78,9.40,27.00,34.52,30.76,4330.70,200.00,-402.76,0.00,586.12,-720.73
6279,20.06,9.40,27.00,34.79,30.89,3003.80,200.00,-435.55,0.00,586.12,-719.84
6280,19.87,9.40,27.00,34.87,30.94,1590.71,200.00,-439.71,0.00,586.12,-733.21
6281,19.22,9.40,27.00,34.79,30.89,413.50,200.00,-419.33,0.00,586.12,-761.00
6282,18.16,9.40,27.00,34.61,30.80,0.00,200.00,-385.35,0.00,586.12,-804.05
6283,16.76,9.40,27.00,34.41,30.70,0.00,200.00,-342.91,0.00,586.12,-862.81
6284,15.12,9.40,27.00,34.20,30.60,0.00,200.00,-295.47,0.00,586.12,-932.57
6285,13.36,9.40,27.00,33.97,30.49,0.00,200.00,-244.43,0.00,586.12,-1007.67
6286,11.59,9.40,27.00,33.73,30.37,0.00,200.00,-191.47,0.00,586.12,-1082.11
6287,9.95,9.40,27.00,33.48,30.24,0.00,200.00,-138.49,0.00,586.12,-1149.94
6288,8.30,9.40,27.00,33.21,30.11,0.00,200.00,-83.66,0.00,586.12,-1217.90
6289,7.23,9.40,27.00,32.94,29.97,0.00,200.00,-36.01,0.00,586.12,-1256.79
6290,6.57,9.40,26.91,32.66,29.79,0.00,200.00,0.00,0.00,584.26,-1275.45
6291,6.37,9.40,26.43,32.38,29.40,0.00,200.00,0.00,0.00,573.64,-1271.78
6292,6.64,9.40,26.04,32.11,29.08,0.00,200.00,0.00,0.00,565.35,-1245.23
6293,7.37,9.40,25.77,31.85,28.81,0.00,200.00,0.00,0.00,559.51,-1196.81
6294,8.50,9.40,25.66,31.63,28.65,78.87,200.00,0.00,0.00,557.08,-1130.28
6295,9.98,9.40,25.78,31.51,28.65,572.03,200.00,0.00,0.00,559.67,-1052.82
6296,11.68,9.40,26.28,31.61,28.95,1902.26,200.00,0.00,0.00,570.55,-974.24
6297,13.50,9.40,27.00,31.90,29.45,3331.28,200.00,-9.66,0.00,586.12,-899.41
6298,15.32,9.40,27.00,32.36,29.68,4598.16,200.00,-90.61,0.00,586.12,-832.57
6299,17.01,9.40,27.00,32.90,29.95,5433.60,200.00,-182.13,0.00,586.12,-776.77
6300,18.46,9.40,27.00,33.48,30.24,5690.34,200.00,-273.38,0.00,586.12,-734.01
6301,19.56,9.40,27.00,34.01,30.51,5292.60,200.00,-353.16,0.00,586.12,-706.22
6302,20.25,9.40,27.00,34.44,30.72,4361.91,200.00,-412.61,0.00,586.12,-693.72
6303,20.47,9.40,27.00,34.71,30.86,3030.62,200.00,-445.30,0.00,586.12,-696.18
6304,20.21,9.40,27.00,34.80,30.90,1609.39,200.00,-449.05,0.00,586.12,-713.16
6305,19.49,9.40,27.00,34.72,30.86,417.32,200.00,-427.81,0.00,586.12,-744.69
6306,18.34,9.40,27.00,34.54,30.77,0.00,200.00,-392.85,0.00,586.12,-791.77
6307,16.86,9.40,27.00,34.34,30.67,0.00,200.00,-349.24,0.00,586.12,-854.74
6308,15.13,9.40,27.00,34.13,30.57,0.00,200.00,-300.46,0.00,586.12,-928.83
6309,13.28,9.40,27.00,33.91,30.45,0.00,200.00,-247.90,0.00,586.12,-1008.35
6310,11.42,9.40,27.00,33.67,30.33,0.00,200.00,-193.27,0.00,586.12,-1087.26
6311,9.69,9.40,27.00,33.41,30.21,0.00,200.00,-138.47,0.00,586.12,-1159.55
6312,7.94,9.40,27.00,33.14,30.07,0.00,200.00,-81.70,0.00,586.12,-1231.97
6313,6.78,9.40,27.00,32.87,29.93,0.00,200.00,-32.00,0.00,586.12,-1275.18
6314,6.03,9.40,26.83,32.58,29.71,0.00,200.00,0.00,0.00,582.42,-1298.03
6315,5.74,9.40,26.31,32.30,29.31,0.00,200.00,0.00,0.00,571.13,-1298.36
6316,5.93,9.40,25.90,32.02,28.96,0.00,200.00,0.00,0.00,562.16,-1275.59
6317,6.58,9.40,25.60,31.76,28.68,0.00,200.00,0.00,0.00,555.64,-1230.70
6318,7.64,9.40,25.41,31.50,28.45,0.00,200.00,0.00,0.00,551.56,-1166.20
6319,9.05,9.40,25.50,31.38,28.44,584.35,200.00,0.00,0.00,553.50,-1091.66
6320,10.69,9.40,25.97,31.47,28.72,1937.36,200.00,0.00,0.00,563.83,-1015.75
6321,12.46,9.40,26.80,31.76,29.28,3373.82,200.00,0.00,0.00,581.78,-943.25
6322,14.23,9.40,27.00,32.20,29.60,4641.01,200.00,-64.89,0.00,586.12,-878.35
6323,15.89,9.40,27.00,32.75,29.87,5477.86,200.00,-154.86,0.00,586.12,-824.08
6324,17.31,9.40,27.00,33.31,30.16,5732.16,200.00,-244.64,0.00,586.12,-782.40
6325,18.39,9.40,27.00,33.84,30.42,5329.94,200.00,-323.03,0.00,586.12,-755.22
6326,19.07,9.40,27.00,34.26,30.63,4392.91,200.00,-381.17,0.00,586.12,-742.86
6327,19.29,9.40,27.00,34.53,30.76,3057.29,200.00,-412.66,0.00,586.12,-744.99
6328,19.03,9.40,27.00,34.61,30.80,1627.92,200.00,-415.29,0.00,586.12,-761.14
6329,18.33,9.40,27.00,34.51,30.76,420.92,200.00,-392.88,0.00,586.12,-791.29
6330,17.21,9.40,27.00,34.32,30.66,0.00,200.00,-354.69,0.00,586.12,-836.47
6331,15.76,9.40,27.00,34.12,30.56,0.00,200.00,-310.54,0.00,586.12,-897.31
6332,14.08,9.40,27.00,33.90,30.45,0.00,200.00,-261.42,0.00,586.12,-968.88
6333,12.28,9.40,27.00,33.67,30.33,0.00,200.00,-208.75,0.00,586.12,-1045.53
6334,10.48,9.40,27.00,33.42,30.21,0.00,200.00,-154.23,0.00,586.12,-1121.22
6335,8.81,9.40,27.00,33.16,30.08,0.00,200.00,-99.76,0.00,586.12,-1190.00
6336,7.13,9.40,27.00,32.89,29.94,0.00,200.00,-43.51,0.00,586.12,-1258.68
6337,6.05,9.40,26.92,32.60,29.76,0.00,200.00,0.00,0.00,584.48,-1297.88
6338,5.39,9.40,26.32,32.32,29.32,0.00,200.00,0.00,0.00,571.46,-1316.51
6339,5.18,9.40,25.82,32.03,28.93,0.00,200.00,0.00,0.00,560.52,-1312.48
6340,5.46,9.40,25.43,31.75,28.59,0.00,200.00,0.00,0.00,551.95,-1285.24
6341,6.20,9.40,25.15,31.49,28.32,0.00,200.00,0.00,0.00,545.88,-1235.82
6342,7.36,9.40,24.98,31.23,28.11,0.00,200.00,0.00,0.00,542.29,-1166.78
6343,8.86,9.40,25.10,31.11,28.10,591.06,200.00,0.00,0.00,544.76,-1087.70
6344,10.59,9.40,25.60,31.20,28.40,1972.37,200.00,0.00,0.00,555.75,-1007.46
6345,12.46,9.40,26.46,31.50,28.98,3416.22,200.00,0.00,0.00,574.42,-930.78
6346,14.32,9.40,27.00,31.95,29.47,4683.61,200.00,-42.84,0.00,586.12,-861.89
6347,16.05,9.40,27.00,32.50,29.75,5521.90,200.00,-135.33,0.00,586.12,-803.82
6348,17.55,9.40,27.00,33.07,30.04,5773.79,200.00,-227.62,0.00,586.12,-758.58
6349,18.71,9.40,27.00,33.61,30.31,5367.08,200.00,-308.49,0.00,586.12,-728.10
6350,19.46,9.40,27.00,34.04,30.52,4423.67,200.00,-369.04,0.00,586.12,-712.72
6351,19.74,9.40,27.00,34.31,30.66,3083.77,200.00,-402.85,0.00,586.12,-712.15
6352,19.55,9.40,27.00,34.40,30.70,1646.30,200.00,-407.66,0.00,586.12,-725.93
6353,18.89,9.40,27.00,34.31,30.66,424.26,200.00,-387.12,0.00,586.12,-753.99
6354,17.81,9.40,27.00,34.13,30.57,0.00,200.00,-350.79,0.00,586.12,-797.57
6355,16.40,9.40,27.00,33.93,30.47,0.00,200.00,-308.41,0.00,586.12,-857.24
6356,14.74,9.40,27.00,33.72,30.36,0.00,200.00,-260.95,0.00,586.12,-928.09
6357,12.95,9.40,27.00,33.50,30.25,0.00,200.00,-209.78,0.00,586.12,-1004.46
6358,11.16,9.40,27.00,33.26,30.13,0.00,200.00,-156.60,0.00,586.12,-1080.32
6359,9.49,9.40,27.00,33.01,30.00,0.00,200.00,-103.29,0.00,586.12,-1149.72
6360,7.79,9.40,27.00,32.74,29.87,0.00,200.00,-48.02,0.00,586.12,-1219.50
6361,6.69,9.40,27.00,32.47,29.73,0.00,200.00,0.00,0.00,586.07,-1260.19
6362,5.99,9.40,26.41,32.19,29.30,0.00,200.00,0.00,0.00,573.23,-1280.74
6363,5.75,9.40,25.91,31.91,28.91,0.00,200.00,0.00,0.00,562.40,-1279.01
6364,5.98,9.40,25.51,31.64,28.58,0.00,200.00,0.00,0.00,553.87,-1254.46
6365,6.66,9.40,25.23,31.38,28.31,0.00,200.00,0.00,0.00,547.78,-1208.08
6366,7.76,9.40,25.07,31.13,28.10,0.00,200.00,0.00,0.00,544.11,-1142.38
6367,9.18,9.40,25.17,31.01,28.09,597.10,200.00,0.00,0.00,546.44,-1066.90
6368,10.84,9.40,25.67,31.11,28.39,2007.25,200.00,0.00,0.00,557.30,-990.62
6369,12.62,9.40,26.53,31.41,28.97,3458.43,200.00,0.00,0.00,575.82,-918.18
6370,14.40,9.40,27.00,31.87,29.43,4725.94,200.00,-46.79,0.00,586.12,-853.67
6371,16.05,9.40,27.00,32.42,29.71,5565.70,200.00,-138.37,0.00,586.12,-800.11
6372,17.46,9.40,27.00,33.00,30.00,5815.22,200.00,-229.54,0.00,586.12,-759.45
6373,18.53,9.40,27.00,33.53,30.27,5404.01,200.00,-309.08,0.00,586.12,-733.57
6374,19.18,9.40,27.00,33.97,30.48,4454.19,200.00,-368.07,0.00,586.12,-722.75
6375,19.37,9.40,27.00,34.24,30.62,3110.08,200.00,-400.13,0.00,586.12,-726.66
6376,19.08,9.40,27.00,34.32,30.66,1664.50,200.00,-402.99,0.00,586.12,-744.78
6377,18.33,9.40,27.00,34.23,30.61,427.28,200.00,-380.17,0.00,586.12,-776.93
6378,17.17,9.40,27.00,34.04,30.52,0.00,200.00,-341.64,0.00,586.12,-824.48
6379,15.67,9.40,27.00,33.84,30.42,0.00,200.00,-296.99,0.00,586.12,-887.91
6380,13.94,9.40,27.00,33.62,30.31,0.00,200.00,-247.25,0.00,586.12,-962.25
6381,12.08,9.40,27.00,33.39,30.19,0.00,200.00,-193.79,0.00,586.12,-1041.81
6382,10.22,9.40,27.00,33.14,30.07,0.00,200.00,-138.36,0.00,586.12,-1120.53
6383,8.49,9.40,27.00,32.88,29.94,0.00,200.00,-82.84,0.00,586.12,-1192.44
6384,6.74,9.40,27.00,32.61,29.80,0.00,200.00,-25.40,0.00,586.12,-1264.37
6385,5.59,9.40,26.66,32.32,29.49,0.00,200.00,0.00,0.00,578.66,-1306.77
6386,4.86,9.40,26.04,32.04,29.04,0.00,200.00,0.00,0.00,565.23,-1328.59
6387,4.59,9.40,25.51,31.75,28.63,0.00,200.00,0.00,0.00,553.85,-1327.71
6388,4.80,9.40,25.10,31.47,28.28,0.00,200.00,0.00,0.00,544.81,-1303.55
6389,5.48,9.40,24.80,31.19,27.99,0.00,200.00,0.00,0.00,538.26,-1257.11
6390,6.57,9.40,24.61,30.93,27.77,0.00,200.00,0.00,0.00,534.18,-1190.91
6391,8.01,9.40,24.70,30.81,27.75,602.40,200.00,0.00,0.00,536.13,-1114.44
6392,9.69,9.40,25.19,30.90,28.04,2037.47,200.00,0.00,0.00,546.77,-1036.87
6393,11.50,9.40,26.03,31.19,28.61,3500.42,200.00,0.00,0.00,565.16,-962.75
6394,13.31,9.40,27.00,31.64,29.32,4767.96,200.00,-11.08,0.00,586.12,-896.19
6395,15.00,9.40,27.00,32.19,29.60,5609.24,200.00,-102.66,0.00,586.12,-840.19
6396,16.47,9.40,27.00,32.76,29.88,5855.87,200.00,-194.00,0.00,586.12,-796.74
6397,17.59,9.40,27.00,33.30,30.15,5440.70,200.00,-273.88,0.00,586.12,-767.71
6398,18.31,9.40,27.00,33.73,30.36,4484.45,200.00,-333.36,0.00,586.12,-753.42
6399,18.58,9.40,27.00,34.00,30.50,3136.18,200.00,-366.07,0.00,586.12,-753.57
6400,18.37,9.40,27.00,34.07,30.54,1682.52,200.00,-369.69,0.00,586.12,-767.67
6401,17.70,9.40,27.00,33.98,30.49,429.93,200.00,-347.60,0.00,586.12,-795.50
6402,16.63,9.40,27.00,33.79,30.39,0.00,200.00,-310.12,0.00,586.12,-838.68
6403,15.22,9.40,27.00,33.58,30.29,0.00,200.00,-266.72,0.00,586.12,-897.64
6404,13.57,9.40,27.00,33.37,30.18,0.00,200.00,-218.38,0.00,586.12,-967.45
6405,11.81,9.40,27.00,33.13,30.07,0.00,200.00,-166.49,0.00,586.12,-1042.48
6406,10.04,9.40,27.00,32.89,29.94,0.00,200.00,-112.75,0.00,586.12,-1116.71
6407,8.40,9.40,27.00,32.63,29.81,0.00,200.00,-59.05,0.00,586.12,-1184.20
6408,6.75,9.40,27.00,32.36,29.68,0.00,200.00,-3.52,0.00,586.12,-1251.87
6409,5.68,9.40,26.38,32.08,29.23,0.00,200.00,0.00,0.00,572.69,-1290.13
6410,5.03,9.40,25.79,31.79,28.79,0.00,200.00,0.00,0.00,559.87,-1308.03
6411,4.85,9.40,25.30,31.51,28.40,0.00,200.00,0.00,0.00,549.12,-1303.48
6412,5.13,9.40,24.91,31.24,28.07,0.00,200.00,0.00,0.00,540.72,-1275.93
6413,5.88,9.40,24.64,30.97,27.80,0.00,200.00,0.00,0.00,534.80,-1226.42
6414,7.04,9.40,24.48,30.72,27.60,0.00,200.00,0.00,0.00,531.34,-1157.50
6415,8.53,9.40,24.59,30.59,27.59,606.89,200.00,0.00,0.00,533.90,-1078.64
6416,10.26,9.40,25.11,30.70,27.91,2063.43,200.00,0.00,0.00,545.19,-999.20
6417,12.10,9.40,25.99,31.00,28.50,3542.16,200.00,0.00,0.00,564.26,-923.70
6418,13.95,9.40,27.00,31.46,29.23,4809.65,200.00,-10.20,0.00,586.12,-856.19
6419,15.66,9.40,27.00,32.02,29.51,5652.50,200.00,-103.79,0.00,586.12,-799.68
6420,17.14,9.40,27.00,32.61,29.80,5890.70,200.00,-196.89,0.00,586.12,-756.14
6421,18.27,9.40,27.00,33.15,30.08,5477.14,200.00,-278.38,0.00,586.12,-727.47
6422,18.98,9.40,27.00,33.59,30.30,4514.46,200.00,-339.22,0.00,586.12,-713.97
6423,19.23,9.40,27.00,33.87,30.43,3162.08,200.00,-373.04,0.00,586.12,-715.32
6424,19.00,9.40,27.00,33.95,30.48,1700.32,200.00,-377.47,0.00,586.12,-731.01
6425,18.30,9.40,27.00,33.86,30.43,432.16,200.00,-355.76,0.00,586.12,-760.73
6426,17.18,9.40,27.00,33.68,30.34,0.00,200.00,-318.54,0.00,586.12,-806.27
6427,15.72,9.40,27.00,33.48,30.24,0.00,200.00,-275.19,0.00,586.12,-867.96
6428,14.02,9.40,27.00,33.27,30.13,0.00,200.00,-226.69,0.00,586.12,-940.85
6429,12.19,9.40,27.00,33.04,30.02,0.00,200.00,-174.43,0.00,586.12,-1019.26
6430,10.36,9.40,27.00,32.80,29.90,0.00,200.00,-120.11,0.00,586.12,-1097.15
6431,8.64,9.40,27.00,32.54,29.77,0.00,200.00,-65.61,0.00,586.12,-1168.54
6432,6.90,9.40,27.00,32.28,29.64,0.00,200.00,-9.09,0.00,586.12,-1240.34
6433,5.75,9.40,26.44,32.00,29.22,0.00,200.00,0.00,0.00,574.01,-1282.87
6434,5.01,9.40,25.83,31.71,28.77,0.00,200.00,0.00,0.00,560.78,-1305.14
6435,4.73,9.40,25.32,31.43,28.37,0.00,200.00,0.00,0.00,549.57,-1305.04
6436,4.93,9.40,24.91,31.15,28.03,0.00,200.00,0.00,0.00,540.66,-1281.97
6437,5.58,9.40,24.61,30.89,27.75,0.00,200.00,0.00,0.00,534.19,-1236.92
6438,6.64,9.40,24.42,30.63,27.53,0.00,200.00,0.00,0.00,530.15,-1172.39
6439,8.05,9.40,24.51,30.50,27.51,610.47,200.00,0.00,0.00,532.07,-1097.77
6440,9.68,9.40,25.00,30.60,27.80,2088.91,200.00,0.00,0.00,542.78,-1022.53
6441,11.45,9.40,25.86,30.90,28.38,3583.61,200.00,0.00,0.00,561.30,-951.11
6442,13.21,9.40,26.98,31.36,29.17,4850.98,200.00,0.00,0.00,585.66,-887.46
6443,14.85,9.40,27.00,31.92,29.46,5695.45,200.00,-90.16,0.00,586.12,-834.54
6444,16.25,9.40,27.00,32.50,29.75,5925.20,200.00,-181.27,0.00,586.12,-794.25
6445,17.32,9.40,27.00,33.04,30.02,5513.32,200.00,-260.78,0.00,586.12,-768.51
6446,17.97,9.40,27.00,33.47,30.24,4544.19,200.00,-319.62,0.00,586.12,-757.54
6447,18.17,9.40,27.00,33.74,30.37,3187.77,200.00,-351.45,0.00,586.12,-761.01
6448,17.89,9.40,27.00,33.82,30.41,1717.89,200.00,-353.88,0.00,586.12,-778.37
6449,17.16,9.40,27.00,33.72,30.36,433.92,200.00,-330.02,0.00,586.12,-809.21
6450,16.02,9.40,27.00,33.52,30.26,0.00,200.00,-290.95,0.00,586.12,-855.53
6451,14.54,9.40,27.00,33.31,30.16,0.00,200.00,-245.88,0.00,586.12,-917.55
6452,12.83,9.40,27.00,33.09,30.05,0.00,200.00,-195.83,0.00,586.12,-990.32
6453,11.00,9.40,27.00,32.86,29.93,0.00,200.00,-142.19,0.00,586.12,-1068.16
6454,9.18,9.40,27.00,32.61,29.80,0.00,200.00,-86.67,0.00,586.12,-1145.04
6455,7.48,9.40,27.00,32.34,29.67,0.00,200.00,-31.19,0.00,586.12,-1214.99
6456,5.78,9.40,26.64,32.06,29.35,0.00,200.00,0.00,0.00,578.27,-1284.93
6457,4.67,9.40,25.95,31.78,28.86,0.00,200.00,0.00,0.00,563.26,-1325.17
6458,3.97,9.40,25.33,31.49,28.41,0.00,200.00,0.00,0.00,549.93,-1344.78
6459,3.75,9.40,24.81,31.20,28.01,0.00,200.00,0.00,0.00,538.68,-1341.66
6460,4.00,9.40,24.41,30.91,27.66,0.00,200.00,0.00,0.00,529.80,-1315.25
6461,4.72,9.40,24.11,30.64,27.37,0.00,200.00,0.00,0.00,523.42,-1266.57
6462,5.86,9.40,23.93,30.38,27.15,0.00,200.00,0.00,0.00,519.54,-1198.15
6463,7.34,9.40,24.03,30.24,27.14,613.08,200.00,0.00,0.00,521.66,-1119.38
6464,9.07,9.40,24.54,30.34,27.44,2113.88,200.00,0.00,0.00,532.71,-1039.94
6465,10.92,9.40,25.41,30.64,28.03,3624.74,200.00,0.00,0.00,551.68,-964.25
6466,12.77,9.40,26.56,31.10,28.83,4891.94,200.00,0.00,0.00,576.54,-896.24
6467,14.50,9.40,27.00,31.66,29.33,5736.44,200.00,-61.61,0.00,586.12,-838.92
6468,15.99,9.40,27.00,32.24,29.62,5959.33,200.00,-154.61,0.00,586.12,-794.23
6469,17.15,9.40,27.00,32.79,29.89,5549.23,200.00,-236.14,0.00,586.12,-764.12
6470,17.90,9.40,27.00,33.22,30.11,4573.63,200.00,-297.05,0.00,586.12,-748.84
6471,18.19,9.40,27.00,33.50,30.25,3213.22,200.00,-330.98,0.00,586.12,-748.11
6472,18.00,9.40,27.00,33.58,30.29,1735.22,200.00,-335.50,0.00,586.12,-761.40
6473,17.35,9.40,27.00,33.48,30.24,435.14,200.00,-313.54,0.00,586.12,-788.29
6474,16.29,9.40,27.00,33.29,30.15,0.00,200.00,-276.53,0.00,586.12,-830.98
6475,14.89,9.40,27.00,33.09,30.04,0.00,200.00,-233.54,0.00,586.12,-889.67
6476,13.25,9.40,27.00,32.87,29.94,0.00,200.00,-185.55,0.00,586.12,-959.43
6477,11.48,9.40,27.00,32.64,29.82,0.00,200.00,-133.95,0.00,586.12,-1034.61
6478,9.71,9.40,27.00,32.40,29.70,0.00,200.00,-80.42,0.00,586.12,-1109.22
6479,8.06,9.40,27.00,32.14,29.57,0.00,200.00,-26.85,0.00,586.12,-1177.28
6480,6.39,9.40,26.60,31.87,29.24,0.00,200.00,0.00,0.00,577.51,-1245.79
6481,5.31,9.40,25.94,31.60,28.77,0.00,200.00,0.00,0.00,563.01,-1285.00
6482,4.64,9.40,25.34,31.31,28.33,0.00,200.00,0.00,0.00,550.15,-1304.04
6483,4.42,9.40,24.84,31.03,27.94,0.00,200.00,0.00,0.00,539.33,-1300.79
6484,4.68,9.40,24.45,30.76,27.60,0.00,200.00,0.00,0.00,530.83,-1274.70
6485,5.39,9.40,24.17,30.49,27.33,0.00,200.00,0.00,0.00,524.78,-1226.79
6486,6.51,9.40,24.01,30.24,27.12,0.00,200.00,0.00,0.00,521.17,-1159.59
6487,7.97,9.40,24.11,30.11,27.11,614.63,200.00,0.00,0.00,523.47,-1082.39
6488,9.65,9.40,24.63,30.22,27.42,2138.30,200.00,0.00,0.00,534.74,-1005.06
6489,11.46,9.40,25.52,30.53,28.02,3665.51,200.00,0.00,0.00,553.90,-931.94
6490,13.26,9.40,26.67,31.00,28.83,4932.49,200.00,0.00,0.00,578.90,-866.87
6491,14.94,9.40,27.00,31.56,29.28,5772.44,200.00,-69.63,0.00,586.12,-812.80
6492,16.37,9.40,27.00,32.15,29.58,5993.09,200.00,-162.54,0.00,586.12,-771.66
6493,17.45,9.40,27.00,32.70,29.85,5584.85,200.00,-243.77,0.00,586.12,-745.37
6494,18.12,9.40,27.00,33.14,30.07,4602.79,200.00,-304.09,0.00,586.12,-734.12
6495,18.33,9.40,27.00,33.42,30.21,3238.44,200.00,-337.18,0.00,586.12,-737.58
6496,18.05,9.40,27.00,33.50,30.25,1752.27,200.00,-340.56,0.00,586.12,-755.18
6497,17.32,9.40,27.00,33.40,30.20,435.78,200.00,-317.04,0.00,586.12,-786.37
6498,16.16,9.40,27.00,33.21,30.11,0.00,200.00,-278.44,0.00,586.12,-833.51
6499,14.67,9.40,27.00,33.01,30.01,0.00,200.00,-233.71,0.00,586.12,-896.67
6500,12.93,9.40,27.00,32.79,29.90,0.00,200.00,-183.85,0.00,586.12,-970.88
6501,11.07,9.40,27.00,32.56,29.78,0.00,200.00,-130.26,0.00,586.12,-1050.45
6502,9.21,9.40,27.00,32.31,29.66,0.00,200.00,-74.64,0.00,586.12,-1129.31
6503,7.47,9.40,27.00,32.05,29.53,0.00,200.00,-18.90,0.00,586.12,-1201.49
6504,5.71,9.40,26.46,31.78,29.12,0.00,200.00,0.00,0.00,574.46,-1273.91
6505,4.55,9.40,25.76,31.49,28.63,0.00,200.00,0.00,0.00,559.28,-1316.79
6506,3.81,9.40,25.14,31.20,28.17,0.00,200.00,0.00,0.00,545.73,-1339.21
6507,3.52,9.40,24.61,30.91,27.76,0.00,200.00,0.00,0.00,534.23,-1339.04
6508,3.71,9.40,24.19,30.63,27.41,0.00,200.00,0.00,0.00,525.06,-1315.69
6509,4.37,9.40,23.88,30.35,27.12,0.00,200.00,0.00,0.00,518.36,-1270.15
6510,5.44,9.40,23.68,30.09,26.89,0.00,200.00,0.00,0.00,514.11,-1204.92
6511,6.85,9.40,23.76,29.96,26.86,615.05,200.00,0.00,0.00,515.74,-1129.17
6512,8.51,9.40,24.25,30.05,27.15,2162.12,200.00,0.00,0.00,526.45,-1052.96
6513,10.29,9.40,25.11,30.35,27.73,3702.33,200.00,0.00,0.00,545.13,-980.57
6514,12.08,9.40,26.24,30.81,28.53,4972.60,200.00,0.00,0.00,569.69,-915.80
6515,13.75,9.40,27.00,31.37,29.19,5807.99,200.00,-37.63,0.00,586.12,-861.58
6516,15.18,9.40,27.00,31.95,29.48,6026.47,200.00,-129.37,0.00,586.12,-819.83
6517,16.28,9.40,27.00,32.49,29.75,5620.17,200.00,-209.63,0.00,586.12,-792.50
6518,16.97,9.40,27.00,32.93,29.96,4631.64,200.00,-269.12,0.00,586.12,-779.75
6519,17.21,9.40,27.00,33.19,30.10,3263.40,200.00,-301.55,0.00,586.12,-781.28
6520,16.97,9.40,27.00,33.27,30.14,1769.04,200.00,-304.41,0.00,586.12,-796.53
6521,16.28,9.40,27.00,33.16,30.08,435.77,200.00,-280.46,0.00,586.12,-824.91
6522,15.18,9.40,27.00,32.96,29.98,0.00,200.00,-241.78,0.00,586.12,-869.01
6523,13.75,9.40,27.00,32.75,29.88,0.00,200.00,-197.20,0.00,586.12,-928.81
6524,12.09,9.40,27.00,32.53,29.77,0.00,200.00,-147.70,0.00,586.12,-999.37
6525,10.30,9.40,27.00,32.30,29.65,0.00,200.00,-94.68,0.00,586.12,-1075.03
6526,8.52,9.40,27.00,32.04,29.52,0.00,200.00,-39.85,0.00,586.12,-1149.79
6527,6.87,9.40,26.79,31.78,29.29,0.00,200.00,0.00,0.00,581.64,-1217.68
6528,5.20,9.40,26.01,31.50,28.76,0.00,200.00,0.00,0.00,564.66,-1285.69
6529,4.13,9.40,25.33,31.22,28.27,0.00,200.00,0.00,0.00,549.88,-1324.07
6530,3.47,9.40,24.73,30.93,27.83,0.00,200.00,0.00,0.00,536.79,-1341.95
6531,3.28,9.40,24.22,30.64,27.43,0.00,200.00,0.00,0.00,525.79,-1337.25
6532,3.57,9.40,23.82,30.35,27.09,0.00,200.00,0.00,0.00,517.16,-1309.42
6533,4.31,9.40,23.54,30.08,26.81,0.00,200.00,0.00,0.00,511.02,-1259.50
6534,5.48,9.40,23.37,29.82,26.60,0.00,200.00,0.00,0.00,507.37,-1190.03
6535,6.98,9.40,23.47,29.69,26.58,614.24,200.00,0.00,0.00,509.57,-1110.11
6536,8.71,9.40,24.00,29.79,26.89,2185.31,200.00,0.00,0.00,520.92,-1030.06
6537,10.57,9.40,24.89,30.09,27.49,3735.17,200.00,0.00,0.00,540.29,-954.12
6538,12.43,9.40,26.05,30.56,28.31,5012.27,200.00,0.00,0.00,565.57,-886.12
6539,14.17,9.40,27.00,31.13,29.06,5843.08,200.00,-26.21,0.00,586.12,-828.99
6540,15.66,9.40,27.00,31.72,29.36,6059.45,200.00,-120.21,0.00,586.12,-784.70
6541,16.82,9.40,27.00,32.27,29.63,5654.25,200.00,-202.68,0.00,586.12,-755.20
6542,17.55,9.40,27.00,32.71,29.85,4660.18,200.00,-264.25,0.00,586.12,-740.67
6543,17.83,9.40,27.00,32.98,29.99,3288.10,200.00,-298.63,0.00,586.12,-740.83
6544,17.62,9.40,27.00,33.07,30.03,1785.49,200.00,-303.24,0.00,586.12,-755.10
6545,16.95,9.40,27.00,32.96,29.98,435.05,200.00,-280.75,0.00,586.12,-782.89
6546,15.86,9.40,27.00,32.78,29.89,0.00,200.00,-243.50,0.00,586.12,-826.96
6547,14.43,9.40,27.00,32.58,29.79,0.00,200.00,-200.18,0.00,586.12,-887.16
6548,12.75,9.40,27.00,32.36,29.68,0.00,200.00,-151.77,0.00,586.12,-958.57
6549,10.95,9.40,27.00,32.13,29.57,0.00,200.00,-99.64,0.00,586.12,-1035.53
6550,9.14,9.40,27.00,31.89,29.44,0.00,200.00,-45.50,0.00,586.12,-1112.01
6551,7.45,9.40,26.88,31.63,29.26,0.00,200.00,0.00,0.00,583.48,-1182.02
6552,5.74,9.40,26.10,31.36,28.73,0.00,200.00,0.00,0.00,566.58,-1252.55
6553,4.61,9.40,25.42,31.08,28.25,0.00,200.00,0.00,0.00,551.82,-1293.80
6554,3.90,9.40,24.82,30.80,27.81,0.00,200.00,0.00,0.00,538.68,-1314.89
6555,3.64,9.40,24.30,30.51,27.41,0.00,200.00,0.00,0.00,527.57,-1313.69
6556,3.85,9.40,23.90,30.23,27.07,0.00,200.00,0.00,0.00,518.75,-1289.63
6557,4.52,9.40,23.60,29.96,26.78,0.00,200.00,0.00,0.00,512.38,-1243.70
6558,5.60,9.40,23.42,29.71,26.56,0.00,200.00,0.00,0.00,508.43,-1178.41
6559,7.01,9.40,23.51,29.58,26.54,612.13,200.00,0.00,0.00,510.29,-1102.84
6560,8.66,9.40,24.02,29.68,26.85,2207.81,200.00,0.00,0.00,521.41,-1027.49
6561,10.43,9.40,24.90,30.00,27.45,3767.45,200.00,0.00,0.00,540.54,-956.39
6562,12.20,9.40,26.05,30.47,28.26,5051.45,200.00,0.00,0.00,565.54,-893.27
6563,13.84,9.40,27.00,31.04,29.02,5877.68,200.00,-24.96,0.00,586.12,-840.96
6564,15.24,9.40,27.00,31.63,29.32,6092.02,200.00,-117.59,0.00,586.12,-801.38
6565,16.30,9.40,27.00,32.19,29.59,5683.41,200.00,-198.51,0.00,586.12,-776.46
6566,16.95,9.40,27.00,32.63,29.81,4688.40,200.00,-258.38,0.00,586.12,-766.30
6567,17.14,9.40,27.00,32.90,29.95,3312.53,200.00,-290.88,0.00,586.12,-770.58
6568,16.85,9.40,27.00,32.99,29.99,1801.62,200.00,-293.41,0.00,586.12,-788.66
6569,16.10,9.40,27.00,32.87,29.94,433.52,200.00,-268.30,0.00,586.12,-819.70
6570,14.95,9.40,27.00,32.68,29.84,0.00,200.00,-228.66,0.00,586.12,-866.78
6571,13.45,9.40,27.00,32.47,29.73,0.00,200.00,-183.00,0.00,586.12,-929.66
6572,11.72,9.40,27.00,32.25,29.62,0.00,200.00,-132.30,0.00,586.12,-1003.38
6573,9.87,9.40,27.00,32.01,29.50,0.00,200.00,-77.97,0.00,586.12,-1082.24
6574,8.02,9.40,27.00,31.76,29.38,0.00,200.00,-21.72,0.00,586.12,-1160.21
6575,6.30,9.40,26.52,31.49,29.01,0.00,200.00,0.00,0.00,575.74,-1231.28
6576,4.56,9.40,25.72,31.21,28.46,0.00,200.00,0.00,0.00,558.28,-1302.42
6577,3.43,9.40,25.01,30.92,27.97,0.00,200.00,0.00,0.00,543.02,-1343.83
6578,2.71,9.40,24.39,30.62,27.51,0.00,200.00,0.00,0.00,529.42,-1364.62
6579,2.45,9.40,23.86,30.33,27.09,0.00,200.00,0.00,0.00,517.90,-1362.69
6580,2.68,9.40,23.44,30.04,26.74,0.00,200.00,0.00,0.00,508.74,-1337.44
6581,3.37,9.40,23.13,29.76,26.45,0.00,200.00,0.00,0.00,502.08,-1289.90
6582,4.49,9.40,22.94,29.50,26.22,0.00,200.00,0.00,0.00,497.90,-1222.59
6583,5.94,9.40,23.01,29.35,26.18,608.64,200.00,0.00,0.00,499.56,-1144.51
6584,7.64,9.40,23.52,29.45,26.49,2229.60,200.00,0.00,0.00,510.63,-1066.41
6585,9.46,9.40,24.41,29.76,27.09,3799.15,200.00,0.00,0.00,529.81,-992.29
6586,11.29,9.40,25.56,30.24,27.90,5090.13,200.00,0.00,0.00,554.96,-925.85
6587,13.01,9.40,26.87,30.80,28.83,5911.79,200.00,0.00,0.00,583.22,-869.94
6588,14.48,9.40,27.00,31.39,29.20,6124.17,200.00,-83.81,0.00,586.12,-826.52
6589,15.63,9.40,27.00,31.94,29.47,5712.17,200.00,-165.72,0.00,586.12,-797.54
6590,16.36,9.40,27.00,32.38,29.69,4716.29,200.00,-226.75,0.00,586.12,-783.15
6591,16.64,9.40,27.00,32.66,29.83,3377.94,200.00,-260.88,0.00,586.12,-783.25
6592,16.44,9.40,27.00,32.74,29.87,1817.38,200.00,-264.78,0.00,586.12,-796.83
6593,15.79,9.40,27.00,32.63,29.81,427.95,200.00,-240.91,0.00,586.12,-823.21
6594,14.72,9.40,27.00,32.43,29.72,0.00,200.00,-202.88,0.00,586.12,-865.77
6595,13.32,9.40,27.00,32.23,29.61,0.00,200.00,-158.94,0.00,586.12,-924.18
6596,11.68,9.40,27.00,32.01,29.50,0.00,200.00,-110.07,0.00,586.12,-993.53
6597,9.92,9.40,27.00,31.77,29.39,0.00,200.00,-57.67,0.00,586.12,-1068.18
6598,8.16,9.40,27.00,31.52,29.26,0.00,200.00,-3.42,0.00,586.12,-1142.13
6599,6.52,9.40,26.30,31.26,28.78,0.00,200.00,0.00,0.00,570.86,-1209.39
6600,4.86,9.40,25.52,30.98,28.25,0.00,200.00,0.00,0.00,554.03,-1276.98
6601,3.79,9.40,24.85,30.70,27.77,0.00,200.00,0.00,0.00,539.39,-1315.16
6602,3.14,9.40,24.25,30.41,27.33,0.00,200.00,0.00,0.00,526.41,-1333.05
6603,2.95,9.40,23.75,30.13,26.94,0.00,200.00,0.00,0.00,515.50,-1328.58
6604,3.22,9.40,23.35,29.84,26.60,0.00,200.00,0.00,0.00,506.93,-1301.18
6605,3.96,9.40,23.07,29.57,26.32,0.00,200.00,0.00,0.00,500.83,-1251.90
6606,5.11,9.40,22.90,29.32,26.11,0.00,200.00,0.00,0.00,497.20,-1183.27
6607,6.59,9.40,23.00,29.18,26.09,603.69,200.00,0.00,0.00,499.30,-1104.21
6608,8.30,9.40,23.53,29.29,26.41,2250.62,200.00,0.00,0.00,510.88,-1025.73
6609,10.14,9.40,24.44,29.61,27.02,3830.24,200.00,0.00,0.00,530.57,-951.73
6610,11.97,9.40,25.62,30.09,27.86,5128.28,200.00,0.00,0.00,556.19,-885.89
6611,13.67,9.40,26.94,30.67,28.80,5945.39,200.00,0.00,0.00,584.85,-831.01
6612,15.12,9.40,27.00,31.27,29.13,6155.87,200.00,-90.33,0.00,586.12,-789.04
6613,16.24,9.40,27.00,31.83,29.41,5740.53,200.00,-173.10,0.00,586.12,-761.91
6614,16.94,9.40,27.00,32.28,29.64,4743.84,200.00,-234.75,0.00,586.12,-749.78
6615,17.17,9.40,27.00,32.56,29.78,3401.54,200.00,-269.23,0.00,586.12,-752.49
6616,16.92,9.40,27.00,32.65,29.82,1832.78,200.00,-273.16,0.00,586.12,-768.98
6617,16.20,9.40,27.00,32.54,29.77,421.55,200.00,-248.84,0.00,586.12,-798.49
6618,15.07,9.40,27.00,32.35,29.67,0.00,200.00,-210.32,0.00,586.12,-844.57
6619,13.59,9.40,27.00,32.14,29.57,0.00,200.00,-165.69,0.00,586.12,-906.77
6620,11.87,9.40,27.00,31.92,29.46,0.00,200.00,-115.93,0.00,586.12,-980.13
6621,10.03,9.40,27.00,31.69,29.35,0.00,200.00,-62.44,0.00,586.12,-1058.96
6622,8.18,9.40,27.00,31.44,29.22,0.00,200.00,-6.91,0.00,586.12,-1137.23
6623,6.45,9.40,26.33,31.18,28.75,0.00,200.00,0.00,0.00,571.48,-1208.90
6624,4.70,9.40,25.53,30.90,28.22,0.00,200.00,0.00,0.00,554.16,-1280.96
6625,3.54,9.40,24.83,30.62,27.72,0.00,200.00,0.00,0.00,538.99,-1323.61
6626,2.79,9.40,24.20,30.33,27.27,0.00,200.00,0.00,0.00,525.44,-1345.93
6627,2.51,9.40,23.67,30.04,26.86,0.00,200.00,0.00,0.00,513.93,-1345.80
6628,2.70,9.40,23.25,29.75,26.50,0.00,200.00,0.00,0.00,504.73,-1322.62
6629,3.35,9.40,22.94,29.48,26.21,0.00,200.00,0.00,0.00,497.99,-1277.38
6630,4.41,9.40,22.74,29.21,25.98,0.00,200.00,0.00,0.00,493.69,-1212.57
6631,5.81,9.40,22.81,29.07,25.94,597.21,200.00,0.00,0.00,495.05,-1136.97
6632,7.45,9.40,23.31,29.17,26.24,2270.84,200.00,0.00,0.00,506.00,-1061.83
6633,9.21,9.40,24.19,29.49,26.84,3860.69,200.00,0.00,0.00,525.09,-990.89
6634,10.98,9.40,25.34,29.96,27.65,5165.87,200.00,0.00,0.00,550.14,-927.79
6635,12.63,9.40,26.64,30.53,28.59,5978.46,200.00,0.00,0.00,578.24,-875.26
6636,14.04,9.40,27.00,31.13,29.06,6187.12,200.00,-66.47,0.00,586.12,-835.24
6637,15.11,9.40,27.00,31.68,29.34,5768.48,200.00,-147.44,0.00,586.12,-809.63
6638,15.78,9.40,27.00,32.12,29.56,4771.04,200.00,-207.39,0.00,586.12,-798.57
6639,15.99,9.40,27.00,32.40,29.70,3424.82,200.00,-240.25,0.00,586.12,-801.89
6640,15.73,9.40,27.00,32.47,29.74,1845.65,200.00,-242.58,0.00,586.12,-818.50
6641,15.01,9.40,27.00,32.35,29.68,414.28,200.00,-216.58,0.00,586.12,-847.54
6642,13.88,9.40,27.00,32.15,29.57,0.00,200.00,-176.79,0.00,586.12,-892.83
6643,12.42,9.40,27.00,31.94,29.47,0.00,200.00,-131.08,0.00,586.12,-953.79
6644,10.73,9.40,27.00,31.71,29.36,0.00,200.00,-80.45,0.00,586.12,-1025.50
6645,8.92,9.40,27.00,31.47,29.24,0.00,200.00,-26.29,0.00,586.12,-1102.26
6646,7.11,9.40,26.59,31.21,28.90,0.00,200.00,0.00,0.00,577.20,-1178.05
6647,5.44,9.40,25.82,30.94,28.38,0.00,200.00,0.00,0.00,560.42,-1246.89
6648,3.74,9.40,25.02,30.66,27.84,0.00,200.00,0.00,0.00,543.10,-1315.76
6649,2.65,9.40,24.32,30.37,27.35,0.00,200.00,0.00,0.00,527.99,-1354.91
6650,1.97,9.40,23.70,30.07,26.89,0.00,200.00,0.00,0.00,514.58,-1373.47
6651,1.76,9.40,23.18,29.78,26.48,0.00,200.00,0.00,0.00,503.26,-1369.34
6652,2.03,9.40,22.77,29.49,26.13,0.00,200.00,0.00,0.00,494.32,-1341.97
6653,2.77,9.40,22.48,29.21,25.84,0.00,200.00,0.00,0.00,487.89,-1292.39
6654,3.92,9.40,22.29,28.94,25.62,0.00,200.00,0.00,0.00,483.96,-1223.13
6655,5.41,9.40,22.37,28.80,25.58,589.11,200.00,0.00,0.00,485.68,-1142.88
6656,7.15,9.40,22.90,28.90,25.90,2290.21,200.00,0.00,0.00,497.14,-1063.23
6657,9.01,9.40,23.81,29.21,26.51,3890.46,200.00,0.00,0.00,516.82,-987.87
6658,10.87,9.40,24.99,29.70,27.34,5202.89,200.00,0.00,0.00,542.52,-920.44
6659,12.60,9.40,26.32,30.27,28.29,6010.98,200.00,0.00,0.00,571.28,-863.67
6660,14.10,9.40,27.00,30.87,28.93,6217.91,200.00,-45.54,0.00,586.12,-819.58
6661,15.26,9.40,27.00,31.43,29.21,5796.01,200.00,-128.80,0.00,586.12,-790.07
6662,16.01,9.40,27.00,31.88,29.44,4797.88,200.00,-191.05,0.00,586.12,-775.34
6663,16.30,9.40,27.00,32.16,29.58,3447.76,200.00,-226.17,0.00,586.12,-775.24
6664,16.11,9.40,27.00,32.24,29.62,1854.73,200.00,-230.63,0.00,586.12,-788.67
6665,15.46,9.40,27.00,32.12,29.56,406.10,200.00,-206.50,0.00,586.12,-814.76
6666,14.39,9.40,27.00,31.93,29.47,0.00,200.00,-168.75,0.00,586.12,-857.59
6667,12.98,9.40,27.00,31.73,29.36,0.00,200.00,-125.01,0.00,586.12,-916.48
6668,11.33,9.40,27.00,31.51,29.25,0.00,200.00,-76.26,0.00,586.12,-986.52
6669,9.55,9.40,27.00,31.28,29.14,0.00,200.00,-23.88,0.00,586.12,-1062.05
6670,7.77,9.40,26.58,31.03,28.80,0.00,200.00,0.00,0.00,576.98,-1137.05
6671,6.10,9.40,25.83,30.77,28.30,0.00,200.00,0.00,0.00,560.65,-1205.54
6672,4.42,9.40,25.05,30.49,27.77,0.00,200.00,0.00,0.00,543.74,-1274.50
6673,3.32,9.40,24.37,30.21,27.29,0.00,200.00,0.00,0.00,528.99,-1314.21
6674,2.63,9.40,23.76,29.92,26.84,0.00,200.00,0.00,0.00,515.88,-1333.77
6675,2.40,9.40,23.25,29.63,26.44,0.00,200.00,0.00,0.00,504.81,-1331.07
6676,2.64,9.40,22.85,29.35,26.10,0.00,200.00,0.00,0.00,496.05,-1305.55
6677,3.34,9.40,22.56,29.08,25.82,0.00,200.00,0.00,0.00,489.74,-1258.22
6678,4.44,9.40,22.38,28.82,25.60,0.00,200.00,0.00,0.00,485.87,-1191.59
6679,5.88,9.40,22.46,28.67,25.57,579.34,200.00,0.00,0.00,487.51,-1114.19
6680,7.55,9.40,22.98,28.78,25.88,2308.70,200.00,0.00,0.00,498.93,-1037.87
6681,9.34,9.40,23.89,29.11,26.50,3919.55,200.00,0.00,0.00,518.56,-966.19
6682,11.12,9.40,25.07,29.59,27.33,5239.31,200.00,0.00,0.00,544.16,-902.72
6683,12.78,9.40,26.38,30.17,28.28,6042.95,200.00,0.00,0.00,572.74,-850.10
6684,14.20,9.40,27.00,30.78,28.89,6248.22,200.00,-49.57,0.00,586.12,-810.33
6685,15.27,9.40,27.00,31.34,29.17,5823.11,200.00,-131.76,0.00,586.12,-785.26
6686,15.93,9.40,27.00,31.79,29.39,4824.36,200.00,-192.75,0.00,586.12,-775.04
6687,16.13,9.40,27.00,32.07,29.54,3470.37,200.00,-226.40,0.00,586.12,-779.46
6688,15.84,9.40,27.00,32.15,29.58,1863.32,200.00,-229.07,0.00,586.12,-797.36
6689,15.09,9.40,27.00,32.03,29.51,396.98,200.00,-202.82,0.00,586.12,-827.74
6690,13.93,9.40,27.00,31.83,29.42,0.00,200.00,-163.04,0.00,586.12,-874.91
6691,12.43,9.40,27.00,31.62,29.31,0.00,200.00,-117.20,0.00,586.12,-938.00
6692,10.69,9.40,27.00,31.40,29.20,0.00,200.00,-66.27,0.00,586.12,-1012.06
6693,8.83,9.40,27.00,31.16,29.08,0.00,200.00,-11.67,0.00,586.12,-1091.39
6694,6.97,9.40,26.38,30.91,28.64,0.00,200.00,0.00,0.00,572.63,-1169.92
6695,5.24,9.40,25.60,30.64,28.12,0.00,200.00,0.00,0.00,555.63,-1241.66
6696,3.48,9.40,24.79,30.36,27.57,0.00,200.00,0.00,0.00,538.05,-1313.52
6697,2.33,9.40,24.08,30.06,27.07,0.00,200.00,0.00,0.00,522.65,-1355.79
6698,1.59,9.40,23.44,29.77,26.61,0.00,200.00,0.00,0.00,508.89,-1377.53
6699,1.31,9.40,22.90,29.47,26.19,0.00,200.00,0.00,0.00,497.20,-1376.61
6700,1.51,9.40,22.47,29.18,25.83,0.00,200.00,0.00,0.00,487.86,-1352.44
6701,2.18,9.40,22.16,28.90,25.53,0.00,200.00,0.00,0.00,481.00,-1306.03
6702,3.27,9.40,21.96,28.63,25.29,0.00,200.00,0.00,0.00,476.62,-1239.88
6703,4.69,9.40,22.01,28.47,25.24,567.83,200.00,0.00,0.00,477.71,-1162.35
6704,6.36,9.40,22.51,28.57,25.54,2326.25,200.00,0.00,0.00,488.75,-1085.64
6705,8.16,9.40,23.41,28.89,26.15,3947.92,200.00,0.00,0.00,508.09,-1013.17
6706,9.96,9.40,24.58,29.37,26.97,5275.11,200.00,0.00,0.00,533.48,-948.51
6707,11.65,9.40,25.88,29.94,27.91,6074.34,200.00,0.00,0.00,561.89,-894.26
6708,13.10,9.40,27.00,30.54,28.77,6278.04,200.00,-13.08,0.00,586.12,-852.46
6709,14.22,9.40,27.00,31.09,29.05,5849.78,200.00,-95.07,0.00,586.12,-824.96
6710,14.93,9.40,27.00,31.54,29.27,4850.47,200.00,-156.05,0.00,586.12,-811.93
6711,15.18,9.40,27.00,31.82,29.41,3492.62,200.00,-189.86,0.00,586.12,-813.19
6712,14.96,9.40,27.00,31.89,29.45,1871.40,200.00,-192.77,0.00,586.12,-827.56
6713,14.29,9.40,27.00,31.76,29.38,386.89,200.00,-166.73,0.00,586.12,-854.04
6714,13.20,9.40,27.00,31.56,29.28,0.00,200.00,-127.63,0.00,586.12,-897.20
6715,11.79,9.40,27.00,31.35,29.17,0.00,200.00,-82.66,0.00,586.12,-956.09
6716,10.14,9.40,27.00,31.12,29.06,0.00,200.00,-32.81,0.00,586.12,-1025.81
6717,8.36,9.40,26.72,30.88,28.80,0.00,200.00,0.00,0.00,579.95,-1100.69
6718,6.59,9.40,25.95,30.63,28.29,0.00,200.00,0.00,0.00,563.40,-1174.69
6719,4.95,9.40,25.19,30.36,27.77,0.00,200.00,0.00,0.00,546.87,-1241.89
6720,3.29,9.40,24.41,30.08,27.24,0.00,200.00,0.00,0.00,529.81,-1309.22
6721,2.23,9.40,23.72,29.79,26.75,0.00,200.00,0.00,0.00,514.95,-1347.07
6722,1.58,9.40,23.12,29.49,26.30,0.00,200.00,0.00,0.00,501.79,-1364.49
6723,1.39,9.40,22.60,29.20,25.90,0.00,200.00,0.00,0.00,490.70,-1359.42
6724,1.68,9.40,22.20,28.91,25.56,0.00,200.00,0.00,0.00,481.99,-1331.31
6725,2.43,9.40,21.92,28.64,25.28,0.00,200.00,0.00,0.00,475.77,-1281.19
6726,3.59,9.40,21.74,28.37,25.06,0.00,200.00,0.00,0.00,472.03,-1211.62
6727,5.08,9.40,21.82,28.22,25.02,554.53,200.00,0.00,0.00,473.68,-1130.83
6728,6.82,9.40,22.36,28.33,25.34,2342.84,200.00,0.00,0.00,485.39,-1051.38
6729,8.67,9.40,23.28,28.65,25.97,3975.54,200.00,0.00,0.00,505.43,-976.60
6730,10.52,9.40,24.48,29.14,26.81,5306.84,200.00,0.00,0.00,531.50,-910.05
6731,12.25,9.40,25.82,29.73,27.77,6105.14,200.00,0.00,0.00,560.57,-854.30
6732,13.73,9.40,27.00,30.33,28.67,6307.37,200.00,-10.72,0.00,586.12,-811.45
6733,14.87,9.40,27.00,30.90,28.95,5876.00,200.00,-94.59,0.00,586.12,-783.31
6734,15.60,9.40,27.00,31.35,29.18,4876.19,200.00,-157.28,0.00,586.12,-770.10
6735,15.86,9.40,27.00,31.64,29.32,3514.51,200.00,-192.58,0.00,586.12,-771.59
6736,15.63,9.40,27.00,31.72,29.36,1878.94,200.00,-196.65,0.00,586.12,-786.57
6737,14.94,9.40,27.00,31.60,29.30,375.79,200.00,-171.37,0.00,586.12,-814.00
6738,13.84,9.40,27.00,31.40,29.20,0.00,200.00,-133.04,0.00,586.12,-858.66
6739,12.39,9.40,27.00,31.20,29.10,0.00,200.00,-88.65,0.00,586.12,-919.48
6740,10.70,9.40,27.00,30.98,28.99,0.00,200.00,-39.16,0.00,586.12,-991.51
6741,8.88,9.40,26.81,30.75,28.78,0.00,200.00,0.00,0.00,581.90,-1069.09
6742,7.05,9.40,26.04,30.50,28.27,0.00,200.00,0.00,0.00,565.32,-1146.14
6743,5.34,9.40,25.28,30.24,27.76,0.00,200.00,0.00,0.00,548.71,-1216.69
6744,3.61,9.40,24.48,29.96,27.22,0.00,200.00,0.00,0.00,531.50,-1287.64
6745,2.48,9.40,23.79,29.67,26.73,0.00,200.00,0.00,0.00,516.44,-1329.36
6746,1.74,9.40,23.17,29.38,26.28,0.00,200.00,0.00,0.00,502.99,-1350.88
6747,1.47,9.40,22.65,29.09,25.87,0.00,200.00,0.00,0.00,491.58,-1350.07
6748,1.67,9.40,22.23,28.81,25.52,0.00,200.00,0.00,0.00,482.48,-1326.33
6749,2.33,9.40,21.92,28.53,25.22,0.00,200.00,0.00,0.00,475.82,-1280.67
6750,3.40,9.40,21.72,28.27,25.00,0.00,200.00,0.00,0.00,471.59,-1215.58
6751,4.80,9.40,21.77,28.10,24.94,539.40,200.00,0.00,0.00,472.62,-1139.11
6752,6.44,9.40,22.29,28.21,25.25,2358.41,200.00,0.00,0.00,483.79,-1064.09
6753,8.20,9.40,23.18,28.53,25.86,4002.39,200.00,0.00,0.00,503.30,-993.72
6754,9.97,9.40,24.36,29.02,26.69,5335.63,200.00,0.00,0.00,528.82,-931.43
6755,11.60,9.40,25.67,29.60,27.64,6135.34,200.00,0.00,0.00,557.32,-879.77
6756,13.00,9.40,26.97,30.20,28.59,6336.18,200.00,0.00,0.00,585.49,-840.78
6757,14.07,9.40,27.00,30.77,28.88,5901.76,200.00,-79.73,0.00,586.12,-816.22
6758,14.72,9.40,27.00,31.21,29.11,4901.53,200.00,-140.36,0.00,586.12,-806.28
6759,14.91,9.40,27.00,31.50,29.25,3532.96,200.00,-173.51,0.00,586.12,-810.68
6760,14.63,9.40,27.00,31.57,29.29,1885.94,200.00,-175.36,0.00,586.12,-828.16
6761,13.89,9.40,27.00,31.43,29.22,363.14,200.00,-147.69,0.00,586.12,-857.58
6762,12.74,9.40,27.00,31.23,29.12,0.00,200.00,-107.32,0.00,586.12,-903.97
6763,11.25,9.40,27.00,31.02,29.01,0.00,200.00,-60.98,0.00,586.12,-966.09
6764,9.54,9.40,27.00,30.79,28.90,0.00,200.00,-9.68,0.00,586.12,-1038.99
6765,7.70,9.40,26.37,30.55,28.46,0.00,200.00,0.00,0.00,572.54,-1116.96
6766,5.86,9.40,25.59,30.29,27.94,0.00,200.00,0.00,0.00,555.51,-1193.97
6767,4.16,9.40,24.81,30.02,27.41,0.00,200.00,0.00,0.00,538.49,-1264.02
6768,2.44,9.40,24.00,29.73,26.86,0.00,200.00,0.00,0.00,520.94,-1334.00
6769,1.32,9.40,23.29,29.43,26.36,0.00,200.00,0.00,0.00,505.58,-1374.35
6770,0.62,9.40,22.66,29.14,25.90,0.00,200.00,0.00,0.00,491.91,-1394.07
6771,0.38,9.40,22.13,28.84,25.48,0.00,200.00,0.00,0.00,480.33,-1391.05
6772,0.62,9.40,21.70,28.54,25.12,0.00,200.00,0.00,0.00,471.13,-1364.73
6773,1.34,9.40,21.39,28.26,24.83,0.00,200.00,0.00,0.00,464.44,-1316.12
6774,2.46,9.40,21.20,27.99,24.60,0.00,200.00,0.00,0.00,460.24,-1247.76
6775,3.93,9.40,21.25,27.82,24.53,522.41,200.00,0.00,0.00,461.26,-1167.55
6776,5.65,9.40,21.77,27.92,24.85,2372.94,200.00,0.00,0.00,472.61,-1088.71
6777,7.49,9.40,22.68,28.24,25.46,4028.46,200.00,0.00,0.00,492.41,-1014.37
6778,9.34,9.40,23.88,28.73,26.30,5363.70,200.00,0.00,0.00,518.29,-947.94
6779,11.06,9.40,25.21,29.31,27.26,6164.93,200.00,0.00,0.00,547.21,-892.00
6780,12.55,9.40,26.53,29.91,28.22,6364.48,200.00,0.00,0.00,575.84,-848.62
6781,13.71,9.40,27.00,30.47,28.74,5927.06,200.00,-49.25,0.00,586.12,-819.64
6782,14.45,9.40,27.00,30.92,28.96,4926.47,200.00,-111.66,0.00,586.12,-805.24
6783,14.74,9.40,27.00,31.21,29.10,3549.07,200.00,-146.65,0.00,586.12,-805.20
6784,14.55,9.40,27.00,31.29,29.14,1892.38,200.00,-150.34,0.00,586.12,-818.26
6785,13.90,9.40,27.00,31.15,29.07,349.42,200.00,-124.40,0.00,586.12,-843.28
6786,12.83,9.40,27.00,30.95,28.98,0.00,200.00,-86.07,0.00,586.12,-885.57
6787,11.43,9.40,27.00,30.74,28.87,0.00,200.00,-41.83,0.00,586.12,-943.80
6788,9.80,9.40,26.90,30.52,28.71,0.00,200.00,0.00,0.00,583.91,-1013.05
6789,8.03,9.40,26.17,30.28,28.23,0.00,200.00,0.00,0.00,568.07,-1087.66
6790,6.27,9.40,25.41,30.03,27.72,0.00,200.00,0.00,0.00,551.68,-1161.62
6791,4.62,9.40,24.66,29.77,27.21,0.00,200.00,0.00,0.00,535.30,-1228.97
6792,2.96,9.40,23.88,29.49,26.68,0.00,200.00,0.00,0.00,518.36,-1296.60
6793,1.89,9.40,23.20,29.20,26.20,0.00,200.00,0.00,0.00,503.60,-1335.03
6794,1.22,9.40,22.60,28.91,25.75,0.00,200.00,0.00,0.00,490.50,-1353.24
6795,1.02,9.40,22.09,28.62,25.35,0.00,200.00,0.00,0.00,479.45,-1349.14
6796,1.29,9.40,21.69,28.33,25.01,0.00,200.00,0.00,0.00,470.74,-1322.19
6797,2.01,9.40,21.40,28.06,24.73,0.00,200.00,0.00,0.00,464.50,-1273.40
6798,3.14,9.40,21.22,27.80,24.51,0.00,200.00,0.00,0.00,460.71,-1205.31
6799,4.61,9.40,21.28,27.63,24.46,503.54,200.00,0.00,0.00,461.97,-1125.64
6800,6.30,9.40,21.82,27.74,24.78,2386.38,200.00,0.00,0.00,473.64,-1047.97
6801,8.12,9.40,22.75,28.07,25.41,4053.70,200.00,0.00,0.00,493.75,-975.28
6802,9.93,9.40,23.95,28.57,26.26,5391.05,200.00,0.00,0.00,519.88,-910.94
6803,11.62,9.40,25.29,29.16,27.22,6193.89,200.00,0.00,0.00,548.98,-857.49
6804,13.06,9.40,26.61,29.77,28.19,6392.24,200.00,0.00,0.00,577.72,-816.96
6805,14.15,9.40,27.00,30.34,28.67,5951.90,200.00,-55.62,0.00,586.12,-791.15
6806,14.83,9.40,27.00,30.80,28.90,4951.01,200.00,-117.91,0.00,586.12,-780.23
6807,15.05,9.40,27.00,31.09,29.04,3564.75,200.00,-152.45,0.00,586.12,-783.89
6808,14.78,9.40,27.00,31.17,29.08,1898.23,200.00,-155.37,0.00,586.12,-800.85
6809,14.05,9.40,27.00,31.03,29.01,334.70,200.00,-128.27,0.00,586.12,-829.88
6810,12.90,9.40,27.00,30.83,28.92,0.00,200.00,-88.79,0.00,586.12,-876.44
6811,11.41,9.40,27.00,30.63,28.81,0.00,200.00,-43.22,0.00,586.12,-939.07
6812,9.68,9.40,26.90,30.40,28.65,0.00,200.00,0.00,0.00,583.88,-1012.79
6813,7.83,9.40,26.14,30.17,28.16,0.00,200.00,0.00,0.00,567.55,-1091.90
6814,5.97,9.40,25.36,29.91,27.64,0.00,200.00,0.00,0.00,550.62,-1170.33
6815,4.23,9.40,24.58,29.64,27.11,0.00,200.00,0.00,0.00,533.66,-1242.10
6816,2.48,9.40,23.78,29.36,26.57,0.00,200.00,0.00,0.00,516.12,-1313.99
6817,1.32,9.40,23.07,29.07,26.07,0.00,200.00,0.00,0.00,500.74,-1356.57
6818,0.57,9.40,22.43,28.77,25.60,0.00,200.00,0.00,0.00,486.99,-1378.74
6819,0.28,9.40,21.89,28.48,25.19,0.00,200.00,0.00,0.00,475.28,-1378.37
6820,0.47,9.40,21.46,28.19,24.83,0.00,200.00,0.00,0.00,465.91,-1354.88
6821,1.12,9.40,21.14,27.91,24.53,0.00,200.00,0.00,0.00,459.00,-1309.24
6822,2.19,9.40,20.94,27.64,24.29,0.00,200.00,0.00,0.00,454.55,-1243.96
6823,3.60,9.40,20.96,27.46,24.21,482.80,200.00,0.00,0.00,455.04,-1166.54
6824,5.24,9.40,21.47,27.56,24.52,2398.69,200.00,0.00,0.00,466.11,-1090.93
6825,7.02,9.40,22.37,27.88,25.13,4078.11,200.00,0.00,0.00,485.67,-1019.97
6826,8.80,9.40,23.55,28.37,25.96,5417.65,200.00,0.00,0.00,511.30,-956.93
6827,10.45,9.40,24.87,28.95,26.91,6222.21,200.00,0.00,0.00,539.93,-904.35
6828,11.88,9.40,26.18,29.56,27.87,6419.47,200.00,0.00,0.00,568.24,-864.25
6829,12.97,9.40,27.00,30.12,28.56,5976.26,200.00,-22.76,0.00,586.12,-838.40
6830,13.65,9.40,27.00,30.57,28.78,4975.13,200.00,-83.88,0.00,586.12,-827.00
6831,13.88,9.40,27.00,30.85,28.93,3580.00,200.00,-117.35,0.00,586.12,-829.69
6832,13.63,9.40,27.00,30.92,28.96,1903.48,200.00,-119.27,0.00,586.12,-845.20
6833,12.93,9.40,27.00,30.77,28.89,318.97,200.00,-91.19,0.00,586.12,-872.24
6834,11.82,9.40,27.00,30.57,28.79,0.00,200.00,-51.19,0.00,586.12,-916.57
6835,10.38,9.40,27.00,30.36,28.68,0.00,200.00,-5.32,0.00,586.12,-976.57
6836,8.70,9.40,26.37,30.13,28.25,0.00,200.00,0.00,0.00,572.47,-1047.29
6837,6.91,9.40,25.62,29.88,27.75,0.00,200.00,0.00,0.00,556.19,-1123.08
6838,5.12,9.40,24.85,29.62,27.24,0.00,200.00,0.00,0.00,539.37,-1197.90
6839,3.46,9.40,24.07,29.35,26.71,0.00,200.00,0.00,0.00,522.58,-1265.80
6840,1.78,9.40,23.28,29.06,26.17,0.00,200.00,0.00,0.00,505.28,-1333.58
6841,0.70,9.40,22.58,28.77,25.68,0.00,200.00,0.00,0.00,490.19,-1371.90
6842,0.04,9.40,21.96,28.47,25.22,0.00,200.00,0.00,0.00,476.79,-1389.69
6843,-0.16,9.40,21.44,28.18,24.81,0.00,200.00,0.00,0.00,465.49,-1384.84
6844,0.13,9.40,21.03,27.88,24.46,0.00,200.00,0.00,0.00,456.57,-1356.82
6845,0.87,9.40,20.74,27.60,24.17,0.00,200.00,0.00,0.00,450.16,-1306.67
6846,2.03,9.40,20.56,27.34,23.95,0.00,200.00,0.00,0.00,446.25,-1236.92
6847,3.53,9.40,20.60,27.16,23.88,477.86,200.00,0.00,0.00,447.28,-1155.04
6848,5.27,9.40,21.14,27.26,24.20,2409.85,200.00,0.00,0.00,458.95,-1075.18
6849,7.13,9.40,22.07,27.59,24.83,4101.66,200.00,0.00,0.00,479.20,-1000.21
6850,8.99,9.40,23.29,28.09,25.69,5443.50,200.00,0.00,0.00,505.54,-933.40
6851,10.73,9.40,24.64,28.68,26.66,6249.88,200.00,0.00,0.00,534.89,-877.30
6852,12.23,9.40,25.98,29.29,27.63,6446.14,200.00,0.00,0.00,563.91,-833.97
6853,13.39,9.40,27.00,29.86,28.43,6000.14,200.00,-10.66,0.00,586.12,-805.21
6854,14.13,9.40,27.00,30.32,28.66,4998.84,200.00,-74.06,0.00,586.12,-791.24
6855,14.41,9.40,27.00,30.61,28.80,3594.80,200.00,-109.65,0.00,586.12,-791.70
6856,14.21,9.40,27.00,30.68,28.84,1908.11,200.00,-113.51,0.00,586.12,-805.33
6857,13.55,9.40,27.00,30.54,28.77,314.64,200.00,-87.21,0.00,586.12,-830.90
6858,12.46,9.40,27.00,30.35,28.67,0.00,200.00,-48.96,0.00,586.12,-874.22
6859,11.04,9.40,27.00,30.14,28.57,0.00,200.00,-4.70,0.00,586.12,-933.67
6860,9.38,9.40,26.38,29.92,28.15,0.00,200.00,0.00,0.00,572.73,-1004.30
6861,7.58,9.40,25.65,29.69,27.67,0.00,200.00,0.00,0.00,556.83,-1080.43
6862,5.79,9.40,24.89,29.44,27.16,0.00,200.00,0.00,0.00,540.35,-1156.05
6863,4.11,9.40,24.13,29.17,26.65,0.00,200.00,0.00,0.00,523.84,-1225.19
6864,2.41,9.40,23.34,28.89,26.12,0.00,200.00,0.00,0.00,506.76,-1294.59
6865,1.30,9.40,22.66,28.61,25.63,0.00,200.00,0.00,0.00,491.83,-1334.98
6866,0.59,9.40,22.04,28.32,25.18,0.00,200.00,0.00,0.00,478.53,-1355.23
6867,0.34,9.40,21.52,28.03,24.78,0.00,200.00,0.00,0.00,467.26,-1353.21
6868,0.57,9.40,21.11,27.74,24.43,0.00,200.00,0.00,0.00,458.30,-1328.36
6869,1.25,9.40,20.81,27.47,24.14,0.00,200.00,0.00,0.00,451.80,-1281.67
6870,2.33,9.40,20.62,27.20,23.91,0.00,200.00,0.00,0.00,447.72,-1215.65
6871,3.75,9.40,20.66,27.03,23.85,489.13,200.00,0.00,0.00,448.56,-1137.80
6872,5.41,9.40,21.19,27.14,24.16,2419.81,200.00,0.00,0.00,459.95,-1062.08
6873,7.19,9.40,22.11,27.47,24.79,4124.32,200.00,0.00,0.00,479.91,-991.48
6874,8.96,9.40,23.31,27.97,25.64,5468.57,200.00,0.00,0.00,505.91,-929.16
6875,10.60,9.40,24.64,28.56,26.60,6276.90,200.00,0.00,0.00,534.87,-877.62
6876,12.01,9.40,25.96,29.17,27.56,6472.26,200.00,0.00,0.00,563.45,-838.87
6877,13.07,9.40,27.00,29.74,28.37,6023.54,200.00,-7.49,0.00,586.12,-814.65
6878,13.73,9.40,27.00,30.20,28.60,5022.13,200.00,-69.11,0.00,586.12,-805.13
6879,13.91,9.40,27.00,30.48,28.74,3609.16,200.00,-102.71,0.00,586.12,-809.90
6880,13.63,9.40,27.00,30.56,28.78,1912.10,200.00,-104.38,0.00,586.12,-827.62
6881,12.88,9.40,27.00,30.41,28.71,321.96,200.00,-75.94,0.00,586.12,-857.14
6882,11.72,9.40,27.00,30.21,28.61,0.00,200.00,-35.46,0.00,586.12,-904.16
6883,10.22,9.40,26.85,30.00,28.42,0.00,200.00,0.00,0.00,582.80,-967.02
6884,8.48,9.40,26.13,29.77,27.95,0.00,200.00,0.00,0.00,567.33,-1040.74
6885,6.62,9.40,25.37,29.53,27.45,0.00,200.00,0.00,0.00,550.77,-1119.62
6886,4.77,9.40,24.58,29.27,26.93,0.00,200.00,0.00,0.00,533.63,-1197.62
6887,3.04,9.40,23.79,29.00,26.40,0.00,200.00,0.00,0.00,516.50,-1268.75
6888,1.30,9.40,22.98,28.71,25.84,0.00,200.00,0.00,0.00,498.83,-1339.69
6889,0.16,9.40,22.26,28.41,25.34,0.00,200.00,0.00,0.00,483.33,-1381.23
6890,-0.57,9.40,21.63,28.11,24.87,0.00,200.00,0.00,0.00,469.49,-1402.19
6891,-0.84,9.40,21.09,27.81,24.45,0.00,200.00,0.00,0.00,457.74,-1400.43
6892,-0.62,9.40,20.65,27.52,24.09,0.00,200.00,0.00,0.00,448.35,-1375.38
6893,0.07,9.40,20.34,27.23,23.79,0.00,200.00,0.00,0.00,441.46,-1328.05
6894,1.17,9.40,20.13,26.96,23.55,0.00,200.00,0.00,0.00,437.06,-1260.96
6895,2.61,9.40,20.16,26.78,23.47,500.41,200.00,0.00,0.00,437.66,-1181.64
6896,4.30,9.40,20.68,26.88,23.78,2428.54,200.00,0.00,0.00,448.84,-1103.97
6897,6.11,9.40,21.59,27.21,24.40,4146.09,200.00,0.00,0.00,468.70,-1031.10
6898,7.93,9.40,22.79,27.70,25.24,5492.86,200.00,0.00,0.00,494.68,-966.15
6899,9.63,9.40,24.12,28.28,26.20,6303.24,200.00,0.00,0.00,523.69,-911.63
6900,11.10,9.40,25.45,28.89,27.17,6497.82,200.00,0.00,0.00,552.38,-869.58
6901,12.24,9.40,26.60,29.46,28.03,6046.44,200.00,0.00,0.00,577.45,-841.77
6902,12.96,9.40,27.00,29.91,28.46,5044.99,200.00,-33.49,0.00,586.12,-828.43
6903,13.23,9.40,27.00,30.19,28.60,3623.06,200.00,-67.93,0.00,586.12,-829.12
6904,13.03,9.40,27.00,30.27,28.63,1915.44,200.00,-70.52,0.00,586.12,-842.53
6905,12.37,9.40,27.00,30.12,28.56,329.63,200.00,-43.32,0.00,586.12,-867.69
6906,11.30,9.40,27.00,29.92,28.46,0.00,200.00,-4.18,0.00,586.12,-910.24
6907,9.89,9.40,26.44,29.71,28.07,0.00,200.00,0.00,0.00,573.86,-968.57
6908,8.25,9.40,25.75,29.48,27.61,0.00,200.00,0.00,0.00,558.88,-1037.77
6909,6.48,9.40,25.01,29.24,27.12,0.00,200.00,0.00,0.00,542.86,-1112.19
6910,4.72,9.40,24.24,28.98,26.61,0.00,200.00,0.00,0.00,526.29,-1185.83
6911,3.08,9.40,23.48,28.71,26.10,0.00,200.00,0.00,0.00,509.76,-1252.73
6912,1.43,9.40,22.70,28.43,25.56,0.00,200.00,0.00,0.00,492.71,-1319.57
6913,0.37,9.40,22.01,28.14,25.07,0.00,200.00,0.00,0.00,477.84,-1357.30
6914,-0.28,9.40,21.40,27.84,24.62,0.00,200.00,0.00,0.00,464.65,-1374.70
6915,-0.47,9.40,20.89,27.55,24.22,0.00,200.00,0.00,0.00,453.54,-1369.68
6916,-0.19,9.40,20.49,27.26,23.88,0.00,200.00,0.00,0.00,444.79,-1341.71
6917,0.56,9.40,20.20,26.98,23.59,0.00,200.00,0.00,0.00,438.53,-1291.80
6918,1.71,9.40,20.03,26.72,23.37,0.00,200.00,0.00,0.00,434.74,-1222.52
6919,3.20,9.40,20.08,26.55,23.32,511.71,200.00,0.00,0.00,435.97,-1141.47
6920,4.92,9.40,20.62,26.66,23.64,2436.01,200.00,0.00,0.00,447.71,-1062.42
6921,6.76,9.40,21.57,26.99,24.28,4166.95,200.00,0.00,0.00,468.15,-988.67
6922,8.60,9.40,22.79,27.49,25.14,5516.37,200.00,0.00,0.00,494.67,-923.32
6923,10.31,9.40,24.15,28.09,26.12,6328.90,200.00,0.00,0.00,524.17,-868.85
6924,11.78,9.40,25.49,28.71,27.10,6522.81,200.00,0.00,0.00,553.31,-827.30
6925,12.91,9.40,26.66,29.28,27.97,6068.85,200.00,0.00,0.00,578.75,-800.42
6926,13.62,9.40,27.00,29.74,28.37,5067.41,200.00,-38.88,0.00,586.12,-788.43
6927,13.86,9.40,27.00,30.04,28.52,3636.50,200.00,-74.07,0.00,586.12,-790.86
6928,13.62,9.40,27.00,30.11,28.56,1918.11,200.00,-77.07,0.00,586.12,-806.36
6929,12.91,9.40,27.00,29.98,28.49,337.69,200.00,-50.21,0.00,586.12,-834.08
6930,11.79,9.40,27.00,29.78,28.39,0.00,200.00,-11.10,0.00,586.12,-879.50
6931,10.32,9.40,26.53,29.57,28.05,0.00,200.00,0.00,0.00,575.88,-941.04
6932,8.61,9.40,25.83,29.35,27.59,0.00,200.00,0.00,0.00,560.79,-1013.76
6933,6.78,9.40,25.09,29.12,27.10,0.00,200.00,0.00,0.00,544.58,-1091.95
6934,4.93,9.40,24.31,28.86,26.59,0.00,200.00,0.00,0.00,527.77,-1169.59
6935,3.21,9.40,23.54,28.59,26.07,0.00,200.00,0.00,0.00,510.93,-1240.67
6936,1.48,9.40,22.73,28.31,25.52,0.00,200.00,0.00,0.00,493.52,-1311.79
6937,0.32,9.40,22.03,28.02,25.03,0.00,200.00,0.00,0.00,478.24,-1353.95
6938,-0.42,9.40,21.40,27.73,24.57,0.00,200.00,0.00,0.00,464.59,-1375.83
6939,-0.70,9.40,20.87,27.43,24.15,0.00,200.00,0.00,0.00,452.97,-1375.31
6940,-0.51,9.40,20.44,27.14,23.79,0.00,200.00,0.00,0.00,443.67,-1351.79
6941,0.14,9.40,20.12,26.86,23.49,0.00,200.00,0.00,0.00,436.83,-1306.27
6942,1.20,9.40,20.00,26.60,23.30,0.00,200.00,5.78,0.00,434.16,-1241.25
6943,2.60,9.40,20.00,26.42,23.21,523.01,200.00,3.69,0.00,434.16,-1164.34
6944,4.24,9.40,20.46,26.52,23.49,2442.19,200.00,0.00,0.00,444.12,-1089.15
6945,6.00,9.40,21.37,26.85,24.11,4186.86,200.00,0.00,0.00,463.94,-1019.09
6946,7.77,9.40,22.56,27.35,24.96,5539.06,200.00,0.00,0.00,489.84,-957.16
6947,9.41,9.40,23.90,27.94,25.92,6353.88,200.00,0.00,0.00,518.74,-905.80
6948,10.81,9.40,25.21,28.55,26.88,6547.21,200.00,0.00,0.00,547.26,-867.01
6949,11.88,9.40,26.35,29.12,27.74,6090.76,200.00,0.00,0.00,572.10,-842.51
6950,12.54,9.40,27.00,29.58,28.29,5087.02,200.00,-14.76,0.00,586.12,-832.50
6951,12.75,9.40,27.00,29.86,28.43,3649.48,200.00,-47.99,0.00,586.12,-836.46
6952,12.47,9.40,27.00,29.93,28.46,1920.08,200.00,-49.01,0.00,586.12,-853.00
6953,11.75,9.40,27.00,29.78,28.39,346.19,200.00,-20.45,0.00,586.12,-881.41
6954,10.61,9.40,26.72,29.57,28.15,0.00,200.00,0.00,0.00,580.03,-927.01
6955,9.14,9.40,26.07,29.36,27.72,0.00,200.00,0.00,0.00,566.03,-988.29
6956,7.44,9.40,25.36,29.13,27.24,0.00,200.00,0.00,0.00,550.56,-1060.28
6957,5.61,9.40,24.60,28.88,26.74,0.00,200.00,0.00,0.00,534.03,-1137.32
6958,3.80,9.40,23.81,28.62,26.22,0.00,200.00,0.00,0.00,516.95,-1213.36
6959,2.11,9.40,23.03,28.34,25.69,0.00,200.00,0.00,0.00,499.91,-1282.45
6960,0.41,9.40,22.22,28.05,25.14,0.00,200.00,0.00,0.00,482.38,-1351.12
6961,-0.69,9.40,21.51,27.76,24.64,0.00,200.00,0.00,0.00,467.03,-1390.50
6962,-1.37,9.40,20.88,27.46,24.17,0.00,200.00,0.00,0.00,453.37,-1409.27
6963,-1.59,9.40,20.35,27.16,23.75,0.00,200.00,0.00,0.00,441.82,-1405.33
6964,-1.33,9.40,20.00,26.86,23.43,0.00,200.00,5.05,0.00,434.16,-1378.12
6965,-0.61,9.40,20.00,26.58,23.29,0.00,200.00,27.19,0.00,434.16,-1328.67
6966,0.54,9.40,20.00,26.31,23.15,0.00,200.00,41.00,0.00,434.16,-1259.52
6967,2.02,9.40,20.00,26.13,23.07,534.30,200.00,37.76,0.00,434.16,-1178.38
6968,3.75,9.40,20.00,26.23,23.12,2447.06,200.00,0.00,0.00,434.25,-1098.72
6969,5.60,9.40,20.94,26.56,23.75,4205.83,200.00,0.00,0.00,454.52,-1024.21
6970,7.46,9.40,22.16,27.06,24.61,5560.95,200.00,0.00,0.00,480.95,-957.81
6971,9.19,9.40,23.51,27.65,25.58,6378.16,200.00,0.00,0.00,510.41,-902.01
6972,10.69,9.40,24.85,28.26,26.56,6571.03,200.00,0.00,0.00,539.53,-858.84
6973,11.85,9.40,26.03,28.84,27.43,6112.16,200.00,0.00,0.00,565.00,-830.05
6974,12.60,9.40,26.91,29.29,28.10,5104.15,200.00,0.00,0.00,584.07,-815.89
6975,12.89,9.40,27.00,29.58,28.29,3661.98,200.00,-28.54,0.00,586.12,-815.86
6976,12.70,9.40,27.00,29.65,28.33,1921.35,200.00,-31.59,0.00,586.12,-828.59
6977,12.05,9.40,27.00,29.51,28.26,355.18,200.00,-5.25,0.00,586.12,-853.52
6978,10.99,9.40,26.54,29.32,27.93,0.00,200.00,0.00,0.00,576.11,-895.92
6979,9.58,9.40,25.92,29.11,27.52,0.00,200.00,0.00,0.00,562.74,-954.32
6980,7.94,9.40,25.24,28.88,27.06,0.00,200.00,0.00,0.00,547.89,-1023.81
6981,6.17,9.40,24.51,28.65,26.58,0.00,200.00,0.00,0.00,531.96,-1098.72
6982,4.39,9.40,23.75,28.39,26.07,0.00,200.00,0.00,0.00,515.47,-1173.05
6983,2.74,9.40,22.99,28.13,25.56,0.00,200.00,0.00,0.00,498.98,-1240.85
6984,1.07,9.40,22.20,27.84,25.02,0.00,200.00,0.00,0.00,481.96,-1308.61
6985,-0.01,9.40,21.52,27.56,24.54,0.00,200.00,0.00,0.00,467.08,-1347.59
6986,-0.69,9.40,20.91,27.26,24.09,0.00,200.00,0.00,0.00,453.85,-1366.41
6987,-0.91,9.40,20.39,26.97,23.68,0.00,200.00,0.00,0.00,442.67,-1362.97
6988,-0.66,9.40,20.00,26.69,23.34,0.00,200.00,1.14,0.00,434.16,-1336.70
6989,0.05,9.40,20.00,26.41,23.20,0.00,200.00,22.41,0.00,434.16,-1288.63
6990,1.16,9.40,20.00,26.15,23.07,0.00,200.00,35.55,0.00,434.16,-1221.28
6991,2.61,9.40,20.00,25.98,22.99,545.56,200.00,31.71,0.00,434.16,-1142.39
6992,4.29,9.40,20.09,26.08,23.09,2450.58,200.00,0.00,0.00,436.12,-1065.27
6993,6.09,9.40,21.03,26.42,23.72,4223.83,200.00,0.00,0.00,456.44,-993.74
6994,7.88,9.40,22.24,26.92,24.58,5582.01,200.00,0.00,0.00,482.87,-930.67
6995,9.55,9.40,23.60,27.52,25.56,6401.73,200.00,0.00,0.00,512.26,-878.50
6996,10.97,9.40,24.93,28.14,26.54,6594.27,200.00,0.00,0.00,541.25,-839.21
6997,12.06,9.40,26.10,28.72,27.41,6133.05,200.00,0.00,0.00,566.51,-814.51
6998,12.72,9.40,26.96,29.18,28.07,5120.82,200.00,0.00,0.00,585.30,-804.59
6999,12.92,9.40,27.00,29.47,28.24,3674.01,200.00,-31.42,0.00,586.12,-808.91
7000,12.64,9.40,27.00,29.54,28.27,1921.89,200.00,-32.97,0.00,586.12,-826.03
7001,11.90,9.40,27.00,29.40,28.20,364.72,200.00,-5.14,0.00,586.12,-855.50
7002,10.74,9.40,26.51,29.21,27.86,0.00,200.00,0.00,0.00,575.55,-902.39
7003,9.25,9.40,25.87,28.99,27.43,0.00,200.00,0.00,0.00,561.63,-965.24
7004,7.51,9.40,25.16,28.77,26.96,0.00,200.00,0.00,0.00,546.18,-1039.08
7005,5.65,9.40,24.40,28.53,26.46,0.00,200.00,0.00,0.00,529.64,-1118.23
7006,3.79,9.40,23.61,28.27,25.94,0.00,200.00,0.00,0.00,512.50,-1196.62
7007,2.05,9.40,22.82,28.00,25.41,0.00,200.00,0.00,0.00,495.35,-1268.26
7008,0.30,9.40,22.00,27.71,24.86,0.00,200.00,0.00,0.00,477.67,-1339.55
7009,-0.86,9.40,21.29,27.41,24.35,0.00,200.00,0.00,0.00,462.13,-1381.84
7010,-1.60,9.40,20.65,27.11,23.88,0.00,200.00,0.00,0.00,448.23,-1403.65
7011,-1.89,9.40,20.10,26.81,23.46,0.00,200.00,0.00,0.00,436.40,-1402.84
7012,-1.69,9.40,20.00,26.52,23.26,0.00,200.00,24.15,0.00,434.16,-1378.83
7013,-1.03,9.40,20.00,26.23,23.12,0.00,200.00,47.47,0.00,434.16,-1332.63
7014,0.05,9.40,20.00,25.96,22.98,0.00,200.00,62.56,0.00,434.16,-1266.73
7015,1.47,9.40,20.00,25.79,22.89,556.80,200.00,60.44,0.00,434.16,-1188.91
7016,3.13,9.40,20.00,25.88,22.94,2452.73,200.00,24.01,0.00,434.16,-1112.31
7017,4.91,9.40,20.58,26.21,23.40,4240.85,200.00,0.00,0.00,446.84,-1040.92
7018,6.71,9.40,21.78,26.71,24.24,5602.25,200.00,0.00,0.00,472.89,-977.57
7019,8.38,9.40,23.12,27.30,25.21,6424.60,200.00,0.00,0.00,501.97,-924.67
7020,9.82,9.40,24.45,27.91,26.18,6616.91,200.00,0.00,0.00,530.69,-884.21
7021,10.93,9.40,25.60,28.48,27.04,6153.44,200.00,0.00,0.00,555.73,-857.90
7022,11.63,9.40,26.46,28.93,27.70,5137.02,200.00,0.00,0.00,574.36,-845.95
7023,11.87,9.40,26.93,29.22,28.07,3685.56,200.00,0.00,0.00,584.50,-847.83
7024,11.64,9.40,26.94,29.28,28.11,1921.70,200.00,0.00,0.00,584.87,-862.08
7025,10.96,9.40,26.56,29.13,27.85,372.71,200.00,0.00,0.00,576.53,-888.42
7026,9.87,9.40,26.00,28.93,27.47,0.00,200.00,0.00,0.00,564.50,-931.84
7027,8.44,9.40,25.37,28.71,27.04,0.00,200.00,0.00,0.00,550.71,-990.95
7028,6.78,9.40,24.67,28.48,26.57,0.00,200.00,0.00,0.00,535.47,-1060.82
7029,5.00,9.40,23.92,28.24,26.08,0.00,200.00,0.00,0.00,519.18,-1135.79
7030,3.22,9.40,23.14,27.98,25.56,0.00,200.00,0.00,0.00,502.37,-1209.85
7031,1.58,9.40,22.37,27.70,25.04,0.00,200.00,0.00,0.00,485.59,-1277.05
7032,-0.08,9.40,21.57,27.41,24.49,0.00,200.00,0.00,0.00,468.35,-1343.77
7033,-1.14,9.40,20.88,27.12,24.00,0.00,200.00,0.00,0.00,453.28,-1381.54
7034,-1.80,9.40,20.26,26.82,23.54,0.00,200.00,0.00,0.00,439.90,-1398.84
7035,-1.99,9.40,20.00,26.52,23.26,0.00,200.00,18.45,0.00,434.16,-1393.61
7036,-1.70,9.40,20.00,26.23,23.12,0.00,200.00,48.09,0.00,434.16,-1365.30
7037,-0.95,9.40,20.00,25.95,22.98,0.00,200.00,69.38,0.00,434.16,-1314.94
7038,0.21,9.40,20.00,25.68,22.84,0.00,200.00,82.37,0.00,434.16,-1245.08
7039,1.71,9.40,20.00,25.52,22.76,566.22,200.00,77.99,0.00,434.16,-1163.58
7040,3.45,9.40,20.00,25.61,22.81,2453.49,200.00,39.49,0.00,434.16,-1083.48
7041,5.31,9.40,20.40,25.95,23.17,4256.89,200.00,0.00,0.00,442.87,-1008.96
7042,7.16,9.40,21.63,26.45,24.04,5621.65,200.00,0.00,0.00,469.61,-942.85
7043,8.90,9.40,23.00,27.05,25.03,6446.75,200.00,0.00,0.00,499.37,-887.57
7044,10.39,9.40,24.36,27.67,26.02,6636.99,200.00,0.00,0.00,528.74,-845.11
7045,11.53,9.40,25.54,28.25,26.90,6173.31,200.00,0.00,0.00,554.41,-817.21
7046,12.27,9.40,26.42,28.72,27.57,5152.76,200.00,0.00,0.00,573.61,-804.07
7047,12.54,9.40,26.92,29.01,27.96,3696.63,200.00,0.00,0.00,584.33,-805.26
7048,12.32,9.40,26.95,29.08,28.02,1920.75,200.00,0.00,0.00,585.13,-819.13
7049,11.64,9.40,26.59,28.94,27.77,379.72,200.00,0.00,0.00,577.24,-845.62
7050,10.55,9.40,26.05,28.75,27.40,0.00,200.00,0.00,0.00,565.56,-889.62
7051,9.11,9.40,25.43,28.54,26.99,0.00,200.00,0.00,0.00,552.08,-949.74
7052,7.43,9.40,24.74,28.32,26.53,0.00,200.00,0.00,0.00,537.09,-1021.06
7053,5.62,9.40,24.00,28.08,26.04,0.00,200.00,0.00,0.00,520.99,-1097.90
7054,3.80,9.40,23.23,27.83,25.53,0.00,200.00,0.00,0.00,504.30,-1174.24
7055,2.11,9.40,22.46,27.56,25.01,0.00,200.00,0.00,0.00,487.58,-1244.09
7056,0.40,9.40,21.67,27.28,24.47,0.00,200.00,0.00,0.00,470.34,-1313.73
7057,-0.73,9.40,20.97,26.99,23.98,0.00,200.00,0.00,0.00,455.20,-1354.82
7058,-1.45,9.40,20.35,26.70,23.52,0.00,200.00,0.00,0.00,441.69,-1375.73
7059,-1.71,9.40,20.00,26.40,23.20,0.00,200.00,13.15,0.00,434.16,-1374.35
7060,-1.51,9.40,20.00,26.11,23.06,0.00,200.00,43.66,0.00,434.16,-1350.10
7061,-0.84,9.40,20.00,25.84,22.92,0.00,200.00,66.01,0.00,434.16,-1303.99
7062,0.23,9.40,20.00,25.57,22.78,0.00,200.00,80.24,0.00,434.16,-1238.50
7063,1.64,9.40,20.00,25.40,22.70,575.28,200.00,77.18,0.00,434.16,-1161.50
7064,3.29,9.40,20.00,25.50,22.75,2452.84,200.00,40.38,0.00,434.16,-1085.82
7065,5.05,9.40,20.37,25.84,23.10,4313.62,200.00,0.00,0.00,442.22,-1016.01
7066,6.82,9.40,21.58,26.34,23.96,5640.21,200.00,0.00,0.00,468.44,-954.38
7067,8.46,9.40,22.92,26.94,24.93,6468.18,200.00,0.00,0.00,497.65,-903.50
7068,9.86,9.40,24.25,27.56,25.90,6654.17,200.00,0.00,0.00,526.44,-865.30
7069,10.92,9.40,25.41,28.13,26.77,6192.67,200.00,0.00,0.00,551.49,-841.47
7070,11.57,9.40,26.26,28.59,27.43,5168.03,200.00,0.00,0.00,570.05,-832.17
7071,11.76,9.40,26.72,28.88,27.80,3707.20,200.00,0.00,0.00,580.10,-836.91
7072,11.47,9.40,26.73,28.94,27.83,1919.04,200.00,0.00,0.00,580.20,-853.96
7073,10.72,9.40,26.33,28.80,27.57,386.85,200.00,0.00,0.00,571.65,-883.42
7074,9.57,9.40,25.77,28.59,27.18,0.00,200.00,0.00,0.00,559.32,-929.98
7075,8.08,9.40,25.12,28.38,26.75,0.00,200.00,0.00,0.00,545.20,-992.29
7076,6.35,9.40,24.40,28.15,26.27,0.00,200.00,0.00,0.00,529.59,-1065.40
7077,4.50,9.40,23.63,27.90,25.76,0.00,200.00,0.00,0.00,512.91,-1143.60
7078,2.66,9.40,22.83,27.64,25.24,0.00,200.00,0.00,0.00,495.67,-1220.87
7079,0.94,9.40,22.04,27.36,24.70,0.00,200.00,0.00,0.00,478.45,-1291.20
7080,-0.77,9.40,21.22,27.07,24.15,0.00,200.00,0.00,0.00,460.75,-1360.81
7081,-1.90,9.40,20.51,26.77,23.64,0.00,200.00,0.00,0.00,445.20,-1401.48
7082,-2.61,9.40,20.00,26.47,23.23,0.00,200.00,9.41,0.00,434.16,-1421.53
7083,-2.86,9.40,20.00,26.17,23.08,0.00,200.00,48.62,0.00,434.16,-1418.86
7084,-2.63,9.40,20.00,25.87,22.93,0.00,200.00,79.91,0.00,434.16,-1392.91
7085,-1.93,9.40,20.00,25.58,22.79,0.00,200.00,102.83,0.00,434.16,-1344.68
7086,-0.81,9.40,20.00,25.31,22.66,0.00,200.00,117.42,0.00,434.16,-1276.69
7087,0.65,9.40,20.00,25.14,22.57,584.24,200.00,114.41,0.00,434.16,-1196.87
7088,2.36,9.40,20.00,25.23,22.61,2448.67,200.00,77.69,0.00,434.16,-1117.91
7089,4.19,9.40,20.00,25.56,22.78,4327.29,200.00,10.09,0.00,434.16,-1044.61
7090,6.03,9.40,21.08,26.06,23.57,5657.92,200.00,0.00,0.00,457.54,-979.24
7091,7.74,9.40,22.43,26.65,24.54,6488.56,200.00,0.00,0.00,487.01,-924.40
7092,9.23,9.40,23.77,27.27,25.52,6670.74,200.00,0.00,0.00,516.10,-882.04
7093,10.37,9.40,24.95,27.84,26.39,6211.50,200.00,0.00,0.00,541.52,-853.91
7094,11.11,9.40,25.82,28.30,27.06,5182.84,200.00,0.00,0.00,560.49,-840.18
7095,11.39,9.40,26.30,28.59,27.45,3717.29,200.00,0.00,0.00,570.98,-840.41
7096,11.20,9.40,26.33,28.65,27.49,1916.54,200.00,0.00,0.00,571.51,-852.87
7097,10.55,9.40,25.96,28.51,27.23,394.13,200.00,0.00,0.00,563.51,-877.86
7098,9.48,9.40,25.42,28.31,26.86,0.00,200.00,0.00,0.00,551.74,-920.01
7099,8.08,9.40,24.79,28.09,26.44,0.00,200.00,0.00,0.00,538.21,-978.03
7100,6.45,9.40,24.10,27.87,25.98,0.00,200.00,0.00,0.00,523.21,-1047.00
7101,4.68,9.40,23.36,27.62,25.49,0.00,200.00,0.00,0.00,507.16,-1121.27
7102,2.92,9.40,22.60,27.37,24.98,0.00,200.00,0.00,0.00,490.56,-1194.84
7103,1.28,9.40,21.83,27.10,24.47,0.00,200.00,0.00,0.00,473.99,-1261.77
7104,-0.36,9.40,21.05,26.81,23.93,0.00,200.00,0.00,0.00,456.95,-1328.20
7105,-1.43,9.40,20.36,26.52,23.44,0.00,200.00,0.00,0.00,442.04,-1366.12
7106,-2.08,9.40,20.00,26.23,23.11,0.00,200.00,17.87,0.00,434.16,-1383.80
7107,-2.28,9.40,20.00,25.93,22.97,0.00,200.00,55.07,0.00,434.16,-1379.16
7108,-2.01,9.40,20.00,25.64,22.82,0.00,200.00,84.44,0.00,434.16,-1351.64
7109,-1.28,9.40,20.00,25.37,22.68,0.00,200.00,105.54,0.00,434.16,-1302.27
7110,-0.13,9.40,20.00,25.10,22.55,0.00,200.00,118.45,0.00,434.16,-1233.59
7111,1.34,9.40,20.00,24.94,22.47,593.12,200.00,113.79,0.00,434.16,-1153.56
7112,3.05,9.40,20.00,25.04,22.52,2441.37,200.00,75.86,0.00,434.16,-1074.72
7113,4.88,9.40,20.00,25.38,22.69,4339.93,200.00,6.97,0.00,434.16,-1002.09
7114,6.70,9.40,21.14,25.89,23.51,5674.79,200.00,0.00,0.00,458.82,-937.85
7115,8.39,9.40,22.51,26.49,24.50,6504.38,200.00,0.00,0.00,488.58,-884.58
7116,9.84,9.40,23.86,27.11,25.49,6686.72,200.00,0.00,0.00,517.88,-844.20
7117,10.95,9.40,25.04,27.70,26.37,6229.83,200.00,0.00,0.00,543.46,-818.46
7118,11.64,9.40,25.91,28.16,27.04,5197.19,200.00,0.00,0.00,562.51,-807.46
7119,11.87,9.40,26.40,28.45,27.42,3726.89,200.00,0.00,0.00,572.99,-810.74
7120,11.61,9.40,26.41,28.52,27.47,1913.25,200.00,0.00,0.00,573.41,-826.51
7121,10.89,9.40,26.04,28.38,27.21,401.54,200.00,0.00,0.00,565.29,-855.19
7122,9.75,9.40,25.49,28.19,26.84,0.00,200.00,0.00,0.00,553.31,-901.23
7123,8.27,9.40,24.85,27.98,26.41,0.00,200.00,0.00,0.00,539.51,-963.35
7124,6.54,9.40,24.15,27.75,25.95,0.00,200.00,0.00,0.00,524.18,-1036.59
7125,4.69,9.40,23.39,27.51,25.45,0.00,200.00,0.00,0.00,507.75,-1115.25
7126,2.84,9.40,22.61,27.25,24.93,0.00,200.00,0.00,0.00,490.72,-1193.29
7127,1.11,9.40,21.82,26.98,24.40,0.00,200.00,0.00,0.00,473.66,-1264.72
7128,-0.63,9.40,21.01,26.70,23.85,0.00,200.00,0.00,0.00,456.10,-1335.56
7129,-1.79,9.40,20.30,26.40,23.35,0.00,200.00,0.00,0.00,440.63,-1377.91
7130,-2.54,9.40,20.00,26.10,23.05,0.00,200.00,24.53,0.00,434.16,-1399.92
7131,-2.82,9.40,20.00,25.81,22.90,0.00,200.00,63.79,0.00,434.16,-1399.46
7132,-2.64,9.40,20.00,25.51,22.76,0.00,200.00,95.29,0.00,434.16,-1375.95
7133,-1.99,9.40,20.00,25.23,22.62,0.00,200.00,118.57,0.00,434.16,-1330.36
7134,-0.92,9.40,20.00,24.96,22.48,0.00,200.00,133.68,0.00,434.16,-1265.19
7135,0.48,9.40,20.00,24.79,22.40,601.90,200.00,131.13,0.00,434.16,-1188.42
7136,2.12,9.40,20.00,24.88,22.44,2432.72,200.00,95.59,0.00,434.16,-1112.36
7137,3.89,9.40,20.00,25.21,22.61,4351.54,200.00,28.80,0.00,434.16,-1042.27
7138,5.66,9.40,20.81,25.71,23.26,5690.80,200.00,0.00,0.00,451.67,-980.20
7139,7.31,9.40,22.15,26.31,24.23,6519.50,200.00,0.00,0.00,480.85,-928.69
7140,8.73,9.40,23.48,26.93,25.20,6702.09,200.00,0.00,0.00,509.61,-889.64
7141,9.81,9.40,24.63,27.50,26.07,6247.63,200.00,0.00,0.00,534.69,-864.79
7142,10.48,9.40,25.49,27.96,26.72,5211.07,200.00,0.00,0.00,553.25,-854.23
7143,10.70,9.40,25.95,28.24,27.09,3735.99,200.00,0.00,0.00,563.28,-857.47
7144,10.44,9.40,25.95,28.29,27.12,1909.15,200.00,0.00,0.00,563.26,-872.67
7145,9.73,9.40,25.56,28.15,26.85,409.09,200.00,0.00,0.00,554.81,-900.45
7146,8.61,9.40,24.99,27.94,26.47,0.00,200.00,0.00,0.00,542.54,-945.12
7147,7.16,9.40,24.35,27.73,26.04,0.00,200.00,0.00,0.00,528.52,-1005.45
7148,5.47,9.40,23.63,27.49,25.56,0.00,200.00,0.00,0.00,513.04,-1076.49
7149,3.66,9.40,22.87,27.24,25.06,0.00,200.00,0.00,0.00,496.51,-1152.57
7150,1.86,9.40,22.09,26.98,24.53,0.00,200.00,0.00,0.00,479.45,-1227.67
7151,0.19,9.40,21.30,26.70,24.00,0.00,200.00,0.00,0.00,462.43,-1295.84
7152,-1.47,9.40,20.50,26.41,23.46,0.00,200.00,0.00,0.00,444.98,-1363.03
7153,-2.56,9.40,20.00,26.11,23.06,0.00,200.00,14.94,0.00,434.16,-1401.57
7154,-3.23,9.40,20.00,25.81,22.91,0.00,200.00,60.24,0.00,434.16,-1419.56
7155,-3.43,9.40,20.00,25.51,22.76,0.00,200.00,98.53,0.00,434.16,-1414.90
7156,-3.16,9.40,20.00,25.22,22.61,0.00,200.00,128.87,0.00,434.16,-1387.04
7157,-2.42,9.40,20.00,24.93,22.47,0.00,200.00,150.81,0.00,434.16,-1337.00
7158,-1.26,9.40,20.00,24.66,22.33,0.00,200.00,164.41,0.00,434.16,-1267.34
7159,0.23,9.40,20.00,24.50,22.25,610.58,200.00,160.11,0.00,434.16,-1186.11
7160,1.97,9.40,20.00,24.58,22.29,2422.71,200.00,123.00,0.00,434.16,-1105.49
7161,3.83,9.40,20.00,24.92,22.46,4362.11,200.00,54.25,0.00,434.16,-1031.01
7162,5.69,9.40,20.48,25.43,22.95,5705.97,200.00,0.00,0.00,444.66,-964.71
7163,7.43,9.40,21.86,26.03,23.94,6533.90,200.00,0.00,0.00,474.50,-909.13
7164,8.93,9.40,23.21,26.65,24.93,6716.87,200.00,0.00,0.00,503.93,-866.23
7165,10.09,9.40,24.40,27.23,25.81,6264.92,200.00,0.00,0.00,529.68,-837.79
7166,10.84,9.40,25.29,27.69,26.49,5224.49,200.00,0.00,0.00,548.92,-823.89
7167,11.12,9.40,25.78,27.98,26.88,3744.60,200.00,0.00,0.00,559.60,-824.08
7168,10.93,9.40,25.80,28.04,26.92,1904.25,200.00,0.00,0.00,560.17,-836.52
7169,10.27,9.40,25.45,27.91,26.68,416.79,200.00,0.00,0.00,552.37,-862.03
7170,9.20,9.40,24.91,27.71,26.31,0.00,200.00,0.00,0.00,540.71,-904.79
7171,7.78,9.40,24.29,27.50,25.89,0.00,200.00,0.00,0.00,527.26,-963.63
7172,6.13,9.40,23.60,27.27,25.44,0.00,200.00,0.00,0.00,512.32,-1033.61
7173,4.34,9.40,22.86,27.03,24.95,0.00,200.00,0.00,0.00,496.29,-1109.07
7174,2.56,9.40,22.10,26.78,24.44,0.00,200.00,0.00,0.00,479.68,-1184.01
7175,0.89,9.40,21.33,26.51,23.92,0.00,200.00,0.00,0.00,463.07,-1252.45
7176,-0.78,9.40,20.54,26.23,23.39,0.00,200.00,0.00,0.00,445.98,-1320.29
7177,-1.88,9.40,20.00,25.94,22.97,0.00,200.00,10.60,0.00,434.16,-1360.00
7178,-2.58,9.40,20.00,25.65,22.82,0.00,200.00,55.11,0.00,434.16,-1379.59
7179,-2.82,9.40,20.00,25.35,22.68,0.00,200.00,92.81,0.00,434.16,-1376.94
7180,-2.58,9.40,20.00,25.07,22.53,0.00,200.00,122.78,0.00,434.16,-1351.49
7181,-1.89,9.40,20.00,24.79,22.39,0.00,200.00,144.56,0.00,434.16,-1304.23
7182,-0.80,9.40,20.00,24.52,22.26,0.00,200.00,158.22,0.00,434.16,-1237.68
7183,0.63,9.40,20.00,24.36,22.18,619.14,200.00,154.09,0.00,434.16,-1159.92
7184,2.30,9.40,20.00,24.45,22.23,2411.34,200.00,117.70,0.00,434.16,-1082.88
7185,4.08,9.40,20.00,24.79,22.40,4371.64,200.00,49.61,0.00,434.16,-1012.34
7186,5.86,9.40,20.54,25.30,22.92,5720.28,200.00,0.00,0.00,445.82,-950.21
7187,7.51,9.40,21.90,25.91,23.90,6547.60,200.00,0.00,0.00,475.35,-898.96
7188,8.93,9.40,23.24,26.53,24.88,6731.06,200.00,0.00,0.00,504.41,-860.50
7189,10.00,9.40,24.40,27.11,25.76,6281.69,200.00,0.00,0.00,529.76,-836.57
7190,10.65,9.40,25.27,27.57,26.42,5237.45,200.00,0.00,0.00,548.53,-827.20
7191,10.84,9.40,25.74,27.86,26.80,3752.72,200.00,0.00,0.00,558.68,-831.87
7192,10.56,9.40,25.73,27.92,26.83,1898.51,200.00,0.00,0.00,558.64,-848.65
7193,9.81,9.40,25.30,27.74,26.52,0.00,200.00,0.00,0.00,549.18,-876.35
7194,8.65,9.40,24.73,27.53,26.13,0.00,200.00,0.00,0.00,536.93,-923.29
7195,7.15,9.40,24.09,27.32,25.70,0.00,200.00,0.00,0.00,522.87,-986.11
7196,5.41,9.40,23.37,27.09,25.23,0.00,200.00,0.00,0.00,507.30,-1059.85
7197,3.55,9.40,22.60,26.85,24.72,0.00,200.00,0.00,0.00,490.64,-1138.80
7198,1.69,9.40,21.81,26.58,24.20,0.00,200.00,0.00,0.00,473.41,-1216.91
7199,-0.05,9.40,21.01,26.31,23.66,0.00,200.00,0.00,0.00,456.17,-1288.20
7200,-1.77,9.40,20.20,26.02,23.11,0.00,200.00,0.00,0.00,438.48,-1358.42
7201,-2.92,9.40,20.00,25.72,22.86,0.00,200.00,37.57,0.00,434.16,-1400.23
7202,-3.66,9.40,20.00,25.42,22.71,0.00,200.00,83.97,0.00,434.16,-1421.51
7203,-3.93,9.40,20.00,25.12,22.56,0.00,200.00,123.46,0.00,434.16,-1420.12
7204,-3.73,9.40,20.00,24.82,22.41,0.00,200.00,155.09,0.00,434.16,-1395.49
7205,-3.05,9.40,20.00,24.54,22.27,0.00,200.00,178.40,0.00,434.16,-1348.61
7206,-1.96,9.40,20.00,24.27,22.13,0.00,200.00,193.43,0.00,434.16,-1281.99
7207,-0.53,9.40,20.00,24.10,22.05,627.60,200.00,190.41,0.00,434.16,-1203.75
7208,1.15,9.40,20.00,24.18,22.09,2398.63,200.00,155.31,0.00,434.16,-1125.62
7209,2.95,9.40,20.00,24.51,22.25,4377.70,200.00,88.06,0.00,434.16,-1053.68
7210,4.76,9.40,20.00,25.01,22.51,5733.75,200.00,0.18,0.00,434.16,-989.74
7211,6.45,9.40,21.35,25.61,23.48,6560.60,200.00,0.00,0.00,463.53,-936.27
7212,7.91,9.40,22.69,26.23,24.46,6744.65,200.00,0.00,0.00,492.56,-895.23
7213,9.04,9.40,23.86,26.80,25.33,6297.95,200.00,0.00,0.00,517.93,-868.36
7214,9.75,9.40,24.73,27.26,26.00,5294.96,200.00,0.00,0.00,536.90,-855.91
7215,10.01,9.40,25.21,27.54,26.38,3760.34,200.00,0.00,0.00,547.17,-856.98
7216,9.80,9.40,25.21,27.60,26.40,1891.95,200.00,0.00,0.00,547.26,-869.83
7217,9.13,9.40,24.79,27.41,26.10,0.00,200.00,0.00,0.00,538.06,-893.50
7218,8.05,9.40,24.24,27.21,25.72,0.00,200.00,0.00,0.00,526.12,-936.21
7219,6.64,9.40,23.61,26.99,25.30,0.00,200.00,0.00,0.00,512.43,-994.67
7220,4.99,9.40,22.91,26.76,24.83,0.00,200.00,0.00,0.00,497.29,-1063.95
7221,3.23,9.40,22.16,26.52,24.34,0.00,200.00,0.00,0.00,481.10,-1138.40
7222,1.46,9.40,21.39,26.26,23.82,0.00,200.00,0.00,0.00,464.38,-1212.02
7223,-0.18,9.40,20.62,25.98,23.30,0.00,200.00,0.00,0.00,447.70,-1278.86
7224,-1.81,9.40,20.00,25.70,22.85,0.00,200.00,11.85,0.00,434.16,-1344.64
7225,-2.88,9.40,20.00,25.40,22.70,0.00,200.00,61.75,0.00,434.16,-1382.24
7226,-3.53,9.40,20.00,25.10,22.55,0.00,200.00,106.02,0.00,434.16,-1399.48
7227,-3.71,9.40,20.00,24.81,22.40,0.00,200.00,143.33,0.00,434.16,-1394.27
7228,-3.43,9.40,20.00,24.52,22.26,0.00,200.00,172.76,0.00,434.16,-1366.08
7229,-2.68,9.40,20.00,24.24,22.12,0.00,200.00,193.85,0.00,434.16,-1315.92
7230,-1.52,9.40,20.00,23.98,21.99,0.00,200.00,206.68,0.00,434.16,-1246.35
7231,-0.03,9.40,20.00,23.82,21.91,635.93,200.00,201.44,0.00,434.16,-1165.52
7232,1.70,9.40,20.00,23.90,21.95,2384.57,200.00,164.57,0.00,434.16,-1084.99
7233,3.55,9.40,20.00,24.24,22.12,4381.50,200.00,95.41,0.00,434.16,-1011.14
7234,5.40,9.40,20.00,24.75,22.37,5746.36,200.00,5.62,0.00,434.16,-945.74
7235,7.12,9.40,21.30,25.35,23.33,6572.90,200.00,0.00,0.00,462.44,-891.26
7236,8.60,9.40,22.66,25.98,24.32,6757.66,200.00,0.00,0.00,491.97,-849.65
7237,9.73,9.40,23.85,26.56,25.21,6313.70,200.00,0.00,0.00,517.82,-822.68
7238,10.45,9.40,24.75,27.03,25.89,5306.38,200.00,0.00,0.00,537.19,-810.56
7239,10.70,9.40,25.24,27.32,26.28,3767.47,200.00,0.00,0.00,547.80,-812.39
7240,10.48,9.40,25.25,27.38,26.32,1884.56,200.00,0.00,0.00,548.14,-826.38
7241,9.78,9.40,24.84,27.21,26.02,0.00,200.00,0.00,0.00,539.18,-851.73
7242,8.67,9.40,24.30,27.01,25.65,0.00,200.00,0.00,0.00,527.42,-896.55
7243,7.21,9.40,23.67,26.80,25.24,0.00,200.00,0.00,0.00,513.85,-957.50
7244,5.51,9.40,22.98,26.58,24.78,0.00,200.00,0.00,0.00,498.76,-1029.64
7245,3.69,9.40,22.23,26.34,24.28,0.00,200.00,0.00,0.00,482.56,-1107.29
7246,1.85,9.40,21.46,26.09,23.77,0.00,200.00,0.00,0.00,465.76,-1184.40
7247,0.14,9.40,20.68,25.82,23.25,0.00,200.00,0.00,0.00,448.93,-1255.00
7248,-1.57,9.40,20.00,25.53,22.77,0.00,200.00,8.41,0.00,434.16,-1324.68
7249,-2.71,9.40,20.00,25.24,22.62,0.00,200.00,59.19,0.00,434.16,-1366.47
7250,-3.45,9.40,20.00,24.95,22.48,0.00,200.00,104.56,0.00,434.16,-1388.05
7251,-3.72,9.40,20.00,24.66,22.33,0.00,200.00,143.14,0.00,434.16,-1387.29
7252,-3.53,9.40,20.00,24.37,22.18,0.00,200.00,174.01,0.00,434.16,-1363.60
7253,-2.87,9.40,20.00,24.09,22.04,0.00,200.00,196.69,0.00,434.16,-1317.97
7254,-1.81,9.40,20.00,23.82,21.91,0.00,200.00,211.26,0.00,434.16,-1252.90
7255,-0.41,9.40,20.00,23.66,21.83,644.13,200.00,207.81,0.00,434.16,-1176.52
7256,1.23,9.40,20.00,23.74,21.87,2369.18,200.00,173.28,0.00,434.16,-1100.12
7257,2.99,9.40,20.00,24.07,22.04,4384.32,200.00,106.31,0.00,434.16,-1030.33
7258,4.76,9.40,20.00,24.58,22.29,5758.13,200.00,18.66,0.00,434.16,-968.83
7259,6.39,9.40,21.09,25.17,23.13,6584.50,200.00,0.00,0.00,457.87,-918.01
7260,7.80,9.40,22.42,25.79,24.11,6770.08,200.00,0.00,0.00,486.75,-879.79
7261,8.86,9.40,23.58,26.37,24.98,6327.23,200.00,0.00,0.00,511.94,-855.90
7262,9.51,9.40,24.45,26.83,25.64,5317.35,200.00,0.00,0.00,530.67,-846.51
7263,9.71,9.40,24.90,27.11,26.01,3774.11,200.00,0.00,0.00,540.63,-850.68
7264,9.43,9.40,24.89,27.16,26.02,1876.32,200.00,0.00,0.00,540.29,-866.56
7265,8.70,9.40,24.45,26.98,25.71,0.00,200.00,0.00,0.00,530.75,-893.52
7266,7.55,9.40,23.88,26.77,25.33,0.00,200.00,0.00,0.00,518.46,-939.52
7267,6.07,9.40,23.23,26.55,24.89,0.00,200.00,0.00,0.00,504.38,-1001.21
7268,4.36,9.40,22.52,26.32,24.42,0.00,200.00,0.00,0.00,488.83,-1073.64
7269,2.53,9.40,21.75,26.07,23.91,0.00,200.00,0.00,0.00,472.22,-1151.12
7270,0.70,9.40,20.96,25.81,23.39,0.00,200.00,0.00,0.00,455.06,-1227.62
7271,-1.00,9.40,20.17,25.54,22.85,0.00,200.00,0.00,0.00,437.94,-1297.17
7272,-2.69,9.40,20.00,25.25,22.62,0.00,200.00,45.80,0.00,434.16,-1365.28
7273,-3.80,9.40,20.00,24.95,22.47,0.00,200.00,97.19,0.00,434.16,-1405.18
7274,-4.50,9.40,20.00,24.65,22.32,0.00,200.00,142.95,0.00,434.16,-1424.48
7275,-4.73,9.40,20.00,24.35,22.17,0.00,200.00,181.71,0.00,434.16,-1421.07
7276,-4.47,9.40,20.00,24.05,22.03,0.00,200.00,212.54,0.00,434.16,-1394.38
7277,-3.76,9.40,20.00,23.77,21.88,0.00,200.00,234.97,0.00,434.16,-1345.43
7278,-2.62,9.40,20.00,23.50,21.75,0.00,200.00,249.06,0.00,434.16,-1276.74
7279,-1.14,9.40,20.00,23.33,21.67,652.21,200.00,244.89,0.00,434.16,-1196.53
7280,0.58,9.40,20.00,23.40,21.70,2352.49,200.00,209.86,0.00,434.16,-1115.87
7281,2.42,9.40,20.00,23.73,21.87,4386.18,200.00,141.96,0.00,434.16,-1041.75
7282,4.27,9.40,20.00,24.24,22.12,5769.07,200.00,53.09,0.00,434.16,-975.84
7283,6.00,9.40,20.64,24.83,22.73,6595.41,200.00,0.00,0.00,447.96,-920.51
7284,7.49,9.40,21.99,25.45,23.72,6781.93,200.00,0.00,0.00,477.31,-877.76
7285,8.65,9.40,23.17,26.03,24.60,6338.37,200.00,0.00,0.00,503.02,-849.33
7286,9.40,9.40,24.06,26.49,25.28,5327.88,200.00,0.00,0.00,522.29,-835.47
7287,9.69,9.40,24.55,26.78,25.66,3780.27,200.00,0.00,0.00,532.83,-835.24
7288,9.50,9.40,24.56,26.82,25.69,1867.25,200.00,0.00,0.00,533.04,-846.79
7289,8.85,9.40,24.15,26.64,25.39,0.00,200.00,0.00,0.00,524.16,-869.74
7290,7.79,9.40,23.61,26.44,25.03,0.00,200.00,0.00,0.00,512.53,-911.96
7291,6.39,9.40,22.99,26.23,24.61,0.00,200.00,0.00,0.00,499.13,-970.14
7292,4.75,9.40,22.31,26.01,24.16,0.00,200.00,0.00,0.00,484.25,-1039.34
7293,2.98,9.40,21.57,25.77,23.67,0.00,200.00,0.00,0.00,468.30,-1113.94
7294,1.21,9.40,20.81,25.51,23.16,0.00,200.00,0.00,0.00,451.80,-1187.91
7295,-0.43,9.40,20.05,25.25,22.65,0.00,200.00,0.00,0.00,435.31,-1255.31
7296,-2.07,9.40,20.00,24.97,22.48,0.00,200.00,52.48,0.00,434.16,-1321.57
7297,-3.15,9.40,20.00,24.68,22.34,0.00,200.00,101.93,0.00,434.16,-1360.16
7298,-3.82,9.40,20.00,24.39,22.19,0.00,200.00,145.87,0.00,434.16,-1378.58
7299,-4.03,9.40,20.00,24.10,22.05,0.00,200.00,182.96,0.00,434.16,-1374.73
7300,-3.77,9.40,20.00,23.81,21.91,0.00,200.00,212.26,0.00,434.16,-1348.05
7301,-3.05,9.40,20.00,23.54,21.77,0.00,200.00,233.34,0.00,434.16,-1299.56
7302,-1.92,9.40,20.00,23.28,21.64,0.00,200.00,246.26,0.00,434.16,-1231.79
7303,-0.47,9.40,20.00,23.12,21.56,660.14,200.00,240.92,0.00,434.16,-1153.00
7304,1.23,9.40,20.00,23.20,21.60,2334.50,200.00,205.25,0.00,434.16,-1074.08
7305,3.04,9.40,20.00,23.54,21.77,4387.09,200.00,136.59,0.00,434.16,-1002.25
7306,4.84,9.40,20.00,24.05,22.03,5779.17,200.00,47.09,0.00,434.16,-939.06
7307,6.52,9.40,20.72,24.66,22.69,6605.65,200.00,0.00,0.00,449.87,-886.82
7308,7.95,9.40,22.08,25.29,23.68,6793.22,200.00,0.00,0.00,479.27,-847.47
7309,9.04,9.40,23.26,25.87,24.57,6349.03,200.00,0.00,0.00,504.94,-822.74
7310,9.72,9.40,24.14,26.35,25.24,5337.96,200.00,0.00,0.00,524.11,-812.82
7311,9.93,9.40,24.62,26.63,25.63,3785.95,200.00,0.00,0.00,534.44,-816.71
7312,9.65,9.40,24.61,26.68,25.65,1857.35,200.00,0.00,0.00,534.32,-832.45
7313,8.92,9.40,24.19,26.51,25.35,0.00,200.00,0.00,0.00,525.10,-859.83
7314,7.77,9.40,23.63,26.31,24.97,0.00,200.00,0.00,0.00,513.06,-906.50
7315,6.27,9.40,23.00,26.10,24.55,0.00,200.00,0.00,0.00,499.20,-969.18
7316,4.54,9.40,22.29,25.88,24.08,0.00,200.00,0.00,0.00,483.81,-1042.90
7317,2.68,9.40,21.53,25.63,23.58,0.00,200.00,0.00,0.00,467.32,-1121.98
7318,0.82,9.40,20.74,25.38,23.06,0.00,200.00,0.00,0.00,450.24,-1200.35
7319,-0.92,9.40,20.00,25.11,22.55,0.00,200.00,3.40,0.00,434.16,-1272.03
7320,-2.64,9.40,20.00,24.82,22.41,0.00,200.00,61.78,0.00,434.16,-1342.31
7321,-3.80,9.40,20.00,24.53,22.26,0.00,200.00,113.40,0.00,434.16,-1384.80
7322,-4.55,9.40,20.00,24.23,22.12,0.00,200.00,159.53,0.00,434.16,-1406.89
7323,-4.84,9.40,20.00,23.94,21.97,0.00,200.00,198.82,0.00,434.16,-1406.42
7324,-4.65,9.40,20.00,23.64,21.82,0.00,200.00,230.31,0.00,434.16,-1382.81
7325,-3.99,9.40,20.00,23.36,21.68,0.00,200.00,253.55,0.00,434.16,-1337.05
7326,-2.92,9.40,20.00,23.09,21.55,0.00,200.00,268.59,0.00,434.16,-1271.62
7327,-1.51,9.40,20.00,22.93,21.47,667.94,200.00,265.21,0.00,434.16,-1194.83
7328,0.14,9.40,20.00,23.00,21.50,2315.24,200.00,231.82,0.00,434.16,-1117.30
7329,1.92,9.40,20.00,23.33,21.67,4387.06,200.00,165.07,0.00,434.16,-1046.54
7330,3.70,9.40,20.00,23.83,21.92,5788.45,200.00,77.23,0.00,434.16,-984.03
7331,5.37,9.40,20.29,24.43,22.36,6615.21,200.00,0.00,0.00,440.37,-932.00
7332,6.80,9.40,21.62,25.05,23.34,6803.93,200.00,0.00,0.00,469.35,-892.43
7333,7.89,9.40,22.79,25.63,24.21,6359.21,200.00,0.00,0.00,494.67,-867.01
7334,8.58,9.40,23.66,26.09,24.87,5347.61,200.00,0.00,0.00,513.53,-855.95
7335,8.82,9.40,24.12,26.37,25.25,3791.14,200.00,0.00,0.00,523.60,-858.25
7336,8.58,9.40,24.10,26.41,25.26,1846.60,200.00,0.00,0.00,523.23,-871.91
7337,7.88,9.40,23.67,26.23,24.95,0.00,200.00,0.00,0.00,513.89,-896.93
7338,6.78,9.40,23.12,26.03,24.57,0.00,200.00,0.00,0.00,501.79,-940.85
7339,5.34,9.40,22.48,25.81,24.14,0.00,200.00,0.00,0.00,487.94,-1000.44
7340,3.67,9.40,21.77,25.58,23.68,0.00,200.00,0.00,0.00,472.63,-1070.76
7341,1.89,9.40,21.02,25.33,23.18,0.00,200.00,0.00,0.00,456.28,-1146.15
7342,0.10,9.40,20.24,25.07,22.66,0.00,200.00,0.00,0.00,439.40,-1220.60
7343,-1.56,9.40,20.00,24.80,22.40,0.00,200.00,38.61,0.00,434.16,-1288.18
7344,-3.19,9.40,20.00,24.51,22.26,0.00,200.00,95.88,0.00,434.16,-1354.07
7345,-4.26,9.40,20.00,24.22,22.11,0.00,200.00,146.21,0.00,434.16,-1392.19
7346,-4.92,9.40,20.00,23.92,21.96,0.00,200.00,190.90,0.00,434.16,-1409.81
7347,-5.12,9.40,20.00,23.62,21.81,0.00,200.00,228.59,0.00,434.16,-1404.86
7348,-4.83,9.40,20.00,23.34,21.67,0.00,200.00,258.34,0.00,434.16,-1376.77
7349,-4.08,9.40,20.00,23.06,21.53,0.00,200.00,279.71,0.00,434.16,-1326.59
7350,-2.92,9.40,20.00,22.79,21.40,0.00,200.00,292.77,0.00,434.16,-1256.86
7351,-1.42,9.40,20.00,22.64,21.32,674.65,200.00,287.25,0.00,434.16,-1175.94
7352,0.32,9.40,20.00,22.70,21.35,2294.75,200.00,252.07,0.00,434.16,-1094.28
7353,2.18,9.40,20.00,23.04,21.52,4386.11,200.00,183.20,0.00,434.16,-1019.73
7354,4.04,9.40,20.00,23.55,21.77,5796.90,200.00,93.12,0.00,434.16,-953.76
7355,5.77,9.40,20.10,24.16,22.13,6624.11,200.00,0.00,0.00,436.27,-898.56
7356,7.27,9.40,21.46,24.78,23.12,6814.10,200.00,0.00,0.00,465.93,-856.16
7357,8.42,9.40,22.66,25.37,24.01,6368.93,200.00,0.00,0.00,491.90,-828.27
7358,9.16,9.40,23.56,25.84,24.70,5356.84,200.00,0.00,0.00,511.39,-815.12
7359,9.44,9.40,24.05,26.13,25.09,3795.87,200.00,0.00,0.00,522.05,-815.71
7360,9.24,9.40,24.06,26.18,25.12,1835.03,200.00,0.00,0.00,522.19,-828.00
7361,8.57,9.40,23.65,26.00,24.83,0.00,200.00,0.00,0.00,513.38,-852.21
7362,7.48,9.40,23.11,25.81,24.46,0.00,200.00,0.00,0.00,501.77,-895.76
7363,6.05,9.40,22.50,25.60,24.05,0.00,200.00,0.00,0.00,488.36,-955.42
7364,4.38,9.40,21.81,25.38,23.59,0.00,200.00,0.00,0.00,473.44,-1026.27
7365,2.58,9.40,21.07,25.14,23.11,0.00,200.00,0.00,0.00,457.42,-1102.63
7366,0.78,9.40,20.31,24.89,22.60,0.00,200.00,0.00,0.00,440.82,-1178.49
7367,-0.91,9.40,20.00,24.62,22.31,0.00,200.00,33.17,0.00,434.16,-1247.88
7368,-2.58,9.40,20.00,24.34,22.17,0.00,200.00,89.90,0.00,434.16,-1315.89
7369,-3.70,9.40,20.00,24.06,22.03,0.00,200.00,139.94,0.00,434.16,-1356.62
7370,-4.41,9.40,20.00,23.77,21.88,0.00,200.00,184.56,0.00,434.16,-1377.20
7371,-4.66,9.40,20.00,23.48,21.74,0.00,200.00,222.39,0.00,434.16,-1375.54
7372,-4.45,9.40,20.00,23.19,21.60,0.00,200.00,252.50,0.00,434.16,-1351.03
7373,-3.77,9.40,20.00,22.92,21.46,0.00,200.00,274.45,0.00,434.16,-1304.69
7374,-2.69,9.40,20.00,22.66,21.33,0.00,200.00,288.29,0.00,434.16,-1239.01
7375,-1.27,9.40,20.00,22.50,21.25,681.26,200.00,283.67,0.00,434.16,-1162.36
7376,0.38,9.40,20.00,22.57,21.29,2273.04,200.00,250.02,0.00,434.16,-1084.91
7377,2.15,9.40,20.00,22.91,21.45,4384.26,200.00,182.57,0.00,434.16,-1014.79
7378,3.92,9.40,20.00,23.42,21.71,5804.56,200.00,93.97,0.00,434.16,-953.33
7379,5.56,9.40,20.06,24.03,22.04,6632.35,200.00,0.00,0.00,435.53,-902.66
7380,6.96,9.40,21.41,24.65,23.03,6823.71,200.00,0.00,0.00,464.66,-864.74
7381,8.02,9.40,22.58,25.23,23.91,6378.18,200.00,0.00,0.00,490.07,-841.25
7382,8.67,9.40,23.45,25.70,24.57,5365.65,200.00,0.00,0.00,508.96,-832.36
7383,8.86,9.40,23.91,25.99,24.95,3800.14,200.00,0.00,0.00,518.98,-837.01
7384,8.57,9.40,23.88,26.03,24.95,1822.65,200.00,0.00,0.00,518.41,-853.06
7385,7.83,9.40,23.45,25.85,24.65,0.00,200.00,0.00,0.00,508.95,-880.90
7386,6.67,9.40,22.88,25.65,24.26,0.00,200.00,0.00,0.00,496.69,-927.77
7387,5.17,9.40,22.23,25.43,23.83,0.00,200.00,0.00,0.00,482.63,-990.44
7388,3.44,9.40,21.52,25.20,23.36,0.00,200.00,0.00,0.00,467.07,-1063.94
7389,1.58,9.40,20.75,24.96,22.85,0.00,200.00,0.00,0.00,450.44,-1142.58
7390,-0.27,9.40,20.00,24.70,22.35,0.00,200.00,3.08,0.00,434.16,-1220.31
7391,-1.99,9.40,20.00,24.42,22.21,0.00,200.00,60.33,0.00,434.16,-1291.17
7392,-3.69,9.40,20.00,24.14,22.07,0.00,200.00,118.80,0.00,434.16,-1360.10
7393,-4.83,9.40,20.00,23.84,21.92,0.00,200.00,170.49,0.00,434.16,-1401.42
7394,-5.55,9.40,20.00,23.54,21.77,0.00,200.00,216.60,0.00,434.16,-1422.15
7395,-5.81,9.40,20.00,23.24,21.62,0.00,200.00,255.76,0.00,434.16,-1420.18
7396,-5.59,9.40,20.00,22.95,21.48,0.00,200.00,287.03,0.00,434.16,-1394.92
7397,-4.90,9.40,20.00,22.67,21.33,0.00,200.00,309.94,0.00,434.16,-1347.39
7398,-3.79,9.40,20.00,22.40,21.20,0.00,200.00,324.55,0.00,434.16,-1280.09
7399,-2.34,9.40,20.00,22.24,21.12,687.79,200.00,320.41,0.00,434.16,-1201.44
7400,-0.65,9.40,20.00,22.30,21.15,2250.17,200.00,287.49,0.00,434.16,-1121.40
7401,1.18,9.40,20.00,22.63,21.31,4381.51,200.00,220.27,0.00,434.16,-1048.44
7402,3.00,9.40,20.00,23.13,21.57,5811.41,200.00,131.56,0.00,434.16,-983.86
7403,4.71,9.40,20.00,23.73,21.87,6639.96,200.00,32.70,0.00,434.16,-929.77
7404,6.18,9.40,20.90,24.35,22.63,6832.79,200.00,0.00,0.00,453.64,-888.14
7405,7.33,9.40,22.08,24.93,23.51,6386.98,200.00,0.00,0.00,479.28,-860.70
7406,8.06,9.40,22.96,25.40,24.18,5374.05,200.00,0.00,0.00,498.45,-847.66
7407,8.33,9.40,23.44,25.68,24.56,3803.95,200.00,0.00,0.00,508.80,-847.98
7408,8.13,9.40,23.43,25.72,24.57,1809.45,200.00,0.00,0.00,508.54,-859.50
7409,7.48,9.40,23.01,25.54,24.27,0.00,200.00,0.00,0.00,499.54,-882.87
7410,6.41,9.40,22.47,25.34,23.90,0.00,200.00,0.00,0.00,487.77,-925.24
7411,5.00,9.40,21.85,25.12,23.48,0.00,200.00,0.00,0.00,474.24,-983.43
7412,3.36,9.40,21.16,24.90,23.03,0.00,200.00,0.00,0.00,459.26,-1052.52
7413,1.60,9.40,20.42,24.66,22.54,0.00,200.00,0.00,0.00,443.22,-1126.86
7414,-0.16,9.40,20.00,24.40,22.20,0.00,200.00,25.01,0.00,434.16,-1200.46
7415,-1.80,9.40,20.00,24.13,22.07,0.00,200.00,80.11,0.00,434.16,-1267.39
7416,-3.41,9.40,20.00,23.85,21.92,0.00,200.00,136.35,0.00,434.16,-1332.50
7417,-4.48,9.40,20.00,23.56,21.78,0.00,200.00,185.83,0.00,434.16,-1370.38
7418,-5.13,9.40,20.00,23.27,21.63,0.00,200.00,229.73,0.00,434.16,-1388.00
7419,-5.32,9.40,20.00,22.98,21.49,0.00,200.00,266.71,0.00,434.16,-1383.24
7420,-5.04,9.40,20.00,22.69,21.35,0.00,200.00,295.84,0.00,434.16,-1355.57
7421,-4.30,9.40,20.00,22.42,21.21,0.00,200.00,316.68,0.00,434.16,-1306.02
7422,-3.15,9.40,20.00,22.16,21.08,0.00,200.00,329.30,0.00,434.16,-1237.10
7423,-1.67,9.40,20.00,22.01,21.00,694.24,200.00,323.20,0.00,434.16,-1157.31
7424,0.05,9.40,20.00,22.07,21.04,2226.16,200.00,288.90,0.00,434.16,-1076.34
7425,1.89,9.40,20.00,22.41,21.20,4377.90,200.00,220.15,0.00,434.16,-1003.04
7426,3.72,9.40,20.00,22.92,21.46,5817.49,200.00,129.96,0.00,434.16,-938.61
7427,5.43,9.40,20.00,23.53,21.77,6646.93,200.00,29.79,0.00,434.16,-885.13
7428,6.89,9.40,20.95,24.17,22.56,6841.34,200.00,0.00,0.00,454.86,-844.56
7429,8.01,9.40,22.15,24.75,23.45,6395.34,200.00,0.00,0.00,480.77,-818.61
7430,8.71,9.40,23.04,25.23,24.13,5382.05,200.00,0.00,0.00,500.17,-807.47
7431,8.94,9.40,23.52,25.52,24.52,3807.32,200.00,0.00,0.00,510.64,-810.06
7432,8.70,9.40,23.51,25.56,24.53,1795.46,200.00,0.00,0.00,510.40,-824.13
7433,7.98,9.40,23.07,25.37,24.22,0.00,200.00,0.00,0.00,500.90,-849.88
7434,6.85,9.40,22.53,25.18,23.85,0.00,200.00,0.00,0.00,489.10,-895.60
7435,5.38,9.40,21.90,24.97,23.44,0.00,200.00,0.00,0.00,475.48,-957.43
7436,3.67,9.40,21.21,24.75,22.98,0.00,200.00,0.00,0.00,460.33,-1030.40
7437,1.82,9.40,20.46,24.51,22.48,0.00,200.00,0.00,0.00,444.07,-1108.84
7438,-0.02,9.40,20.00,24.26,22.13,0.00,200.00,23.16,0.00,434.16,-1186.71
7439,-1.75,9.40,20.00,23.99,21.99,0.00,200.00,79.40,0.00,434.16,-1258.04
7440,-3.45,9.40,20.00,23.71,21.85,0.00,200.00,136.93,0.00,434.16,-1327.51
7441,-4.61,9.40,20.00,23.42,21.71,0.00,200.00,187.89,0.00,434.16,-1369.93
7442,-5.35,9.40,20.00,23.13,21.56,0.00,200.00,233.42,0.00,434.16,-1392.06
7443,-5.64,9.40,20.00,22.84,21.42,0.00,200.00,272.16,0.00,434.16,-1391.78
7444,-5.45,9.40,20.00,22.55,21.27,0.00,200.00,303.16,0.00,434.16,-1368.49
7445,-4.80,9.40,20.00,22.27,21.14,0.00,200.00,325.97,0.00,434.16,-1323.17
7446,-3.74,9.40,20.00,22.01,21.00,0.00,200.00,340.63,0.00,434.16,-1258.32
7447,-2.34,9.40,20.00,21.85,20.93,700.61,200.00,336.55,0.00,434.16,-1182.40
7448,-0.70,9.40,20.00,21.91,20.95,2201.06,200.00,304.78,0.00,434.16,-1104.84
7449,1.07,9.40,20.00,22.24,21.12,4373.44,200.00,238.27,0.00,434.16,-1034.78
7450,2.83,9.40,20.00,22.75,21.37,5821.16,200.00,150.21,0.00,434.16,-973.30
7451,4.48,9.40,20.00,23.35,21.67,6653.28,200.00,52.11,0.00,434.16,-922.43
7452,5.89,9.40,20.62,23.97,22.29,6849.38,200.00,0.00,0.00,447.55,-884.09
7453,6.96,9.40,21.78,24.55,23.17,6403.27,200.00,0.00,0.00,472.89,-859.96
7454,7.62,9.40,22.65,25.02,23.83,5389.66,200.00,0.00,0.00,491.72,-850.21
7455,7.83,9.40,23.11,25.30,24.20,3810.25,200.00,0.00,0.00,501.66,-853.72
7456,7.57,9.40,23.07,25.33,24.20,1780.70,200.00,0.00,0.00,500.86,-868.19
7457,6.84,9.40,22.61,25.13,23.87,0.00,200.00,0.00,0.00,490.92,-894.00
7458,5.71,9.40,22.05,24.93,23.49,0.00,200.00,0.00,0.00,478.74,-939.33
7459,4.25,9.40,21.41,24.71,23.06,0.00,200.00,0.00,0.00,464.79,-1000.31
7460,2.55,9.40,20.70,24.48,22.59,0.00,200.00,0.00,0.00,449.37,-1072.02
7461,0.74,9.40,20.00,24.24,22.12,0.00,200.00,4.19,0.00,434.16,-1148.76
7462,-1.07,9.40,20.00,23.98,21.99,0.00,200.00,60.83,0.00,434.16,-1224.54
7463,-2.76,9.40,20.00,23.70,21.85,0.00,200.00,117.36,0.00,434.16,-1293.39
7464,-4.40,9.40,20.00,23.42,21.71,0.00,200.00,174.91,0.00,434.16,-1359.90
7465,-5.50,9.40,20.00,23.12,21.56,0.00,200.00,225.71,0.00,434.16,-1399.14
7466,-6.18,9.40,20.00,22.83,21.41,0.00,200.00,270.86,0.00,434.16,-1417.80
7467,-6.39,9.40,20.00,22.53,21.27,0.00,200.00,309.01,0.00,434.16,-1413.78
7468,-6.13,9.40,20.00,22.24,21.12,0.00,200.00,339.22,0.00,434.16,-1386.52
7469,-5.39,9.40,20.00,21.96,20.98,0.00,200.00,361.03,0.00,434.16,-1337.05
7470,-4.24,9.40,20.00,21.69,20.85,0.00,200.00,374.50,0.00,434.16,-1267.89
7471,-2.75,9.40,20.00,21.45,20.72,0.00,200.00,380.21,0.00,434.16,-1182.93
7472,-1.02,9.40,20.00,21.50,20.75,2174.92,200.00,346.95,0.00,434.16,-1100.78
7473,0.83,9.40,20.00,21.83,20.91,4368.16,200.00,278.53,0.00,434.16,-1026.23
7474,2.69,9.40,20.00,22.34,21.17,5822.90,200.00,188.34,0.00,434.16,-960.34
7475,4.43,9.40,20.00,22.95,21.47,6659.02,200.00,87.95,0.00,434.16,-905.15
7476,5.93,9.40,20.15,23.57,21.86,6856.91,200.00,0.00,0.00,437.50,-862.58
7477,7.09,9.40,21.36,24.16,22.76,6410.78,200.00,0.00,0.00,463.57,-834.40
7478,7.84,9.40,22.26,24.63,23.44,5396.89,200.00,0.00,0.00,483.15,-820.79
7479,8.13,9.40,22.75,24.92,23.83,3812.77,200.00,0.00,0.00,493.83,-820.66
7480,7.94,9.40,22.74,24.95,23.85,1765.18,200.00,0.00,0.00,493.70,-831.67
7481,7.28,9.40,22.31,24.77,23.54,0.00,200.00,0.00,0.00,484.20,-854.45
7482,6.22,9.40,21.78,24.57,23.17,0.00,200.00,0.00,0.00,472.76,-897.10
7483,4.81,9.40,21.17,24.36,22.77,0.00,200.00,0.00,0.00,459.54,-955.79
7484,3.16,9.40,20.49,24.14,22.32,0.00,200.00,0.00,0.00,444.82,-1025.58
7485,1.39,9.40,20.00,23.91,21.95,0.00,200.00,17.09,0.00,434.16,-1100.83
7486,-0.39,9.40,20.00,23.66,21.83,0.00,200.00,71.61,0.00,434.16,-1175.55
7487,-2.05,9.40,20.00,23.39,21.70,0.00,200.00,126.15,0.00,434.16,-1243.78
7488,-3.68,9.40,20.00,23.12,21.56,0.00,200.00,181.83,0.00,434.16,-1309.98
7489,-4.77,9.40,20.00,22.83,21.42,0.00,200.00,230.97,0.00,434.16,-1349.50
7490,-5.46,9.40,20.00,22.55,21.27,0.00,200.00,274.64,0.00,434.16,-1368.89
7491,-5.69,9.40,20.00,22.26,21.13,0.00,200.00,311.51,0.00,434.16,-1366.04
7492,-5.44,9.40,20.00,21.98,20.99,0.00,200.00,340.64,0.00,434.16,-1340.37
7493,-4.74,9.40,20.00,21.71,20.85,0.00,200.00,361.59,0.00,434.16,-1292.91
7494,-3.63,9.40,20.00,21.45,20.73,0.00,200.00,374.41,0.00,434.16,-1226.16
7495,-2.19,9.40,20.00,21.21,20.61,0.00,200.00,379.70,0.00,434.16,-1143.98
7496,-0.52,9.40,20.00,21.27,20.63,2147.79,200.00,346.67,0.00,434.16,-1064.76
7497,1.28,9.40,20.00,21.60,20.80,4362.08,200.00,278.38,0.00,434.16,-993.59
7498,3.06,9.40,20.00,22.12,21.06,5823.97,200.00,188.45,0.00,434.16,-931.40
7499,4.73,9.40,20.00,22.73,21.37,6664.18,200.00,88.52,0.00,434.16,-880.17
7500,6.14,9.40,20.14,23.37,21.75,6863.95,200.00,0.00,0.00,437.14,-841.78
7501,7.22,9.40,21.33,23.95,22.64,6417.88,200.00,0.00,0.00,462.95,-817.93
7502,7.88,9.40,22.21,24.43,23.32,5403.75,200.00,0.00,0.00,482.22,-808.77
7503,8.08,9.40,22.69,24.71,23.70,3814.87,200.00,0.00,0.00,492.50,-813.14
7504,7.80,9.40,22.66,24.75,23.70,1748.93,200.00,0.00,0.00,491.87,-828.58
7505,7.05,9.40,22.20,24.56,23.38,0.00,200.00,0.00,0.00,481.90,-855.92
7506,5.89,9.40,21.65,24.37,23.01,0.00,200.00,0.00,0.00,469.96,-903.06
7507,4.39,9.40,21.02,24.16,22.59,0.00,200.00,0.00,0.00,456.20,-966.13
7508,2.65,9.40,20.31,23.93,22.12,0.00,200.00,0.00,0.00,440.92,-1040.16
7509,0.79,9.40,20.00,23.69,21.85,0.00,200.00,32.05,0.00,434.16,-1119.48
7510,-1.07,9.40,20.00,23.44,21.72,0.00,200.00,88.57,0.00,434.16,-1198.03
7511,-2.81,9.40,20.00,23.17,21.59,0.00,200.00,145.15,0.00,434.16,-1269.84
7512,-4.51,9.40,20.00,22.89,21.45,0.00,200.00,202.83,0.00,434.16,-1339.18
7513,-5.67,9.40,20.00,22.60,21.30,0.00,200.00,254.00,0.00,434.16,-1381.64
7514,-6.41,9.40,20.00,22.31,21.15,0.00,200.00,299.66,0.00,434.16,-1403.61
7515,-6.69,9.40,20.00,22.01,21.01,0.00,200.00,338.45,0.00,434.16,-1402.95
7516,-6.49,9.40,20.00,21.73,20.86,0.00,200.00,369.43,0.00,434.16,-1379.08
7517,-5.82,9.40,20.00,21.45,20.72,0.00,200.00,392.13,0.00,434.16,-1332.98
7518,-4.74,9.40,20.00,21.18,20.59,0.00,200.00,406.59,0.00,434.16,-1267.15
7519,-3.32,9.40,20.00,20.93,20.47,0.00,200.00,413.38,0.00,434.16,-1185.45
7520,-1.65,9.40,20.00,20.98,20.49,2119.72,200.00,382.14,0.00,434.16,-1106.07
7521,0.14,9.40,20.00,21.31,20.65,4355.24,200.00,315.17,0.00,434.16,-1034.42
7522,1.94,9.40,20.00,21.81,20.91,5824.39,200.00,226.29,0.00,434.16,-971.34
7523,3.62,9.40,20.00,22.42,21.21,6668.76,200.00,127.17,0.00,434.16,-918.81
7524,5.07,9.40,20.00,23.05,21.52,6870.51,200.00,29.34,0.00,434.16,-878.70
7525,6.18,9.40,20.78,23.63,22.20,6424.59,200.00,0.00,0.00,451.05,-852.71
7526,6.89,9.40,21.66,24.09,22.88,5410.26,200.00,0.00,0.00,470.25,-841.01
7527,7.14,9.40,22.14,24.37,23.26,3816.59,200.00,0.00,0.00,480.52,-842.46
7528,6.92,9.40,22.11,24.40,23.25,1731.98,200.00,0.00,0.00,479.88,-854.56
7529,6.24,9.40,21.65,24.21,22.93,0.00,200.00,0.00,0.00,470.05,-878.38
7530,5.15,9.40,21.11,24.01,22.56,0.00,200.00,0.00,0.00,458.32,-921.76
7531,3.73,9.40,20.49,23.80,22.15,0.00,200.00,0.00,0.00,444.83,-980.83
7532,2.08,9.40,20.00,23.57,21.79,0.00,200.00,14.29,0.00,434.16,-1050.70
7533,0.30,9.40,20.00,23.33,21.67,0.00,200.00,67.58,0.00,434.16,-1125.72
7534,-1.47,9.40,20.00,23.08,21.54,0.00,200.00,122.66,0.00,434.16,-1199.88
7535,-3.11,9.40,20.00,22.81,21.41,0.00,200.00,177.62,0.00,434.16,-1267.24
7536,-4.72,9.40,20.00,22.53,21.27,0.00,200.00,233.51,0.00,434.16,-1331.99
7537,-5.78,9.40,20.00,22.25,21.12,0.00,200.00,282.78,0.00,434.16,-1370.04
7538,-6.43,9.40,20.00,21.96,20.98,0.00,200.00,326.43,0.00,434.16,-1387.68
7539,-6.62,9.40,20.00,21.67,20.83,0.00,200.00,363.13,0.00,434.16,-1382.81
7540,-6.33,9.40,20.00,21.38,20.69,0.00,200.00,391.94,0.00,434.16,-1354.90
7541,-5.58,9.40,20.00,21.11,20.56,0.00,200.00,412.41,0.00,434.16,-1304.97
7542,-4.42,9.40,20.00,20.85,20.43,0.00,200.00,424.61,0.00,434.16,-1235.57
7543,-2.93,9.40,20.00,20.61,20.31,0.00,200.00,429.13,0.00,434.16,-1150.57
7544,-1.19,9.40,20.00,20.66,20.33,2090.78,200.00,396.07,0.00,434.16,-1068.01
7545,0.67,9.40,20.00,20.99,20.50,4347.65,200.00,327.00,0.00,434.16,-993.66
7546,2.52,9.40,20.00,21.51,20.76,5824.16,200.00,235.98,0.00,434.16,-928.31
7547,4.25,9.40,20.00,22.13,21.06,6672.77,200.00,134.75,0.00,434.16,-873.92
7548,5.73,9.40,20.00,22.76,21.38,6876.60,200.00,34.89,0.00,434.16,-832.38
7549,6.88,9.40,20.73,23.35,22.04,6430.91,200.00,0.00,0.00,449.95,-805.38
7550,7.61,9.40,21.64,23.83,22.73,5416.43,200.00,0.00,0.00,469.69,-793.11
7551,7.87,9.40,22.13,24.12,23.13,3817.92,200.00,0.00,0.00,480.42,-794.41
7552,7.65,9.40,22.12,24.15,23.14,1714.35,200.00,0.00,0.00,480.14,-806.71
7553,6.97,9.40,21.68,23.97,22.83,0.00,200.00,0.00,0.00,470.70,-831.32
7554,5.86,9.40,21.16,23.78,22.47,0.00,200.00,0.00,0.00,459.29,-875.91
7555,4.42,9.40,20.55,23.58,22.06,0.00,200.00,0.00,0.00,446.06,-936.64
7556,2.73,9.40,20.00,23.36,21.68,0.00,200.00,9.51,0.00,434.16,-1008.56
7557,0.91,9.40,20.00,23.13,21.57,0.00,200.00,62.35,0.00,434.16,-1086.03
7558,-0.91,9.40,20.00,22.88,21.44,0.00,200.00,117.19,0.00,434.16,-1163.02
7559,-2.61,9.40,20.00,22.62,21.31,0.00,200.00,172.13,0.00,434.16,-1233.53
7560,-4.28,9.40,20.00,22.35,21.18,0.00,200.00,228.18,0.00,434.16,-1301.62
7561,-5.41,9.40,20.00,22.07,21.04,0.00,200.00,277.87,0.00,434.16,-1343.41
7562,-6.14,9.40,20.00,21.78,20.89,0.00,200.00,322.15,0.00,434.16,-1365.03
7563,-6.41,9.40,20.00,21.50,20.75,0.00,200.00,359.68,0.00,434.16,-1364.35
7564,-6.21,9.40,20.00,21.22,20.61,0.00,200.00,389.52,0.00,434.16,-1340.77
7565,-5.55,9.40,20.00,20.95,20.48,0.00,200.00,411.21,0.00,434.16,-1295.29
7566,-4.48,9.40,20.00,20.69,20.35,0.00,200.00,424.80,0.00,434.16,-1230.41
7567,-3.07,9.40,20.00,20.45,20.23,0.00,200.00,430.87,0.00,434.16,-1149.96
7568,-1.43,9.40,20.00,20.49,20.25,2061.03,200.00,399.94,0.00,434.16,-1071.73
7569,0.33,9.40,20.00,20.83,20.41,4339.36,200.00,332.83,0.00,434.16,-1001.78
7570,2.10,9.40,20.00,21.34,20.67,5823.33,200.00,243.77,0.00,434.16,-940.76
7571,3.73,9.40,20.00,21.95,20.98,6676.24,200.00,144.55,0.00,434.16,-890.57
7572,5.13,9.40,20.00,22.58,21.29,6882.24,200.00,46.74,0.00,434.16,-853.04
7573,6.20,9.40,20.53,23.17,21.85,6436.86,200.00,0.00,0.00,445.76,-829.81
7574,6.85,9.40,21.41,23.64,22.53,5422.26,200.00,0.00,0.00,464.86,-821.04
7575,7.04,9.40,21.88,23.93,22.90,3818.90,200.00,0.00,0.00,474.93,-825.50
7576,6.75,9.40,21.83,23.95,22.89,1696.09,200.00,0.00,0.00,473.93,-840.53
7577,6.01,9.40,21.37,23.76,22.56,0.00,200.00,0.00,0.00,463.87,-867.62
7578,4.86,9.40,20.82,23.56,22.19,0.00,200.00,0.00,0.00,451.86,-914.32
7579,3.37,9.40,20.18,23.35,21.77,0.00,200.00,0.00,0.00,438.06,-976.74
7580,1.65,9.40,20.00,23.13,21.56,0.00,200.00,37.94,0.00,434.16,-1049.94
7581,-0.19,9.40,20.00,22.89,21.44,0.00,200.00,92.45,0.00,434.16,-1128.25
7582,-2.03,9.40,20.00,22.63,21.32,0.00,200.00,148.82,0.00,434.16,-1205.62
7583,-3.74,9.40,20.00,22.37,21.18,0.00,200.00,205.15,0.00,434.16,-1276.08
7584,-5.40,9.40,20.00,22.08,21.04,0.00,200.00,262.36,0.00,434.16,-1343.52
7585,-6.53,9.40,20.00,21.80,20.90,0.00,200.00,313.07,0.00,434.16,-1384.36
7586,-7.23,9.40,20.00,21.50,20.75,0.00,200.00,358.18,0.00,434.16,-1404.59
7587,-7.47,9.40,20.00,21.21,20.61,0.00,200.00,396.33,0.00,434.16,-1402.10
7588,-7.23,9.40,20.00,20.93,20.46,0.00,200.00,426.58,0.00,434.16,-1376.32
7589,-6.52,9.40,20.00,20.65,20.32,0.00,200.00,448.47,0.00,434.16,-1328.26
7590,-5.40,9.40,20.00,20.39,20.19,0.00,200.00,462.04,0.00,434.16,-1260.43
7591,-3.93,9.40,20.00,20.14,20.07,0.00,200.00,467.87,0.00,434.16,-1176.72
7592,-2.22,9.40,20.00,20.17,20.09,2030.54,200.00,436.97,0.00,434.16,-1094.73
7593,-0.38,9.40,20.00,20.50,20.25,4330.39,200.00,369.35,0.00,434.16,-1020.91
7594,1.46,9.40,20.00,21.01,20.51,5821.90,200.00,279.48,0.00,434.16,-955.85
7595,3.18,9.40,20.00,21.62,20.81,6679.19,200.00,179.20,0.00,434.16,-901.46
7596,4.67,9.40,20.00,22.25,21.13,6887.44,200.00,80.13,0.00,434.16,-859.60
7597,5.82,9.40,20.09,22.84,21.47,6442.46,200.00,0.00,0.00,436.17,-831.93
7598,6.56,9.40,20.99,23.31,22.15,5427.79,200.00,0.00,0.00,455.74,-818.68
7599,6.85,9.40,21.48,23.60,22.54,3819.53,200.00,0.00,0.00,466.32,-818.64
7600,6.66,9.40,21.46,23.62,22.54,1676.79,200.00,0.00,0.00,465.79,-829.09
7601,6.01,9.40,21.02,23.43,22.23,0.00,200.00,0.00,0.00,456.33,-851.85
7602,4.94,9.40,20.50,23.24,21.87,0.00,200.00,0.00,0.00,444.95,-894.35
7603,3.54,9.40,20.00,23.04,21.52,0.00,200.00,7.85,0.00,434.16,-952.74
7604,1.91,9.40,20.00,22.82,21.41,0.00,200.00,56.58,0.00,434.16,-1022.15
7605,0.14,9.40,20.00,22.58,21.29,0.00,200.00,108.85,0.00,434.16,-1096.91
7606,-1.62,9.40,20.00,22.34,21.17,0.00,200.00,162.97,0.00,434.16,-1171.03
7607,-3.26,9.40,20.00,22.08,21.04,0.00,200.00,217.07,0.00,434.16,-1238.56
7608,-4.86,9.40,20.00,21.80,20.90,0.00,200.00,272.05,0.00,434.16,-1303.27
7609,-5.93,9.40,20.00,21.52,20.76,0.00,200.00,320.61,0.00,434.16,-1341.92
7610,-6.59,9.40,20.00,21.24,20.62,0.00,200.00,363.66,0.00,434.16,-1360.35
7611,-6.79,9.40,20.00,20.96,20.48,0.00,200.00,399.85,0.00,434.16,-1356.48
7612,-6.52,9.40,20.00,20.68,20.34,0.00,200.00,428.26,0.00,434.16,-1329.75
7613,-5.80,9.40,20.00,20.41,20.21,0.00,200.00,448.44,0.00,434.16,-1281.19
7614,-4.66,9.40,20.00,20.16,20.08,0.00,200.00,460.46,0.00,434.16,-1213.31
7615,-3.19,9.40,20.00,19.93,19.96,0.00,200.00,464.90,0.00,434.16,-1130.00
7616,-1.49,9.40,20.00,19.96,19.98,1999.38,200.00,433.24,0.00,434.16,-1048.65
7617,0.33,9.40,20.00,20.30,20.15,4320.78,200.00,364.75,0.00,434.16,-976.04
7618,2.15,9.40,20.00,20.82,20.41,5867.85,200.00,273.69,0.00,434.16,-912.86
7619,3.83,9.40,20.00,21.44,20.72,6681.62,200.00,172.82,0.00,434.16,-860.58
7620,5.28,9.40,20.00,22.08,21.04,6892.21,200.00,73.34,0.00,434.16,-821.23
7621,6.38,9.40,20.19,22.67,21.43,6447.72,200.00,0.00,0.00,438.26,-796.43
7622,7.06,9.40,21.09,23.15,22.12,5433.02,200.00,0.00,0.00,457.82,-786.39
7623,7.28,9.40,21.57,23.44,22.51,3819.84,200.00,0.00,0.00,468.30,-789.82
7624,7.02,9.40,21.54,23.47,22.50,1655.34,200.00,0.00,0.00,467.54,-803.91
7625,6.29,9.40,21.09,23.29,22.19,0.00,200.00,0.00,0.00,457.88,-830.68
7626,5.15,9.40,20.56,23.10,21.83,0.00,200.00,0.00,0.00,446.23,-877.38
7627,3.66,9.40,20.00,22.89,21.45,0.00,200.00,4.67,0.00,434.16,-940.12
7628,1.93,9.40,20.00,22.68,21.34,0.00,200.00,54.65,0.00,434.16,-1013.98
7629,0.08,9.40,20.00,22.44,21.22,0.00,200.00,108.36,0.00,434.16,-1093.27
7630,-1.78,9.40,20.00,22.20,21.10,0.00,200.00,164.07,0.00,434.16,-1171.92
7631,-3.51,9.40,20.00,21.94,20.97,0.00,200.00,219.89,0.00,434.16,-1243.96
7632,-5.20,9.40,20.00,21.66,20.83,0.00,200.00,276.66,0.00,434.16,-1312.97
7633,-6.36,9.40,20.00,21.38,20.69,0.00,200.00,327.17,0.00,434.16,-1355.94
7634,-7.11,9.40,20.00,21.09,20.55,0.00,200.00,372.24,0.00,434.16,-1378.54
7635,-7.40,9.40,20.00,20.81,20.40,0.00,200.00,410.52,0.00,434.16,-1378.63
7636,-7.21,9.40,20.00,20.52,20.26,0.00,200.00,441.05,0.00,434.16,-1355.63
7637,-6.56,9.40,20.00,20.25,20.13,0.00,200.00,463.37,0.00,434.16,-1310.52
7638,-5.49,9.40,20.00,19.99,20.00,0.00,200.00,477.53,0.00,434.16,-1245.78
7639,-4.09,9.40,20.00,19.75,19.87,0.00,200.00,484.08,0.00,434.16,-1165.26
7640,-2.44,9.40,20.00,19.78,19.89,1967.62,200.00,454.97,0.00,434.16,-1086.14
7641,-0.67,9.40,20.00,20.10,20.05,4310.56,200.00,388.65,0.00,434.16,-1015.49
7642,1.10,9.40,20.00,20.62,20.31,5864.65,200.00,299.58,0.00,434.16,-953.90
7643,2.76,9.40,20.00,21.23,20.61,6683.57,200.00,200.53,0.00,434.16,-902.81
7644,4.18,9.40,20.00,21.86,20.93,6896.58,200.00,102.74,0.00,434.16,-864.21
7645,5.27,9.40,20.00,22.44,21.22,6452.65,200.00,17.27,0.00,434.16,-839.72
7646,5.94,9.40,20.64,22.91,21.78,5437.96,200.00,0.00,0.00,448.12,-829.50
7647,6.17,9.40,21.11,23.19,22.15,3819.85,200.00,0.00,0.00,458.21,-832.29
7648,5.92,9.40,21.05,23.21,22.13,1633.46,200.00,0.00,0.00,457.05,-845.19
7649,5.21,9.40,20.60,23.02,21.81,0.00,200.00,0.00,0.00,447.15,-870.48
7650,4.10,9.40,20.05,22.82,21.44,0.00,200.00,0.00,0.00,435.33,-915.27
7651,2.65,9.40,20.00,22.61,21.31,0.00,200.00,41.36,0.00,434.16,-975.74
7652,0.97,9.40,20.00,22.39,21.20,0.00,200.00,91.51,0.00,434.16,-1046.95
7653,-0.83,9.40,20.00,22.15,21.08,0.00,200.00,145.16,0.00,434.16,-1123.23
7654,-2.62,9.40,20.00,21.90,20.95,0.00,200.00,200.60,0.00,434.16,-1198.57
7655,-4.29,9.40,20.00,21.63,20.82,0.00,200.00,255.93,0.00,434.16,-1267.01
7656,-5.89,9.40,20.00,21.36,20.68,0.00,200.00,311.96,0.00,434.16,-1332.02
7657,-6.98,9.40,20.00,21.07,20.54,0.00,200.00,361.57,0.00,434.16,-1370.92
7658,-7.64,9.40,20.00,20.78,20.39,0.00,200.00,405.54,0.00,434.16,-1389.30
7659,-7.84,9.40,20.00,20.50,20.25,0.00,200.00,442.53,0.00,434.16,-1385.04
7660,-7.56,9.40,20.00,20.21,20.11,0.00,200.00,471.60,0.00,434.16,-1357.61
7661,-6.82,9.40,20.00,19.94,19.97,0.00,200.00,492.30,0.00,434.16,-1308.02
7662,-5.66,9.40,20.00,19.69,19.84,0.00,200.00,504.70,0.00,434.16,-1238.82
7663,-4.16,9.40,20.00,19.45,19.72,0.00,200.00,509.37,0.00,434.16,-1153.89
7664,-2.42,9.40,20.00,19.47,19.74,1935.34,200.00,478.74,0.00,434.16,-1070.24
7665,-0.56,9.40,20.00,19.80,19.90,4299.77,200.00,410.50,0.00,434.16,-995.34
7666,1.30,9.40,20.00,20.32,20.16,5860.94,200.00,319.34,0.00,434.16,-929.73
7667,3.04,9.40,20.00,20.94,20.47,6685.04,200.00,218.10,0.00,434.16,-874.86
7668,4.54,9.40,20.00,21.57,20.79,6900.56,200.00,118.07,0.00,434.16,-832.76
7669,5.70,9.40,20.00,22.17,21.08,6457.27,200.00,30.36,0.00,434.16,-805.05
7670,6.44,9.40,20.49,22.64,21.57,5442.64,200.00,0.00,0.00,444.85,-791.95
7671,6.72,9.40,20.99,22.93,21.96,3819.53,200.00,0.00,0.00,455.59,-792.18
7672,6.53,9.40,20.96,22.95,21.95,1611.19,200.00,0.00,0.00,454.97,-802.79
7673,5.87,9.40,20.53,22.77,21.65,0.00,200.00,0.00,0.00,445.69,-826.34
7674,4.79,9.40,20.01,22.58,21.30,0.00,200.00,0.00,0.00,434.45,-869.82
7675,3.37,9.40,20.00,22.38,21.19,0.00,200.00,42.45,0.00,434.16,-929.42
7676,1.71,9.40,20.00,22.17,21.09,0.00,200.00,90.91,0.00,434.16,-1000.20
7677,-0.08,9.40,20.00,21.94,20.97,0.00,200.00,143.02,0.00,434.16,-1076.50
7678,-1.87,9.40,20.00,21.70,20.85,0.00,200.00,197.09,0.00,434.16,-1152.30
7679,-3.55,9.40,20.00,21.44,20.72,0.00,200.00,251.25,0.00,434.16,-1221.65
7680,-5.17,9.40,20.00,21.17,20.59,0.00,200.00,306.24,0.00,434.16,-1287.86
7681,-6.28,9.40,20.00,20.90,20.45,0.00,200.00,355.06,0.00,434.16,-1328.54
7682,-6.98,9.40,20.00,20.62,20.31,0.00,200.00,398.45,0.00,434.16,-1349.10
7683,-7.23,9.40,20.00,20.34,20.17,0.00,200.00,435.08,0.00,434.16,-1347.41
7684,-7.00,9.40,20.00,20.06,20.03,0.00,200.00,464.01,0.00,434.16,-1322.89
7685,-6.32,9.40,20.00,19.80,19.90,0.00,200.00,484.79,0.00,434.16,-1276.56
7686,-5.23,9.40,20.00,19.55,19.77,0.00,200.00,497.49,0.00,434.16,-1210.91
7687,-3.80,9.40,20.00,19.31,19.66,0.00,200.00,502.67,0.00,434.16,-1129.79
7688,-2.14,9.40,20.00,19.34,19.67,1902.62,200.00,473.24,0.00,434.16,-1049.97
7689,-0.36,9.40,20.00,19.67,19.83,4288.45,200.00,406.08,0.00,434.16,-979.22
7690,1.41,9.40,20.00,20.19,20.09,5856.74,200.00,316.11,0.00,434.16,-917.95
7691,3.06,9.40,20.00,20.81,20.40,6686.06,200.00,216.18,0.00,434.16,-867.54
7692,4.47,9.40,20.00,21.44,20.72,6904.17,200.00,117.60,0.00,434.16,-829.95
7693,5.53,9.40,20.00,22.04,21.02,6461.60,200.00,31.49,0.00,434.16,-806.78
7694,6.18,9.40,20.45,22.51,21.48,5447.07,200.00,0.00,0.00,443.99,-798.17
7695,6.37,9.40,20.92,22.80,21.86,3816.46,200.00,0.00,0.00,454.14,-802.77
7696,6.09,9.40,20.86,22.81,21.84,1588.58,200.00,0.00,0.00,452.84,-817.53
7697,5.34,9.40,20.40,22.63,21.52,0.00,200.00,0.00,0.00,442.95,-845.21
7698,4.17,9.40,20.00,22.44,21.22,0.00,200.00,10.23,0.00,434.16,-892.62
7699,2.68,9.40,20.00,22.23,21.12,0.00,200.00,55.76,0.00,434.16,-955.90
7700,0.94,9.40,20.00,22.01,21.01,0.00,200.00,106.35,0.00,434.16,-1030.08
7701,-0.92,9.40,20.00,21.78,20.89,0.00,200.00,160.59,0.00,434.16,-1109.46
7702,-2.78,9.40,20.00,21.53,20.76,0.00,200.00,216.76,0.00,434.16,-1188.00
7703,-4.51,9.40,20.00,21.26,20.63,0.00,200.00,272.95,0.00,434.16,-1259.72
7704,-6.17,9.40,20.00,20.99,20.49,0.00,200.00,329.87,0.00,434.16,-1327.74
7705,-7.32,9.40,20.00,20.70,20.35,0.00,200.00,380.56,0.00,434.16,-1369.97
7706,-8.06,9.40,20.00,20.42,20.21,0.00,200.00,425.72,0.00,434.16,-1391.65
7707,-8.32,9.40,20.00,20.13,20.06,0.00,200.00,463.99,0.00,434.16,-1390.63
7708,-8.11,9.40,20.00,19.84,19.92,0.00,200.00,494.41,0.00,434.16,-1366.35
7709,-7.43,9.40,20.00,19.57,19.79,0.00,200.00,516.52,0.00,434.16,-1319.80
7710,-6.33,9.40,20.00,19.31,19.66,0.00,200.00,530.37,0.00,434.16,-1253.48
7711,-4.89,9.40,20.00,19.07,19.53,0.00,200.00,536.51,0.00,434.16,-1171.25
7712,-3.21,9.40,20.00,19.08,19.54,1869.55,200.00,508.35,0.00,434.16,-1089.68
7713,-1.40,9.40,20.00,19.41,19.70,4276.64,200.00,441.95,0.00,434.16,-1016.90
7714,0.42,9.40,20.00,19.92,19.96,5852.08,200.00,352.41,0.00,434.16,-953.24
7715,2.12,9.40,20.00,20.53,20.26,6686.65,200.00,252.66,0.00,434.16,-900.10
7716,3.58,9.40,20.00,21.16,20.58,6907.41,200.00,154.01,0.00,434.16,-859.45
7717,4.71,9.40,20.00,21.75,20.88,6465.66,200.00,67.60,0.00,434.16,-832.91
7718,5.43,9.40,20.00,22.22,21.11,5451.27,200.00,2.88,0.00,434.16,-820.63
7719,5.70,9.40,20.44,22.50,21.47,3813.19,200.00,0.00,0.00,443.63,-821.28
7720,5.49,9.40,20.39,22.51,21.45,1565.69,200.00,0.00,0.00,442.52,-831.78
7721,4.83,9.40,20.00,22.32,21.16,0.00,200.00,3.95,0.00,434.16,-855.20
7722,3.76,9.40,20.00,22.13,21.07,0.00,200.00,42.11,0.00,434.16,-898.24
7723,2.35,9.40,20.00,21.93,20.96,0.00,200.00,86.15,0.00,434.16,-957.07
7724,0.70,9.40,20.00,21.71,20.85,0.00,200.00,135.08,0.00,434.16,-1026.77
7725,-1.06,9.40,20.00,21.48,20.74,0.00,200.00,187.52,0.00,434.16,-1101.70
7726,-2.83,9.40,20.00,21.23,20.61,0.00,200.00,241.77,0.00,434.16,-1175.85
7727,-4.46,9.40,20.00,20.97,20.49,0.00,200.00,295.94,0.00,434.16,-1243.26
7728,-6.04,9.40,20.00,20.70,20.35,0.00,200.00,350.70,0.00,434.16,-1306.99
7729,-7.10,9.40,20.00,20.42,20.21,0.00,200.00,399.22,0.00,434.16,-1345.27
7730,-7.75,9.40,20.00,20.14,20.07,0.00,200.00,442.16,0.00,434.16,-1363.21
7731,-7.94,9.40,20.00,19.85,19.93,0.00,200.00,478.18,0.00,434.16,-1358.74
7732,-7.66,9.40,20.00,19.58,19.79,0.00,200.00,506.36,0.00,434.16,-1331.30
7733,-6.91,9.40,20.00,19.31,19.66,0.00,200.00,526.25,0.00,434.16,-1281.92
7734,-5.76,9.40,20.00,19.06,19.53,0.00,200.00,537.93,0.00,434.16,-1213.14
7735,-4.27,9.40,20.00,18.83,19.41,0.00,200.00,541.97,0.00,434.16,-1128.84
7736,-2.54,9.40,20.00,18.85,19.42,1836.21,200.00,512.26,0.00,434.16,-1045.39
7737,-0.69,9.40,20.00,19.18,19.59,4264.37,200.00,444.10,0.00,434.16,-971.28
7738,1.15,9.40,20.00,19.70,19.85,5846.99,200.00,352.84,0.00,434.16,-906.79
7739,2.86,9.40,20.00,20.32,20.16,6686.83,200.00,251.44,0.00,434.16,-853.28
7740,4.33,9.40,20.00,20.96,20.48,6910.32,200.00,151.29,0.00,434.16,-812.72
7741,5.46,9.40,20.00,21.56,20.78,6469.45,200.00,63.53,0.00,434.16,-786.72
7742,6.18,9.40,20.03,22.04,21.04,5455.25,200.00,0.00,0.00,434.87,-775.42
7743,6.42,9.40,20.52,22.33,21.42,3809.75,200.00,0.00,0.00,445.47,-777.46
7744,6.19,9.40,20.48,22.34,21.41,1542.57,200.00,0.00,0.00,444.49,-789.66
7745,5.48,9.40,20.04,22.16,21.10,0.00,200.00,0.00,0.00,435.11,-815.32
7746,4.37,9.40,20.00,21.98,20.99,0.00,200.00,34.66,0.00,434.16,-860.99
7747,2.90,9.40,20.00,21.78,20.89,0.00,200.00,78.57,0.00,434.16,-922.80
7748,1.20,9.40,20.00,21.57,20.79,0.00,200.00,127.61,0.00,434.16,-995.81
7749,-0.64,9.40,20.00,21.34,20.67,0.00,200.00,180.36,0.00,434.16,-1074.34
7750,-2.47,9.40,20.00,21.10,20.55,0.00,200.00,235.15,0.00,434.16,-1152.34
7751,-4.19,9.40,20.00,20.85,20.42,0.00,200.00,290.07,0.00,434.16,-1223.83
7752,-5.85,9.40,20.00,20.58,20.29,0.00,200.00,345.73,0.00,434.16,-1291.64
7753,-7.00,9.40,20.00,20.30,20.15,0.00,200.00,395.37,0.00,434.16,-1334.31
7754,-7.74,9.40,20.00,20.02,20.01,0.00,200.00,439.62,0.00,434.16,-1356.74
7755,-8.02,9.40,20.00,19.74,19.87,0.00,200.00,477.12,0.00,434.16,-1356.80
7756,-7.83,9.40,20.00,19.46,19.73,0.00,200.00,506.92,0.00,434.16,-1333.89
7757,-7.17,9.40,20.00,19.20,19.60,0.00,200.00,528.57,0.00,434.16,-1289.00
7758,-6.11,9.40,20.00,18.94,19.47,0.00,200.00,542.12,0.00,434.16,-1224.62
7759,-4.71,9.40,20.00,18.71,19.35,0.00,200.00,548.12,0.00,434.16,-1144.59
7760,-3.07,9.40,20.00,18.72,19.36,1802.69,200.00,520.96,0.00,434.16,-1065.02
7761,-1.31,9.40,20.00,19.04,19.52,4251.70,200.00,455.09,0.00,434.16,-994.72
7762,0.45,9.40,20.00,19.56,19.78,5841.49,200.00,366.04,0.00,434.16,-933.82
7763,2.09,9.40,20.00,20.17,20.08,6686.62,200.00,266.82,0.00,434.16,-883.65
7764,3.50,9.40,20.00,20.81,20.40,6912.91,200.00,168.81,0.00,434.16,-846.11
7765,4.56,9.40,20.00,21.40,20.70,6521.72,200.00,82.75,0.00,434.16,-823.00
7766,5.22,9.40,20.00,21.88,20.94,5459.05,200.00,18.69,0.00,434.16,-814.08
7767,5.42,9.40,20.20,22.15,21.18,3806.17,200.00,0.00,0.00,438.52,-817.95
7768,5.15,9.40,20.13,22.16,21.14,1519.29,200.00,0.00,0.00,436.88,-831.47
7769,4.41,9.40,20.00,21.97,20.99,0.00,200.00,23.93,0.00,434.16,-858.18
7770,3.27,9.40,20.00,21.78,20.89,0.00,200.00,63.37,0.00,434.16,-904.45
7771,1.80,9.40,20.00,21.57,20.79,0.00,200.00,108.75,0.00,434.16,-966.41
7772,0.09,9.40,20.00,21.35,20.68,0.00,200.00,159.09,0.00,434.16,-1039.12
7773,-1.73,9.40,20.00,21.12,20.56,0.00,200.00,212.98,0.00,434.16,-1116.90
7774,-3.55,9.40,20.00,20.87,20.43,0.00,200.00,268.71,0.00,434.16,-1193.72
7775,-5.25,9.40,20.00,20.60,20.30,0.00,200.00,324.36,0.00,434.16,-1263.60
7776,-6.87,9.40,20.00,20.33,20.16,0.00,200.00,380.51,0.00,434.16,-1329.22
7777,-7.97,9.40,20.00,20.04,20.02,0.00,200.00,430.47,0.00,434.16,-1369.48
7778,-8.66,9.40,20.00,19.76,19.88,0.00,200.00,474.82,0.00,434.16,-1389.13
7779,-8.89,9.40,20.00,19.47,19.74,0.00,200.00,512.20,0.00,434.16,-1386.07
7780,-8.63,9.40,20.00,19.19,19.60,0.00,200.00,541.66,0.00,434.16,-1359.73
7781,-7.90,9.40,20.00,18.92,19.46,0.00,200.00,562.77,0.00,434.16,-1311.15
7782,-6.76,9.40,20.00,18.66,19.33,0.00,200.00,575.55,0.00,434.16,-1242.84
7783,-5.28,9.40,20.00,18.42,19.21,0.00,200.00,580.60,0.00,434.16,-1158.68
7784,-3.56,9.40,20.00,18.43,19.21,1769.07,200.00,552.66,0.00,434.16,-1074.67
7785,-1.71,9.40,20.00,18.75,19.38,4238.66,200.00,485.65,0.00,434.16,-999.89
7786,0.15,9.40,20.00,19.27,19.63,5835.62,200.00,395.19,0.00,434.16,-934.50
7787,1.88,9.40,20.00,19.88,19.94,6686.04,200.00,294.35,0.00,434.16,-879.84
7788,3.38,9.40,20.00,20.52,20.26,6915.19,200.00,194.54,0.00,434.16,-837.84
7789,4.54,9.40,20.00,21.12,20.56,6524.47,200.00,106.57,0.00,434.16,-810.33
7790,5.29,9.40,20.00,21.60,20.80,5462.67,200.00,40.49,0.00,434.16,-797.13
7791,5.58,9.40,20.00,21.88,20.94,3802.49,200.00,5.26,0.00,434.16,-796.83
7792,5.39,9.40,20.00,21.88,20.94,1495.90,200.00,8.87,0.00,434.16,-806.28
7793,4.74,9.40,20.00,21.70,20.85,0.00,200.00,39.62,0.00,434.16,-829.30
7794,3.67,9.40,20.00,21.52,20.76,0.00,200.00,76.82,0.00,434.16,-872.16
7795,2.27,9.40,20.00,21.32,20.66,0.00,200.00,119.96,0.00,434.16,-931.02
7796,0.63,9.40,20.00,21.11,20.55,0.00,200.00,168.09,0.00,434.16,-1000.96
7797,-1.14,9.40,20.00,20.88,20.44,0.00,200.00,219.81,0.00,434.16,-1076.34
7798,-2.91,9.40,20.00,20.64,20.32,0.00,200.00,273.43,0.00,434.16,-1151.15
7799,-4.56,9.40,20.00,20.38,20.19,0.00,200.00,327.08,0.00,434.16,-1219.43
7800,-6.15,9.40,20.00,20.12,20.06,0.00,200.00,381.28,0.00,434.16,-1283.72
7801,-7.23,9.40,20.00,19.84,19.92,0.00,200.00,429.46,0.00,434.16,-1323.24
7802,-7.90,9.40,20.00,19.57,19.78,0.00,200.00,472.17,0.00,434.16,-1342.61
7803,-8.12,9.40,20.00,19.29,19.64,0.00,200.00,508.08,0.00,434.16,-1339.71
7804,-7.86,9.40,20.00,19.02,19.51,0.00,200.00,536.25,0.00,434.16,-1314.00
7805,-7.15,9.40,20.00,18.76,19.38,0.00,200.00,556.24,0.00,434.16,-1266.47
7806,-6.03,9.40,20.00,18.51,19.25,0.00,200.00,568.11,0.00,434.16,-1199.65
7807,-4.58,9.40,20.00,18.28,19.14,0.00,200.00,572.45,0.00,434.16,-1117.40
7808,-2.90,9.40,20.00,18.29,19.14,1735.45,200.00,544.49,0.00,434.16,-1035.48
7809,-1.09,9.40,20.00,18.61,19.31,4225.29,200.00,477.38,0.00,434.16,-963.30
7810,0.70,9.40,20.00,19.14,19.57,5829.40,200.00,386.94,0.00,434.16,-900.91
7811,2.38,9.40,20.00,19.76,19.88,6685.12,200.00,286.28,0.00,434.16,-849.58
7812,3.80,9.40,20.00,20.40,20.20,6917.20,200.00,186.84,0.00,434.16,-811.22
7813,4.89,9.40,20.00,21.00,20.50,6527.03,200.00,99.45,0.00,434.16,-787.60
7814,5.56,9.40,20.00,21.48,20.74,5466.13,200.00,34.16,0.00,434.16,-778.50
7815,5.76,9.40,20.00,21.77,20.88,3798.71,200.00,0.00,0.00,434.16,-782.44
7816,5.48,9.40,20.00,21.77,20.89,1472.48,200.00,5.09,0.00,434.16,-796.14
7817,4.74,9.40,20.00,21.59,20.80,0.00,200.00,37.17,0.00,434.16,-823.65
7818,3.59,9.40,20.00,21.41,20.70,0.00,200.00,75.86,0.00,434.16,-871.04
7819,2.09,9.40,20.00,21.21,20.60,0.00,200.00,120.64,0.00,434.16,-934.43
7820,0.36,9.40,20.00,21.00,20.50,0.00,200.00,170.54,0.00,434.16,-1008.85
7821,-1.50,9.40,20.00,20.77,20.38,0.00,200.00,224.14,0.00,434.16,-1088.61
7822,-3.37,9.40,20.00,20.52,20.26,0.00,200.00,279.74,0.00,434.16,-1167.66
7823,-5.10,9.40,20.00,20.26,20.13,0.00,200.00,335.44,0.00,434.16,-1240.00
7824,-6.77,9.40,20.00,19.99,20.00,0.00,200.00,391.68,0.00,434.16,-1307.97
7825,-7.93,9.40,20.00,19.71,19.86,0.00,200.00,441.99,0.00,434.16,-1351.08
7826,-8.67,9.40,20.00,19.43,19.71,0.00,200.00,486.83,0.00,434.16,-1373.74
7827,-8.96,9.40,20.00,19.15,19.57,0.00,200.00,524.86,0.00,434.16,-1373.81
7828,-8.76,9.40,20.00,18.87,19.43,0.00,200.00,555.11,0.00,434.16,-1350.70
7829,-8.11,9.40,20.00,18.60,19.30,0.00,200.00,577.12,0.00,434.16,-1305.40
7830,-7.03,9.40,20.00,18.34,19.17,0.00,200.00,590.94,0.00,434.16,-1240.41
7831,-5.62,9.40,20.00,18.10,19.05,0.00,200.00,597.12,0.00,434.16,-1159.57
7832,-3.96,9.40,20.00,18.10,19.05,1701.92,200.00,571.40,0.00,434.16,-1078.40
7833,-2.18,9.40,20.00,18.42,19.21,4211.64,200.00,506.08,0.00,434.16,-1006.67
7834,-0.39,9.40,20.00,18.93,19.47,5822.86,200.00,417.19,0.00,434.16,-944.31
7835,1.28,9.40,20.00,19.54,19.77,6683.87,200.00,317.85,0.00,434.16,-892.60
7836,2.72,9.40,20.00,20.18,20.09,6918.93,200.00,219.53,0.00,434.16,-853.41
7837,3.82,9.40,20.00,20.77,20.39,6529.42,200.00,133.06,0.00,434.16,-828.53
7838,4.52,9.40,20.00,21.25,20.62,5469.46,200.00,68.49,0.00,434.16,-817.74
7839,4.76,9.40,20.00,21.52,20.76,3794.89,200.00,34.92,0.00,434.16,-819.55
7840,4.52,9.40,20.00,21.52,20.76,1449.09,200.00,40.61,0.00,434.16,-830.63
7841,3.84,9.40,20.00,21.33,20.67,0.00,200.00,72.73,0.00,434.16,-855.31
7842,2.74,9.40,20.00,21.14,20.57,0.00,200.00,111.24,0.00,434.16,-899.53
7843,1.31,9.40,20.00,20.94,20.47,0.00,200.00,155.64,0.00,434.16,-959.44
7844,-0.35,9.40,20.00,20.72,20.36,0.00,200.00,204.93,0.00,434.16,-1030.13
7845,-2.14,9.40,20.00,20.49,20.24,0.00,200.00,257.72,0.00,434.16,-1105.92
7846,-3.91,9.40,20.00,20.24,20.12,0.00,200.00,312.31,0.00,434.16,-1180.82
7847,-5.57,9.40,20.00,19.98,19.99,0.00,200.00,366.80,0.00,434.16,-1248.86
7848,-7.13,9.40,20.00,19.71,19.86,0.00,200.00,421.61,0.00,434.16,-1312.26
7849,-8.20,9.40,20.00,19.43,19.72,0.00,200.00,470.36,0.00,434.16,-1350.91
7850,-8.86,9.40,20.00,19.15,19.58,0.00,200.00,513.50,0.00,434.16,-1369.09
7851,-9.05,9.40,20.00,18.87,19.43,0.00,200.00,549.69,0.00,434.16,-1364.72
7852,-8.76,9.40,20.00,18.59,19.30,0.00,200.00,577.98,0.00,434.16,-1337.24
7853,-8.01,9.40,20.00,18.33,19.16,0.00,200.00,597.94,0.00,434.16,-1287.69
7854,-6.85,9.40,20.00,18.08,19.04,0.00,200.00,609.63,0.00,434.16,-1218.61
7855,-5.35,9.40,20.00,17.84,18.92,0.00,200.00,613.63,0.00,434.16,-1133.87
7856,-3.62,9.40,20.00,17.84,18.92,1668.58,200.00,586.16,0.00,434.16,-1048.86
7857,-1.75,9.40,20.00,18.16,19.08,4197.76,200.00,518.79,0.00,434.16,-973.68
7858,0.10,9.40,20.00,18.68,19.34,5816.04,200.00,427.75,0.00,434.16,-908.23
7859,1.84,9.40,20.00,19.30,19.65,6682.33,200.00,326.24,0.00,434.16,-853.79
7860,3.33,9.40,20.00,19.95,19.97,6919.26,200.00,225.78,0.00,434.16,-812.26
7861,4.48,9.40,20.00,20.55,20.28,6531.65,200.00,137.21,0.00,434.16,-785.44
7862,5.22,9.40,20.00,21.03,20.52,5470.68,200.00,70.66,0.00,434.16,-773.12
7863,5.49,9.40,20.00,21.32,20.66,3791.05,200.00,35.27,0.00,434.16,-773.79
7864,5.28,9.40,20.00,21.32,20.66,1425.80,200.00,39.50,0.00,434.16,-784.07
7865,4.60,9.40,20.00,21.15,20.57,0.00,200.00,69.99,0.00,434.16,-808.54
7866,3.51,9.40,20.00,20.96,20.48,0.00,200.00,107.04,0.00,434.16,-853.00
7867,2.08,9.40,20.00,20.77,20.38,0.00,200.00,150.15,0.00,434.16,-913.61
7868,0.40,9.40,20.00,20.56,20.28,0.00,200.00,198.34,0.00,434.16,-985.43
7869,-1.40,9.40,20.00,20.34,20.17,0.00,200.00,250.23,0.00,434.16,-1062.79
7870,-3.22,9.40,20.00,20.10,20.05,0.00,200.00,304.13,0.00,434.16,-1139.66
7871,-4.91,9.40,20.00,19.85,19.92,0.00,200.00,358.14,0.00,434.16,-1210.08
7872,-6.52,9.40,20.00,19.58,19.79,0.00,200.00,412.64,0.00,434.16,-1276.05
7873,-7.65,9.40,20.00,19.31,19.66,0.00,200.00,461.35,0.00,434.16,-1317.79
7874,-8.37,9.40,20.00,19.04,19.52,0.00,200.00,504.67,0.00,434.16,-1339.38
7875,-8.63,9.40,20.00,18.76,19.38,0.00,200.00,541.25,0.00,434.16,-1338.69
7876,-8.42,9.40,20.00,18.49,19.24,0.00,200.00,570.15,0.00,434.16,-1315.14
7877,-7.75,9.40,20.00,18.23,19.11,0.00,200.00,590.93,0.00,434.16,-1269.73
7878,-6.67,9.40,20.00,17.98,18.99,0.00,200.00,603.63,0.00,434.16,-1204.94
7879,-5.26,9.40,20.00,17.75,18.87,0.00,200.00,608.83,0.00,434.16,-1124.63
7880,-3.61,9.40,20.00,17.74,18.87,1635.50,200.00,583.20,0.00,434.16,-1043.91
7881,-1.85,9.40,20.00,18.06,19.03,4183.69,200.00,517.55,0.00,434.16,-973.18
7882,-0.08,9.40,20.00,18.58,19.29,5808.96,200.00,428.29,0.00,434.16,-912.21
7883,1.56,9.40,20.00,19.20,19.60,6680.50,200.00,328.62,0.00,434.16,-862.22
7884,2.96,9.40,20.00,19.84,19.92,6918.56,200.00,230.09,0.00,434.16,-825.04
7885,4.02,9.40,20.00,20.44,20.22,6533.76,200.00,143.53,0.00,434.16,-802.43
7886,4.67,9.40,20.00,20.92,20.46,5471.67,200.00,79.06,0.00,434.16,-794.13
7887,4.86,9.40,20.00,21.20,20.60,3787.21,200.00,45.87,0.00,434.16,-798.57
7888,4.57,9.40,20.00,21.19,20.60,1402.67,200.00,52.54,0.00,434.16,-812.25
7889,3.83,9.40,20.00,21.01,20.51,0.00,200.00,85.15,0.00,434.16,-839.96
7890,2.67,9.40,20.00,20.82,20.41,0.00,200.00,124.29,0.00,434.16,-887.34
7891,1.18,9.40,20.00,20.62,20.31,0.00,200.00,169.46,0.00,434.16,-950.49
7892,-0.55,9.40,20.00,20.41,20.20,0.00,200.00,219.65,0.00,434.16,-1024.48
7893,-2.40,9.40,20.00,20.17,20.09,0.00,200.00,273.46,0.00,434.16,-1103.59
7894,-4.25,9.40,20.00,19.93,19.96,0.00,200.00,329.18,0.00,434.16,-1181.80
7895,-5.97,9.40,20.00,19.67,19.83,0.00,200.00,384.89,0.00,434.16,-1253.11
7896,-7.60,9.40,20.00,19.39,19.70,0.00,200.00,440.89,0.00,434.16,-1319.36
7897,-8.73,9.40,20.00,19.11,19.56,0.00,200.00,491.00,0.00,434.16,-1361.11
7898,-9.45,9.40,20.00,18.83,19.41,0.00,200.00,535.55,0.00,434.16,-1382.25
7899,-9.70,9.40,20.00,18.55,19.27,0.00,200.00,573.18,0.00,434.16,-1380.66
7900,-9.47,9.40,20.00,18.27,19.13,0.00,200.00,602.95,0.00,434.16,-1355.79
7901,-8.77,9.40,20.00,18.00,19.00,0.00,200.00,624.38,0.00,434.16,-1308.62
7902,-7.66,9.40,20.00,17.74,18.87,0.00,200.00,637.53,0.00,434.16,-1241.68
7903,-6.20,9.40,20.00,17.51,18.75,0.00,200.00,642.96,0.00,434.16,-1158.83
7904,-4.50,9.40,20.00,17.49,18.75,1602.79,200.00,617.84,0.00,434.16,-1075.00
7905,-2.67,9.40,20.00,17.80,18.90,4169.48,200.00,552.19,0.00,434.16,-1000.97
7906,-0.84,9.40,20.00,18.32,19.16,5801.65,200.00,462.61,0.00,434.16,-936.44
7907,0.87,9.40,20.00,18.93,19.47,6678.42,200.00,362.36,0.00,434.16,-882.66
7908,2.35,9.40,20.00,19.57,19.78,6917.71,200.00,263.04,0.00,434.16,-841.47
7909,3.50,9.40,20.00,20.17,20.08,6535.74,200.00,175.45,0.00,434.16,-814.68
7910,4.24,9.40,20.00,20.64,20.32,5472.64,200.00,109.78,0.00,434.16,-802.05
7911,4.51,9.40,20.00,20.92,20.46,3783.43,200.00,75.26,0.00,434.16,-802.04
7912,4.32,9.40,20.00,20.91,20.46,1379.78,200.00,80.66,0.00,434.16,-811.11
7913,3.67,9.40,20.00,20.73,20.37,0.00,200.00,111.53,0.00,434.16,-834.35
7914,2.60,9.40,20.00,20.55,20.27,0.00,200.00,148.80,0.00,434.16,-877.29
7915,1.20,9.40,20.00,20.35,20.17,0.00,200.00,191.98,0.00,434.16,-936.10
7916,-0.44,9.40,20.00,20.14,20.07,0.00,200.00,240.09,0.00,434.16,-1005.85
7917,-2.20,9.40,20.00,19.91,19.96,0.00,200.00,291.75,0.00,434.16,-1080.92
7918,-3.96,9.40,20.00,19.67,19.84,0.00,200.00,345.26,0.00,434.16,-1155.28
7919,-5.60,9.40,20.00,19.42,19.71,0.00,200.00,398.73,0.00,434.16,-1222.99
7920,-7.15,9.40,20.00,19.15,19.58,0.00,200.00,452.43,0.00,434.16,-1285.75
7921,-8.22,9.40,20.00,18.88,19.44,0.00,200.00,500.30,0.00,434.16,-1324.50
7922,-8.87,9.40,20.00,18.60,19.30,0.00,200.00,542.65,0.00,434.16,-1343.00
7923,-9.07,9.40,20.00,18.33,19.16,0.00,200.00,578.12,0.00,434.16,-1339.14
7924,-8.79,9.40,20.00,18.06,19.03,0.00,200.00,605.81,0.00,434.16,-1312.39
7925,-8.06,9.40,20.00,17.80,18.90,0.00,200.00,625.26,0.00,434.16,-1263.77
7926,-6.91,9.40,20.00,17.55,18.78,0.00,200.00,636.55,0.00,434.16,-1195.81
7927,-5.43,9.40,20.00,17.32,18.66,0.00,200.00,640.25,0.00,434.16,-1112.38
7928,-3.72,9.40,20.00,17.31,18.66,1570.54,200.00,614.00,0.00,434.16,-1028.22
7929,-1.89,9.40,20.00,17.64,18.82,4155.16,200.00,547.11,0.00,434.16,-954.42
7930,-0.06,9.40,20.00,18.16,19.08,5794.15,200.00,456.37,0.00,434.16,-890.62
7931,1.64,9.40,20.00,18.78,19.39,6676.11,200.00,355.10,0.00,434.16,-838.03
7932,3.09,9.40,20.00,19.43,19.71,6916.74,200.00,254.94,0.00,434.16,-798.46
7933,4.20,9.40,20.00,20.03,20.02,6537.64,200.00,166.69,0.00,434.16,-773.72
7934,4.90,9.40,20.00,20.52,20.26,5473.59,200.00,100.59,0.00,434.16,-763.52
7935,5.13,9.40,20.00,20.80,20.40,3779.71,200.00,65.92,0.00,434.16,-766.27
7936,4.87,9.40,20.00,20.80,20.40,1357.21,200.00,71.61,0.00,434.16,-778.36
7937,4.15,9.40,20.00,20.62,20.31,0.00,200.00,102.67,0.00,434.16,-805.06
7938,3.02,9.40,20.00,20.44,20.22,0.00,200.00,140.36,0.00,434.16,-851.73
7939,1.54,9.40,20.00,20.25,20.12,0.00,200.00,184.17,0.00,434.16,-914.51
7940,-0.18,9.40,20.00,20.04,20.02,0.00,200.00,233.12,0.00,434.16,-988.43
7941,-2.03,9.40,20.00,19.82,19.91,0.00,200.00,285.81,0.00,434.16,-1067.82
7942,-3.88,9.40,20.00,19.58,19.79,0.00,200.00,340.54,0.00,434.16,-1146.61
7943,-5.61,9.40,20.00,19.33,19.66,0.00,200.00,395.41,0.00,434.16,-1218.84
7944,-7.25,9.40,20.00,19.06,19.53,0.00,200.00,450.60,0.00,434.16,-1285.95
7945,-8.41,9.40,20.00,18.79,19.39,0.00,200.00,500.15,0.00,434.16,-1329.22
7946,-9.15,9.40,20.00,18.51,19.25,0.00,200.00,544.31,0.00,434.16,-1352.16
7947,-9.44,9.40,20.00,18.23,19.12,0.00,200.00,581.70,0.00,434.16,-1352.65
7948,-9.25,9.40,20.00,17.96,18.98,0.00,200.00,611.39,0.00,434.16,-1330.09
7949,-8.60,9.40,20.00,17.69,18.85,0.00,200.00,632.91,0.00,434.16,-1285.46
7950,-7.54,9.40,20.00,17.44,18.72,0.00,200.00,646.30,0.00,434.16,-1221.26
7951,-6.14,9.40,20.00,17.21,18.60,0.00,200.00,652.13,0.00,434.16,-1141.32
7952,-4.50,9.40,20.00,17.19,18.59,1538.83,200.00,628.48,0.00,434.16,-1060.15
7953,-2.73,9.40,20.00,17.50,18.75,4140.79,200.00,563.90,0.00,434.16,-989.12
7954,-0.96,9.40,20.00,18.02,19.01,5786.49,200.00,475.34,0.00,434.16,-927.77
7955,0.68,9.40,20.00,18.63,19.32,6673.59,200.00,376.12,0.00,434.16,-877.26
7956,2.10,9.40,20.00,19.27,19.63,6915.65,200.00,277.91,0.00,434.16,-839.37
7957,3.17,9.40,20.00,19.87,19.93,6539.45,200.00,191.48,0.00,434.16,-815.89
7958,3.84,9.40,20.00,20.34,20.17,5474.56,200.00,127.10,0.00,434.16,-806.50
7959,4.06,9.40,20.00,20.62,20.31,3776.11,200.00,94.06,0.00,434.16,-809.60
7960,3.80,9.40,20.00,20.60,20.30,1335.01,200.00,101.42,0.00,434.16,-821.48
7961,3.08,9.40,20.00,20.42,20.21,0.00,200.00,133.68,0.00,434.16,-847.66
7962,1.96,9.40,20.00,20.23,20.12,0.00,200.00,172.39,0.00,434.16,-893.37
7963,0.50,9.40,20.00,20.03,20.02,0.00,200.00,217.02,0.00,434.16,-954.74
7964,-1.19,9.40,20.00,19.82,19.91,0.00,200.00,266.58,0.00,434.16,-1026.84
7965,-3.00,9.40,20.00,19.59,19.79,0.00,200.00,319.68,0.00,434.16,-1104.01
7966,-4.80,9.40,20.00,19.34,19.67,0.00,200.00,374.59,0.00,434.16,-1180.20
7967,-6.48,9.40,20.00,19.08,19.54,0.00,200.00,429.44,0.00,434.16,-1249.47
7968,-8.05,9.40,20.00,18.81,19.41,0.00,200.00,484.33,0.00,434.16,-1313.14
7969,-9.14,9.40,20.00,18.53,19.27,0.00,200.00,533.42,0.00,434.16,-1352.84
7970,-9.82,9.40,20.00,18.25,19.13,0.00,200.00,576.90,0.00,434.16,-1371.96
7971,-10.02,9.40,20.00,17.97,18.99,0.00,200.00,613.42,0.00,434.16,-1368.42
7972,-9.75,9.40,20.00,17.70,18.85,0.00,200.00,642.03,0.00,434.16,-1341.65
7973,-9.01,9.40,20.00,17.43,18.72,0.00,200.00,662.28,0.00,434.16,-1292.69
7974,-7.86,9.40,20.00,17.18,18.59,0.00,200.00,674.24,0.00,434.16,-1224.06
7975,-6.37,9.40,20.00,16.95,18.47,0.00,200.00,678.47,0.00,434.16,-1139.64
7976,-4.63,9.40,20.00,16.92,18.46,1507.75,200.00,653.55,0.00,434.16,-1053.79
7977,-2.77,9.40,20.00,17.24,18.62,4126.41,200.00,587.34,0.00,434.16,-978.22
7978,-0.91,9.40,20.00,17.75,18.88,5778.69,200.00,496.94,0.00,434.16,-912.44
7979,0.82,9.40,20.00,18.37,19.19,6670.88,200.00,395.73,0.00,434.16,-857.68
7980,2.32,9.40,20.00,19.01,19.51,6914.47,200.00,295.44,0.00,434.16,-815.70
7981,3.49,9.40,20.00,19.61,19.81,6541.21,200.00,206.85,0.00,434.16,-788.37
7982,4.23,9.40,20.00,20.10,20.05,5475.56,200.00,140.28,0.00,434.16,-775.38
7983,4.52,9.40,20.00,20.38,20.19,3772.64,200.00,105.10,0.00,434.16,-775.15
7984,4.33,9.40,20.00,20.37,20.18,1313.26,200.00,110.52,0.00,434.16,-783.94
7985,3.67,9.40,20.00,20.19,20.10,0.00,200.00,140.55,0.00,434.16,-807.54
7986,2.60,9.40,20.00,20.01,20.01,0.00,200.00,177.09,0.00,434.16,-851.04
7987,1.19,9.40,20.00,19.82,19.91,0.00,200.00,219.63,0.00,434.16,-910.62
7988,-0.46,9.40,20.00,19.61,19.81,0.00,200.00,267.20,0.00,434.16,-981.34
7989,-2.24,9.40,20.00,19.39,19.70,0.00,200.00,318.43,0.00,434.16,-1057.56
7990,-4.03,9.40,20.00,19.16,19.58,0.00,200.00,371.62,0.00,434.16,-1133.26
7991,-5.69,9.40,20.00,18.91,19.45,0.00,200.00,424.88,0.00,434.16,-1202.47
7992,-7.26,9.40,20.00,18.65,19.32,0.00,200.00,478.32,0.00,434.16,-1266.35
7993,-8.36,9.40,20.00,18.38,19.19,0.00,200.00,526.18,0.00,434.16,-1306.90
7994,-9.05,9.40,20.00,18.11,19.05,0.00,200.00,568.62,0.00,434.16,-1327.31
7995,-9.28,9.40,20.00,17.84,18.92,0.00,200.00,604.30,0.00,434.16,-1325.47
7996,-9.04,9.40,20.00,17.57,18.78,0.00,200.00,632.28,0.00,434.16,-1300.82
7997,-8.35,9.40,20.00,17.31,18.66,0.00,200.00,652.13,0.00,434.16,-1254.36
7998,-7.25,9.40,20.00,17.07,18.53,0.00,200.00,663.89,0.00,434.16,-1188.59
7999,-5.81,9.40,20.00,16.84,18.42,0.00,200.00,668.16,0.00,434.16,-1107.38
8000,-4.15,9.40,20.00,16.82,18.41,1477.38,200.00,643.94,0.00,434.16,-1024.83
8001,-2.36,9.40,20.00,17.14,18.57,4112.07,200.00,578.42,0.00,434.16,-952.91
8002,-0.58,9.40,20.00,17.65,18.83,5770.79,200.00,488.84,0.00,434.16,-891.06
8003,1.08,9.40,20.00,18.28,19.14,6718.26,200.00,388.17,0.00,434.16,-840.65
8004,2.49,9.40,20.00,18.92,19.46,6913.22,200.00,289.03,0.00,434.16,-802.97
8005,3.57,9.40,20.00,19.52,19.76,6542.92,200.00,201.75,0.00,434.16,-780.04
8006,4.22,9.40,20.00,20.01,20.00,5476.62,200.00,136.66,0.00,434.16,-771.52
8007,4.42,9.40,20.00,20.29,20.14,3769.35,200.00,103.17,0.00,434.16,-775.76
8008,4.13,9.40,20.00,20.27,20.14,1292.04,200.00,110.60,0.00,434.16,-788.92
8009,3.38,9.40,20.00,20.10,20.05,0.00,200.00,142.44,0.00,434.16,-816.95
8010,2.22,9.40,20.00,19.91,19.96,0.00,200.00,180.89,0.00,434.16,-864.78
8011,0.72,9.40,20.00,19.72,19.86,0.00,200.00,225.42,0.00,434.16,-928.52
8012,-1.02,9.40,20.00,19.51,19.75,0.00,200.00,275.06,0.00,434.16,-1003.21
8013,-2.88,9.40,20.00,19.28,19.64,0.00,200.00,328.39,0.00,434.16,-1083.15
8014,-4.74,9.40,20.00,19.04,19.52,0.00,200.00,383.69,0.00,434.16,-1162.29
8015,-6.47,9.40,20.00,18.79,19.39,0.00,200.00,439.07,0.00,434.16,-1234.64
8016,-8.10,9.40,20.00,18.52,19.26,0.00,200.00,494.54,0.00,434.16,-1301.13
8017,-9.26,9.40,20.00,18.24,19.12,0.00,200.00,544.44,0.00,434.16,-1344.10
8018,-10.00,9.40,20.00,17.96,18.98,0.00,200.00,588.85,0.00,434.16,-1366.55
8019,-10.27,9.40,20.00,17.68,18.84,0.00,200.00,626.42,0.00,434.16,-1366.33
8020,-10.07,9.40,20.00,17.41,18.70,0.00,200.00,656.18,0.00,434.16,-1342.87
8021,-9.40,9.40,20.00,17.14,18.57,0.00,200.00,677.68,0.00,434.16,-1297.16
8022,-8.31,9.40,20.00,16.89,18.44,0.00,200.00,690.96,0.00,434.16,-1231.70
8023,-6.88,9.40,20.00,16.65,18.33,0.00,200.00,696.57,0.00,434.16,-1150.34
8024,-5.21,9.40,20.00,16.62,18.31,1447.81,200.00,673.89,0.00,434.16,-1067.07
8025,-3.41,9.40,20.00,16.93,18.47,4097.81,200.00,609.42,0.00,434.16,-994.15
8026,-1.60,9.40,20.00,17.44,18.72,5762.81,200.00,520.59,0.00,434.16,-930.93
8027,0.09,9.40,20.00,18.06,19.03,6714.59,200.00,420.43,0.00,434.16,-878.76
8028,1.54,9.40,20.00,18.70,19.35,6911.93,200.00,321.57,0.00,434.16,-838.92
8029,2.66,9.40,20.00,19.30,19.65,6544.62,200.00,234.32,0.00,434.16,-813.48
8030,3.37,9.40,20.00,19.78,19.89,5477.76,200.00,169.07,0.00,434.16,-802.09
8031,3.63,9.40,20.00,20.06,20.03,3766.27,200.00,135.25,0.00,434.16,-803.08
8032,3.41,9.40,20.00,20.04,20.02,1271.24,200.00,142.44,0.00,434.16,-812.56
8033,2.74,9.40,20.00,19.86,19.93,0.00,200.00,173.62,0.00,434.16,-836.73
8034,1.66,9.40,20.00,19.67,19.84,0.00,200.00,211.19,0.00,434.16,-880.49
8035,0.25,9.40,20.00,19.48,19.74,0.00,200.00,254.66,0.00,434.16,-939.99
8036,-1.40,9.40,20.00,19.26,19.63,0.00,200.00,303.04,0.00,434.16,-1010.31
8037,-3.17,9.40,20.00,19.04,19.52,0.00,200.00,354.94,0.00,434.16,-1085.80
8038,-4.94,9.40,20.00,18.80,19.40,0.00,200.00,408.66,0.00,434.16,-1160.46
8039,-6.58,9.40,20.00,18.54,19.27,0.00,200.00,462.30,0.00,434.16,-1228.34
8040,-8.12,9.40,20.00,18.28,19.14,0.00,200.00,515.86,0.00,434.16,-1290.22
8041,-9.18,9.40,20.00,18.01,19.00,0.00,200.00,563.78,0.00,434.16,-1328.87
8042,-9.83,9.40,20.00,17.73,18.87,0.00,200.00,606.12,0.00,434.16,-1347.14
8043,-10.02,9.40,20.00,17.46,18.73,0.00,200.00,641.55,0.00,434.16,-1342.92
8044,-9.73,9.40,20.00,17.19,18.59,0.00,200.00,669.13,0.00,434.16,-1315.69
8045,-8.98,9.40,20.00,16.93,18.46,0.00,200.00,688.42,0.00,434.16,-1266.46
8046,-7.82,9.40,20.00,16.68,18.34,0.00,200.00,699.49,0.00,434.16,-1197.78
8047,-6.33,9.40,20.00,16.46,18.23,0.00,200.00,702.91,0.00,434.16,-1113.53
8048,-4.59,9.40,20.00,16.43,18.21,1419.11,200.00,678.47,0.00,434.16,-1027.56
8049,-2.74,9.40,20.00,16.74,18.37,4083.67,200.00,612.08,0.00,434.16,-952.42
8050,-0.89,9.40,20.00,17.26,18.63,5754.79,200.00,521.32,0.00,434.16,-887.42
8051,0.83,9.40,20.00,17.89,18.95,6709.72,200.00,419.30,0.00,434.16,-833.90
8052,2.31,9.40,20.00,18.54,19.27,6910.60,200.00,318.65,0.00,434.16,-793.18
8053,3.45,9.40,20.00,19.15,19.58,6546.31,200.00,229.72,0.00,434.16,-767.30
8054,4.17,9.40,20.00,19.64,19.82,5478.99,200.00,162.94,0.00,434.16,-755.92
8055,4.43,9.40,20.00,19.93,19.96,3763.43,200.00,127.83,0.00,434.16,-757.36
8056,4.21,9.40,20.00,19.91,19.95,1250.96,200.00,134.11,0.00,434.16,-767.62
8057,3.51,9.40,20.00,19.74,19.87,0.00,200.00,164.30,0.00,434.16,-793.14
8058,2.41,9.40,20.00,19.56,19.78,0.00,200.00,201.09,0.00,434.16,-838.66
8059,0.95,9.40,20.00,19.37,19.69,0.00,200.00,243.99,0.00,434.16,-900.33
8060,-0.74,9.40,20.00,19.17,19.58,0.00,200.00,292.01,0.00,434.16,-973.22
8061,-2.56,9.40,20.00,18.95,19.48,0.00,200.00,343.77,0.00,434.16,-1051.63
8062,-4.39,9.40,20.00,18.72,19.36,0.00,200.00,397.57,0.00,434.16,-1129.54
8063,-6.10,9.40,20.00,18.47,19.23,0.00,200.00,451.52,0.00,434.16,-1200.96
8064,-7.70,9.40,20.00,18.21,19.10,0.00,200.00,505.53,0.00,434.16,-1266.46
8065,-8.84,9.40,20.00,17.94,18.97,0.00,200.00,554.17,0.00,434.16,-1309.14
8066,-9.58,9.40,20.00,17.67,18.83,0.00,200.00,597.44,0.00,434.16,-1331.62
8067,-9.85,9.40,20.00,17.39,18.70,0.00,200.00,633.99,0.00,434.16,-1331.77
8068,-9.65,9.40,20.00,17.13,18.56,0.00,200.00,662.87,0.00,434.16,-1309.00
8069,-9.00,9.40,20.00,16.87,18.43,0.00,200.00,683.62,0.00,434.16,-1264.28
8070,-7.93,9.40,20.00,16.62,18.31,0.00,200.00,696.29,0.00,434.16,-1200.13
8071,-6.53,9.40,20.00,16.39,18.20,0.00,200.00,701.46,0.00,434.16,-1120.37
8072,-4.89,9.40,20.00,16.36,18.18,1391.37,200.00,679.29,0.00,434.16,-1038.63
8073,-3.12,9.40,20.00,16.67,18.34,4069.69,200.00,615.04,0.00,434.16,-967.71
8074,-1.36,9.40,20.00,17.19,18.59,5746.75,200.00,526.43,0.00,434.16,-906.79
8075,0.28,9.40,20.00,17.81,18.91,6704.84,200.00,426.57,0.00,434.16,-857.18
8076,1.68,9.40,20.00,18.45,19.23,6909.26,200.00,328.08,0.00,434.16,-820.12
8077,2.74,9.40,20.00,19.06,19.53,6548.01,200.00,241.29,0.00,434.16,-797.63
8078,3.39,9.40,20.00,19.54,19.77,5480.34,200.00,176.67,0.00,434.16,-789.33
8079,3.59,9.40,20.00,19.82,19.91,3760.86,200.00,143.72,0.00,434.16,-793.47
8080,3.31,9.40,20.00,19.79,19.90,1231.44,200.00,152.31,0.00,434.16,-805.96
8081,2.57,9.40,20.00,19.62,19.81,0.00,200.00,184.46,0.00,434.16,-833.44
8082,1.42,9.40,20.00,19.43,19.72,0.00,200.00,223.13,0.00,434.16,-880.50
8083,-0.06,9.40,20.00,19.23,19.62,0.00,200.00,267.80,0.00,434.16,-943.28
8084,-1.78,9.40,20.00,19.02,19.51,0.00,200.00,317.45,0.00,434.16,-1016.83
8085,-3.62,9.40,20.00,18.79,19.40,0.00,200.00,370.71,0.00,434.16,-1095.46
8086,-5.45,9.40,20.00,18.55,19.28,0.00,200.00,425.84,0.00,434.16,-1173.14
8087,-7.15,9.40,20.00,18.29,19.15,0.00,200.00,480.94,0.00,434.16,-1243.88
8088,-8.73,9.40,20.00,18.03,19.01,0.00,200.00,535.85,0.00,434.16,-1308.07
8089,-9.85,9.40,20.00,17.75,18.87,0.00,200.00,585.26,0.00,434.16,-1349.21
8090,-10.55,9.40,20.00,17.47,18.73,0.00,200.00,629.08,0.00,434.16,-1369.72
8091,-10.79,9.40,20.00,17.19,18.60,0.00,200.00,665.97,0.00,434.16,-1367.51
8092,-10.54,9.40,20.00,16.92,18.46,0.00,200.00,694.98,0.00,434.16,-1342.01
8093,-9.82,9.40,20.00,16.65,18.33,0.00,200.00,715.64,0.00,434.16,-1294.23
8094,-8.69,9.40,20.00,16.40,18.20,0.00,200.00,728.01,0.00,434.16,-1226.69
8095,-7.22,9.40,20.00,16.17,18.08,0.00,200.00,732.66,0.00,434.16,-1143.27
8096,-5.50,9.40,20.00,16.13,18.07,1364.64,200.00,710.15,0.00,434.16,-1057.47
8097,-3.66,9.40,20.00,16.44,18.22,4055.93,200.00,645.15,0.00,434.16,-982.37
8098,-1.81,9.40,20.00,16.95,18.48,5738.71,200.00,555.51,0.00,434.16,-917.16
8099,-0.09,9.40,20.00,17.57,18.79,6699.98,200.00,454.39,0.00,434.16,-863.15
8100,1.41,9.40,20.00,18.22,19.11,6958.91,200.00,354.01,0.00,434.16,-821.85
8101,2.56,9.40,20.00,18.82,19.41,6549.74,200.00,265.59,0.00,434.16,-794.89
8102,3.31,9.40,20.00,19.31,19.65,5481.83,200.00,199.19,0.00,434.16,-782.12
8103,3.59,9.40,20.00,19.59,19.79,3758.60,200.00,164.39,0.00,434.16,-781.83
8104,3.41,9.40,20.00,19.57,19.78,1212.75,200.00,171.21,0.00,434.16,-789.92
8105,2.76,9.40,20.00,19.39,19.70,0.00,200.00,201.26,0.00,434.16,-813.24
8106,1.69,9.40,20.00,19.21,19.61,0.00,200.00,237.77,0.00,434.16,-856.34
8107,0.29,9.40,20.00,19.02,19.51,0.00,200.00,280.22,0.00,434.16,-915.39
8108,-1.35,9.40,20.00,18.81,19.41,0.00,200.00,327.65,0.00,434.16,-985.47
8109,-3.11,9.40,20.00,18.59,19.30,0.00,200.00,378.67,0.00,434.16,-1060.94
8110,-4.88,9.40,20.00,18.36,19.18,0.00,200.00,431.59,0.00,434.16,-1135.78
8111,-6.52,9.40,20.00,18.11,19.06,0.00,200.00,484.52,0.00,434.16,-1204.05
8112,-8.05,9.40,20.00,17.85,18.93,0.00,200.00,537.28,0.00,434.16,-1265.97
8113,-9.12,9.40,20.00,17.58,18.79,0.00,200.00,584.67,0.00,434.16,-1305.44
8114,-9.79,9.40,20.00,17.31,18.66,0.00,200.00,626.58,0.00,434.16,-1324.71
8115,-10.00,9.40,20.00,17.04,18.52,0.00,200.00,661.68,0.00,434.16,-1321.69
8116,-9.73,9.40,20.00,16.78,18.39,0.00,200.00,689.04,0.00,434.16,-1295.82
8117,-9.01,9.40,20.00,16.52,18.26,0.00,200.00,708.21,0.00,434.16,-1248.13
8118,-7.88,9.40,20.00,16.28,18.14,0.00,200.00,719.26,0.00,434.16,-1181.13
8119,-6.42,9.40,20.00,16.06,18.03,0.00,200.00,722.78,0.00,434.16,-1098.69
8120,-4.72,9.40,20.00,16.02,18.01,1339.01,200.00,699.68,0.00,434.16,-1014.15
8121,-2.91,9.40,20.00,16.34,18.17,4042.41,200.00,634.11,0.00,434.16,-940.82
8122,-1.10,9.40,20.00,16.86,18.43,5730.72,200.00,544.02,0.00,434.16,-877.82
8123,0.58,9.40,20.00,17.49,18.74,6695.14,200.00,442.64,0.00,434.16,-826.41
8124,2.02,9.40,20.00,18.14,19.07,6957.17,200.00,342.17,0.00,434.16,-788.08
8125,3.11,9.40,20.00,18.75,19.38,6551.52,200.00,253.86,0.00,434.16,-764.42
8126,3.79,9.40,20.00,19.24,19.62,5483.48,200.00,187.78,0.00,434.16,-755.25
8127,4.00,9.40,20.00,19.53,19.76,3756.67,200.00,153.57,0.00,434.16,-758.79
8128,3.74,9.40,20.00,19.51,19.75,1194.96,200.00,161.37,0.00,434.16,-770.84
8129,3.00,9.40,20.00,19.34,19.67,0.00,200.00,192.37,0.00,434.16,-798.41
8130,1.85,9.40,20.00,19.16,19.58,0.00,200.00,230.01,0.00,434.16,-845.89
8131,0.36,9.40,20.00,18.97,19.48,0.00,200.00,273.78,0.00,434.16,-909.41
8132,-1.37,9.40,20.00,18.76,19.38,0.00,200.00,322.69,0.00,434.16,-984.01
8133,-3.23,9.40,20.00,18.54,19.27,0.00,200.00,375.34,0.00,434.16,-1064.00
8134,-5.09,9.40,20.00,18.30,19.15,0.00,200.00,430.03,0.00,434.16,-1143.32
8135,-6.82,9.40,20.00,18.05,19.03,0.00,200.00,484.84,0.00,434.16,-1215.99
8136,-8.44,9.40,20.00,17.79,18.90,0.00,200.00,539.52,0.00,434.16,-1281.98
8137,-9.60,9.40,20.00,17.52,18.76,0.00,200.00,588.95,0.00,434.16,-1325.53
8138,-10.35,9.40,20.00,17.24,18.62,0.00,200.00,632.96,0.00,434.16,-1348.68
8139,-10.64,9.40,20.00,16.97,18.48,0.00,200.00,670.19,0.00,434.16,-1349.29
8140,-10.44,9.40,20.00,16.70,18.35,0.00,200.00,699.69,0.00,434.16,-1326.76
8141,-9.79,9.40,20.00,16.44,18.22,0.00,200.00,720.99,0.00,434.16,-1282.08
8142,-8.72,9.40,20.00,16.19,18.09,0.00,200.00,734.14,0.00,434.16,-1217.74
8143,-7.32,9.40,20.00,15.96,17.98,0.00,200.00,739.70,0.00,434.16,-1137.59
8144,-5.67,9.40,20.00,15.91,17.96,1314.53,200.00,718.93,0.00,434.16,-1054.79
8145,-3.89,9.40,20.00,16.22,18.11,4029.17,200.00,655.40,0.00,434.16,-982.86
8146,-2.11,9.40,20.00,16.73,18.36,5722.79,200.00,567.18,0.00,434.16,-920.85
8147,-0.45,9.40,20.00,17.35,18.67,6690.36,200.00,467.49,0.00,434.16,-870.03
8148,0.98,9.40,20.00,17.99,19.00,6955.49,200.00,368.53,0.00,434.16,-831.83
8149,2.07,9.40,20.00,18.60,19.30,6553.37,200.00,281.52,0.00,434.16,-807.88
8150,2.75,9.40,20.00,19.08,19.54,5485.31,200.00,216.57,0.00,434.16,-797.95
8151,2.98,9.40,20.00,19.36,19.68,3755.10,200.00,183.35,0.00,434.16,-800.29
8152,2.74,9.40,20.00,19.32,19.66,1178.12,200.00,192.12,0.00,434.16,-810.62
8153,2.04,9.40,20.00,19.15,19.57,0.00,200.00,223.64,0.00,434.16,-836.15
8154,0.93,9.40,20.00,18.96,19.48,0.00,200.00,261.59,0.00,434.16,-881.21
8155,-0.51,9.40,20.00,18.76,19.38,0.00,200.00,305.45,0.00,434.16,-941.95
8156,-2.18,9.40,20.00,18.55,19.28,0.00,200.00,354.23,0.00,434.16,-1013.42
8157,-3.97,9.40,20.00,18.33,19.16,0.00,200.00,406.55,0.00,434.16,-1089.98
8158,-5.76,9.40,20.00,18.09,19.04,0.00,200.00,460.68,0.00,434.16,-1165.60
8159,-7.42,9.40,20.00,17.83,18.92,0.00,200.00,514.73,0.00,434.16,-1234.33
8160,-8.95,9.40,20.00,17.57,18.78,0.00,200.00,568.38,0.00,434.16,-1295.99
8161,-10.02,9.40,20.00,17.29,18.65,0.00,200.00,616.64,0.00,434.16,-1335.26
8162,-10.68,9.40,20.00,17.02,18.51,0.00,200.00,659.30,0.00,434.16,-1354.01
8163,-10.88,9.40,20.00,16.74,18.37,0.00,200.00,695.02,0.00,434.16,-1350.15
8164,-10.59,9.40,20.00,16.47,18.24,0.00,200.00,722.85,0.00,434.16,-1323.14
8165,-9.85,9.40,20.00,16.21,18.11,0.00,200.00,742.35,0.00,434.16,-1274.00
8166,-8.69,9.40,20.00,15.97,17.98,0.00,200.00,753.58,0.00,434.16,-1205.27
8167,-7.19,9.40,20.00,15.74,17.87,0.00,200.00,757.11,0.00,434.16,-1120.84
8168,-5.45,9.40,20.00,15.70,17.85,1291.25,200.00,734.56,0.00,434.16,-1033.77
8169,-3.59,9.40,20.00,16.01,18.00,4016.27,200.00,669.02,0.00,434.16,-957.85
8170,-1.73,9.40,20.00,16.52,18.26,5714.95,200.00,578.67,0.00,434.16,-892.13
8171,0.01,9.40,20.00,17.15,18.58,6685.66,200.00,476.79,0.00,434.16,-837.87
8172,1.51,9.40,20.00,17.80,18.90,6953.88,200.00,375.61,0.00,434.16,-796.56
8173,2.66,9.40,20.00,18.41,19.21,6555.29,200.00,286.37,0.00,434.16,-769.85
8174,3.41,9.40,20.00,18.90,19.45,5487.33,200.00,219.25,0.00,434.16,-757.54
8175,3.68,9.40,20.00,19.19,19.59,3753.93,200.00,183.95,0.00,434.16,-757.85
8176,3.48,9.40,20.00,19.16,19.58,1162.29,200.00,190.90,0.00,434.16,-766.49
8177,2.82,9.40,20.00,19.00,19.50,0.00,200.00,220.52,0.00,434.16,-790.85
8178,1.73,9.40,20.00,18.82,19.41,0.00,200.00,256.69,0.00,434.16,-835.18
8179,0.31,9.40,20.00,18.63,19.32,0.00,200.00,298.92,0.00,434.16,-895.63
8180,-1.36,9.40,20.00,18.43,19.22,0.00,200.00,346.24,0.00,434.16,-967.27
8181,-3.15,9.40,20.00,18.21,19.11,0.00,200.00,397.25,0.00,434.16,-1044.43
8182,-4.95,9.40,20.00,17.98,18.99,0.00,200.00,450.27,0.00,434.16,-1121.11
8183,-6.63,9.40,20.00,17.74,18.87,0.00,200.00,503.41,0.00,434.16,-1191.33
8184,-8.19,9.40,20.00,17.48,18.74,0.00,200.00,556.29,0.00,434.16,-1254.70
8185,-9.30,9.40,20.00,17.22,18.61,0.00,200.00,604.06,0.00,434.16,-1296.27
8186,-10.01,9.40,20.00,16.95,18.47,0.00,200.00,646.44,0.00,434.16,-1317.70
8187,-10.26,9.40,20.00,16.68,18.34,0.00,200.00,682.10,0.00,434.16,-1316.88
8188,-10.04,9.40,20.00,16.41,18.21,0.00,200.00,710.09,0.00,434.16,-1293.22
8189,-9.37,9.40,20.00,16.16,18.08,0.00,200.00,729.96,0.00,434.16,-1247.71
8190,-8.28,9.40,20.00,15.92,17.96,0.00,200.00,741.78,0.00,434.16,-1182.87
8191,-6.86,9.40,20.00,15.70,17.85,0.00,200.00,746.11,0.00,434.16,-1102.54
8192,-5.21,9.40,20.00,15.65,17.83,1269.25,200.00,724.86,0.00,434.16,-1019.61
8193,-3.43,9.40,20.00,15.96,17.98,4003.72,200.00,660.64,0.00,434.16,-948.03
8194,-1.66,9.40,20.00,16.48,18.24,5707.22,200.00,571.73,0.00,434.16,-886.76
8195,-0.02,9.40,20.00,17.11,18.55,6681.04,200.00,471.42,0.00,434.16,-837.02
8196,1.39,9.40,20.00,17.76,18.88,6952.38,200.00,371.92,0.00,434.16,-800.23
8197,2.45,9.40,20.00,18.37,19.18,6557.30,200.00,284.45,0.00,434.16,-778.00
8198,3.10,9.40,20.00,18.86,19.43,5489.57,200.00,219.21,0.00,434.16,-770.07
8199,3.29,9.40,20.00,19.14,19.57,3753.19,200.00,185.93,0.00,434.16,-774.61
8200,3.00,9.40,20.00,19.11,19.55,1147.54,200.00,195.14,0.00,434.16,-787.22
8201,2.25,9.40,20.00,18.93,19.47,0.00,200.00,226.86,0.00,434.16,-815.42
8202,1.09,9.40,20.00,18.75,19.38,0.00,200.00,265.16,0.00,434.16,-863.33
8203,-0.41,9.40,20.00,18.56,19.28,0.00,200.00,309.54,0.00,434.16,-927.06
8204,-2.14,9.40,20.00,18.35,19.18,0.00,200.00,358.97,0.00,434.16,-1001.65
8205,-4.00,9.40,20.00,18.13,19.06,0.00,200.00,412.08,0.00,434.16,-1081.42
8206,-5.85,9.40,20.00,17.89,18.94,0.00,200.00,467.13,0.00,434.16,-1160.32
8207,-7.58,9.40,20.00,17.63,18.82,0.00,200.00,522.22,0.00,434.16,-1232.35
8208,-9.16,9.40,20.00,17.37,18.68,0.00,200.00,576.90,0.00,434.16,-1296.91
8209,-10.31,9.40,20.00,17.10,18.55,0.00,200.00,626.39,0.00,434.16,-1339.45
8210,-11.03,9.40,20.00,16.82,18.41,0.00,200.00,670.37,0.00,434.16,-1361.40
8211,-11.29,9.40,20.00,16.54,18.27,0.00,200.00,707.47,0.00,434.16,-1360.64
8212,-11.07,9.40,20.00,16.27,18.13,0.00,200.00,736.74,0.00,434.16,-1336.59
8213,-10.39,9.40,20.00,16.01,18.00,0.00,200.00,757.71,0.00,434.16,-1290.26
8214,-9.29,9.40,20.00,15.76,17.88,0.00,200.00,770.44,0.00,434.16,-1224.15
8215,-7.84,9.40,20.00,15.53,17.76,0.00,200.00,775.47,0.00,434.16,-1142.12
8216,-6.15,9.40,20.00,15.47,17.74,1248.55,200.00,755.02,0.00,434.16,-1056.97
8217,-4.33,9.40,20.00,15.78,17.89,3991.56,200.00,691.25,0.00,434.16,-982.84
8218,-2.51,9.40,20.00,16.29,18.14,5699.63,200.00,602.50,0.00,434.16,-918.70
8219,-0.81,9.40,20.00,16.91,18.45,6676.54,200.00,502.09,0.00,434.16,-865.77
8220,0.67,9.40,20.00,17.55,18.78,6950.98,200.00,402.24,0.00,434.16,-825.50
8221,1.80,9.40,20.00,18.16,19.08,6559.41,200.00,314.18,0.00,434.16,-799.54
8222,2.53,9.40,20.00,18.64,19.32,5492.03,200.00,248.13,0.00,434.16,-787.65
8223,2.80,9.40,20.00,18.92,19.46,3752.89,200.00,213.87,0.00,434.16,-788.03
8224,2.60,9.40,20.00,18.89,19.45,1133.91,200.00,222.07,0.00,434.16,-796.26
8225,1.94,9.40,20.00,18.72,19.36,0.00,200.00,252.42,0.00,434.16,-820.05
8226,0.87,9.40,20.00,18.54,19.27,0.00,200.00,289.18,0.00,434.16,-863.48
8227,-0.53,9.40,20.00,18.34,19.17,0.00,200.00,331.86,0.00,434.16,-922.73
8228,-2.17,9.40,20.00,18.14,19.07,0.00,200.00,379.48,0.00,434.16,-992.87
8229,-3.94,9.40,20.00,17.92,18.96,0.00,200.00,430.64,0.00,434.16,-1068.26
8230,-5.70,9.40,20.00,17.68,18.84,0.00,200.00,483.65,0.00,434.16,-1142.90
8231,-7.34,9.40,20.00,17.43,18.72,0.00,200.00,536.62,0.00,434.16,-1210.83
8232,-8.84,9.40,20.00,17.17,18.59,0.00,200.00,589.06,0.00,434.16,-1271.31
8233,-9.90,9.40,20.00,16.91,18.45,0.00,200.00,636.34,0.00,434.16,-1310.20
8234,-10.55,9.40,20.00,16.63,18.32,0.00,200.00,678.09,0.00,434.16,-1328.78
8235,-10.74,9.40,20.00,16.37,18.18,0.00,200.00,712.97,0.00,434.16,-1324.96
8236,-10.46,9.40,20.00,16.10,18.05,0.00,200.00,740.04,0.00,434.16,-1298.21
8237,-9.72,9.40,20.00,15.85,17.92,0.00,200.00,758.87,0.00,434.16,-1249.53
8238,-8.56,9.40,20.00,15.61,17.80,0.00,200.00,769.52,0.00,434.16,-1181.48
8239,-7.08,9.40,20.00,15.38,17.69,0.00,200.00,772.58,0.00,434.16,-1097.92
8240,-5.36,9.40,20.00,15.34,17.67,1229.22,200.00,750.53,0.00,434.16,-1011.55
8241,-3.52,9.40,20.00,15.65,17.82,3979.84,200.00,685.14,0.00,434.16,-936.71
8242,-1.68,9.40,20.00,16.17,18.08,5692.20,200.00,594.87,0.00,434.16,-872.33
8243,0.03,9.40,20.00,16.80,18.40,6672.16,200.00,493.05,0.00,434.16,-819.64
8244,1.49,9.40,20.00,17.45,18.73,6949.71,200.00,391.95,0.00,434.16,-780.06
8245,2.62,9.40,20.00,18.07,19.03,6561.64,200.00,302.77,0.00,434.16,-755.24
8246,3.32,9.40,20.00,18.56,19.28,5494.74,200.00,235.81,0.00,434.16,-744.93
8247,3.56,9.40,20.00,18.85,19.43,3753.07,200.00,200.88,0.00,434.16,-747.29
8248,3.32,9.40,20.00,18.82,19.41,1121.46,200.00,208.77,0.00,434.16,-757.81
8249,2.61,9.40,20.00,18.66,19.33,0.00,200.00,238.88,0.00,434.16,-784.34
8250,1.49,9.40,20.00,18.48,19.24,0.00,200.00,275.62,0.00,434.16,-830.86
8251,0.02,9.40,20.00,18.30,19.15,0.00,200.00,318.50,0.00,434.16,-893.50
8252,-1.69,9.40,20.00,18.10,19.05,0.00,200.00,366.52,0.00,434.16,-967.33
8253,-3.53,9.40,20.00,17.88,18.94,0.00,200.00,418.31,0.00,434.16,-1046.64
8254,-5.38,9.40,20.00,17.65,18.82,0.00,200.00,472.16,0.00,434.16,-1125.41
8255,-7.10,9.40,20.00,17.40,18.70,0.00,200.00,526.16,0.00,434.16,-1197.64
8256,-8.68,9.40,20.00,17.14,18.57,0.00,200.00,579.76,0.00,434.16,-1262.33
8257,-9.84,9.40,20.00,16.88,18.44,0.00,200.00,628.42,0.00,434.16,-1305.70
8258,-10.58,9.40,20.00,16.61,18.30,0.00,200.00,671.71,0.00,434.16,-1328.81
8259,-10.86,9.40,20.00,16.33,18.17,0.00,200.00,708.27,0.00,434.16,-1329.51
8260,-10.67,9.40,20.00,16.07,18.03,0.00,200.00,737.16,0.00,434.16,-1307.20
8261,-10.02,9.40,20.00,15.81,17.91,0.00,200.00,757.91,0.00,434.16,-1262.88
8262,-8.96,9.40,20.00,15.57,17.78,0.00,200.00,770.57,0.00,434.16,-1199.03
8263,-7.56,9.40,20.00,15.34,17.67,0.00,200.00,775.71,0.00,434.16,-1119.49
8264,-5.92,9.40,20.00,15.29,17.64,1211.28,200.00,756.03,0.00,434.16,-1036.81
8265,-4.16,9.40,20.00,15.59,17.80,3968.57,200.00,692.94,0.00,434.16,-965.45
8266,-2.40,9.40,20.00,16.10,18.05,5684.95,200.00,604.89,0.00,434.16,-904.28
8267,-0.75,9.40,20.00,16.73,18.36,6667.92,200.00,505.26,0.00,434.16,-854.48
8268,0.65,9.40,20.00,17.38,18.69,6948.57,200.00,406.26,0.00,434.16,-817.44
8269,1.72,9.40,20.00,17.98,18.99,6564.01,200.00,319.09,0.00,434.16,-794.80
8270,2.39,9.40,20.00,18.47,19.24,5497.70,200.00,254.06,0.00,434.16,-786.25
8271,2.59,9.40,20.00,18.75,19.38,3753.75,200.00,220.97,0.00,434.16,-789.93
8272,2.32,9.40,20.00,18.71,19.36,1110.23,200.00,230.74,0.00,434.16,-801.28
8273,1.60,9.40,20.00,18.54,19.27,0.00,200.00,262.43,0.00,434.16,-828.24
8274,0.46,9.40,20.00,18.36,19.18,0.00,200.00,300.59,0.00,434.16,-874.75
8275,-1.01,9.40,20.00,18.16,19.08,0.00,200.00,344.72,0.00,434.16,-936.93
8276,-2.71,9.40,20.00,17.95,18.98,0.00,200.00,393.83,0.00,434.16,-1009.85
8277,-4.53,9.40,20.00,17.73,18.86,0.00,200.00,446.49,0.00,434.16,-1087.82
8278,-6.34,9.40,20.00,17.49,18.74,0.00,200.00,501.02,0.00,434.16,-1164.82
8279,-8.03,9.40,20.00,17.23,18.62,0.00,200.00,555.49,0.00,434.16,-1234.88
8280,-9.56,9.40,20.00,16.97,18.48,0.00,200.00,609.28,0.00,434.16,-1296.82
8281,-10.66,9.40,20.00,16.70,18.35,0.00,200.00,657.97,0.00,434.16,-1337.29
8282,-11.34,9.40,20.00,16.42,18.21,0.00,200.00,701.07,0.00,434.16,-1357.16
8283,-11.56,9.40,20.00,16.15,18.07,0.00,200.00,737.23,0.00,434.16,-1354.32
8284,-11.30,9.40,20.00,15.88,17.94,0.00,200.00,765.50,0.00,434.16,-1328.23
8285,-10.57,9.40,20.00,15.62,17.81,0.00,200.00,785.43,0.00,434.16,-1279.90
8286,-9.42,9.40,20.00,15.37,17.69,0.00,200.00,797.07,0.00,434.16,-1211.86
8287,-7.93,9.40,20.00,15.14,17.57,0.00,200.00,801.00,0.00,434.16,-1127.98
8288,-6.21,9.40,20.00,15.09,17.54,1194.77,200.00,780.16,0.00,434.16,-1040.78
8289,-4.35,9.40,20.00,15.39,17.69,3957.78,200.00,715.64,0.00,434.16,-964.90
8290,-2.49,9.40,20.00,15.90,17.95,5677.90,200.00,625.96,0.00,434.16,-899.23
8291,-0.76,9.40,20.00,16.53,18.26,6663.84,200.00,524.53,0.00,434.16,-844.98
8292,0.74,9.40,20.00,17.18,18.59,6947.59,200.00,423.58,0.00,434.16,-803.59
8293,1.90,9.40,20.00,17.79,18.90,6566.51,200.00,334.05,0.00,434.16,-776.83
8294,2.65,9.40,20.00,18.29,19.14,5500.94,200.00,266.86,0.00,434.16,-764.24
8295,2.94,9.40,20.00,18.57,19.29,3754.96,200.00,231.59,0.00,434.16,-764.08
8296,2.75,9.40,20.00,18.54,19.27,1100.27,200.00,239.28,0.00,434.16,-771.76
8297,2.10,9.40,20.00,18.37,19.19,0.00,200.00,268.75,0.00,434.16,-795.40
8298,1.03,9.40,20.00,18.20,19.10,0.00,200.00,304.71,0.00,434.16,-838.91
8299,-0.37,9.40,20.00,18.01,19.00,0.00,200.00,346.66,0.00,434.16,-898.44
8300,-2.02,9.40,20.00,17.81,18.90,0.00,200.00,393.65,0.00,434.16,-969.07
8301,-3.79,9.40,20.00,17.59,18.80,0.00,200.00,444.27,0.00,434.16,-1045.16
8302,-5.57,9.40,20.00,17.36,18.68,0.00,200.00,496.84,0.00,434.16,-1120.70
8303,-7.22,9.40,20.00,17.12,18.56,0.00,200.00,549.48,0.00,434.16,-1189.73
8304,-8.73,9.40,20.00,16.86,18.43,0.00,200.00,601.50,0.00,434.16,-1250.87
8305,-9.82,9.40,20.00,16.60,18.30,0.00,200.00,648.64,0.00,434.16,-1291.20
8306,-10.50,9.40,20.00,16.33,18.17,0.00,200.00,690.35,0.00,434.16,-1311.38
8307,-10.72,9.40,20.00,16.07,18.03,0.00,200.00,725.29,0.00,434.16,-1309.31
8308,-10.47,9.40,20.00,15.80,17.90,0.00,200.00,752.54,0.00,434.16,-1284.41
8309,-9.77,9.40,20.00,15.55,17.78,0.00,200.00,771.64,0.00,434.16,-1237.70
8310,-8.66,9.40,20.00,15.32,17.66,0.00,200.00,782.66,0.00,434.16,-1171.70
8311,-7.21,9.40,20.00,15.09,17.55,0.00,200.00,786.18,0.00,434.16,-1090.26
8312,-5.53,9.40,20.00,15.04,17.52,1179.73,200.00,765.36,0.00,434.16,-1005.77
8313,-3.73,9.40,20.00,15.35,17.68,3947.50,200.00,700.73,0.00,434.16,-933.08
8314,-1.94,9.40,20.00,15.87,17.94,5671.06,200.00,611.37,0.00,434.16,-870.84
8315,-0.28,9.40,20.00,16.50,18.25,6659.94,200.00,510.44,0.00,434.16,-820.31
8316,1.14,9.40,20.00,17.16,18.58,6946.76,200.00,410.16,0.00,434.16,-782.88
8317,2.22,9.40,20.00,17.78,18.89,6569.15,200.00,321.48,0.00,434.16,-760.30
8318,2.89,9.40,20.00,18.27,19.14,5504.45,200.00,255.32,0.00,434.16,-752.05
8319,3.09,9.40,20.00,18.56,19.28,3756.70,200.00,221.29,0.00,434.16,-756.33
8320,2.81,9.40,20.00,18.53,19.26,1091.62,200.00,230.51,0.00,434.16,-768.46
8321,2.06,9.40,20.00,18.36,19.18,0.00,200.00,261.57,0.00,434.16,-796.62
8322,0.90,9.40,20.00,18.18,19.09,0.00,200.00,299.25,0.00,434.16,-844.62
8323,-0.59,9.40,20.00,17.99,19.00,0.00,200.00,343.06,0.00,434.16,-908.59
8324,-2.33,9.40,20.00,17.79,18.89,0.00,200.00,392.00,0.00,434.16,-983.55
8325,-4.19,9.40,20.00,17.57,18.78,0.00,200.00,444.66,0.00,434.16,-1063.81
8326,-6.06,9.40,20.00,17.33,18.67,0.00,200.00,499.34,0.00,434.16,-1143.33
8327,-7.79,9.40,20.00,17.09,18.54,0.00,200.00,554.12,0.00,434.16,-1216.10
8328,-9.37,9.40,20.00,16.82,18.41,0.00,200.00,608.25,0.00,434.16,-1280.51
8329,-10.53,9.40,20.00,16.55,18.28,0.00,200.00,657.54,0.00,434.16,-1324.02
8330,-11.28,9.40,20.00,16.28,18.14,0.00,200.00,701.38,0.00,434.16,-1347.04
8331,-11.56,9.40,20.00,16.01,18.00,0.00,200.00,738.42,0.00,434.16,-1347.43
8332,-11.36,9.40,20.00,15.74,17.87,0.00,200.00,767.69,0.00,434.16,-1324.61
8333,-10.70,9.40,20.00,15.48,17.74,0.00,200.00,788.73,0.00,434.16,-1279.58
8334,-9.62,9.40,20.00,15.23,17.62,0.00,200.00,801.59,0.00,434.16,-1214.82
8335,-8.20,9.40,20.00,15.00,17.50,0.00,200.00,806.82,0.00,434.16,-1134.18
8336,-6.54,9.40,20.00,14.94,17.47,1177.38,200.00,787.60,0.00,434.16,-1050.04
8337,-4.75,9.40,20.00,15.24,17.62,3937.76,200.00,724.51,0.00,434.16,-977.22
8338,-2.95,9.40,20.00,15.75,17.88,5664.46,200.00,636.47,0.00,434.16,-914.42
8339,-1.28,9.40,20.00,16.38,18.19,6656.22,200.00,536.63,0.00,434.16,-862.91
8340,0.17,9.40,20.00,17.03,18.51,6946.11,200.00,437.22,0.00,434.16,-824.07
8341,1.28,9.40,20.00,17.64,18.82,6571.80,200.00,349.18,0.00,434.16,-799.68
8342,1.98,9.40,20.00,18.12,19.06,5508.26,200.00,283.43,0.00,434.16,-789.22
8343,2.23,9.40,20.00,18.41,19.20,3759.01,200.00,249.61,0.00,434.16,-790.89
8344,2.00,9.40,20.00,18.37,19.18,1094.76,200.00,258.82,0.00,434.16,-800.08
8345,1.32,9.40,20.00,18.19,19.10,0.00,200.00,289.67,0.00,434.16,-824.95
8346,0.23,9.40,20.00,18.01,19.01,0.00,200.00,326.94,0.00,434.16,-869.37
8347,-1.20,9.40,20.00,17.82,18.91,0.00,200.00,370.12,0.00,434.16,-929.49
8348,-2.85,9.40,20.00,17.61,18.81,0.00,200.00,418.22,0.00,434.16,-1000.41
8349,-4.63,9.40,20.00,17.39,18.70,0.00,200.00,469.85,0.00,434.16,-1076.45
8350,-6.41,9.40,20.00,17.15,18.58,0.00,200.00,523.30,0.00,434.16,-1151.60
8351,-8.05,9.40,20.00,16.90,18.45,0.00,200.00,576.68,0.00,434.16,-1219.93
8352,-9.54,9.40,20.00,16.64,18.32,0.00,200.00,629.18,0.00,434.16,-1279.65
8353,-10.60,9.40,20.00,16.38,18.19,0.00,200.00,676.76,0.00,434.16,-1318.67
8354,-11.25,9.40,20.00,16.10,18.05,0.00,200.00,718.76,0.00,434.16,-1337.25
8355,-11.44,9.40,20.00,15.83,17.92,0.00,200.00,753.84,0.00,434.16,-1333.29
8356,-11.16,9.40,20.00,15.57,17.78,0.00,200.00,781.07,0.00,434.16,-1306.26
8357,-10.41,9.40,20.00,15.31,17.66,0.00,200.00,799.99,0.00,434.16,-1257.18
8358,-9.24,9.40,20.00,15.07,17.54,0.00,200.00,810.68,0.00,434.16,-1188.60
8359,-7.75,9.40,20.00,14.85,17.42,0.00,200.00,813.71,0.00,434.16,-1104.40
8360,-6.01,9.40,20.00,14.80,17.40,1176.03,200.00,792.29,0.00,434.16,-1016.99
8361,-4.15,9.40,20.00,15.10,17.55,3928.57,200.00,727.10,0.00,434.16,-941.19
8362,-2.30,9.40,20.00,15.62,17.81,5658.11,200.00,636.95,0.00,434.16,-875.78
8363,-0.57,9.40,20.00,16.25,18.13,6652.69,200.00,535.04,0.00,434.16,-822.05
8364,0.92,9.40,20.00,16.91,18.45,6945.63,200.00,433.59,0.00,434.16,-781.41
8365,2.07,9.40,20.00,17.53,18.77,6573.93,200.00,343.58,0.00,434.16,-755.65
8366,2.80,9.40,20.00,18.03,19.01,5512.37,200.00,275.95,0.00,434.16,-744.26
8367,3.07,9.40,20.00,18.32,19.16,3761.89,200.00,240.42,0.00,434.16,-745.44
8368,2.85,9.40,20.00,18.29,19.14,1098.90,200.00,248.04,0.00,434.16,-754.57
8369,2.17,9.40,20.00,18.13,19.06,0.00,200.00,277.55,0.00,434.16,-779.82
8370,1.07,9.40,20.00,17.95,18.98,0.00,200.00,313.65,0.00,434.16,-825.07
8371,-0.37,9.40,20.00,17.77,18.88,0.00,200.00,355.85,0.00,434.16,-886.46
8372,-2.05,9.40,20.00,17.57,18.78,0.00,200.00,403.17,0.00,434.16,-959.06
8373,-3.86,9.40,20.00,17.36,18.68,0.00,200.00,454.23,0.00,434.16,-1037.20
8374,-5.68,9.40,20.00,17.13,18.56,0.00,200.00,507.33,0.00,434.16,-1114.85
8375,-7.38,9.40,20.00,16.88,18.44,0.00,200.00,560.58,0.00,434.16,-1186.02
8376,-8.92,9.40,20.00,16.63,18.31,0.00,200.00,613.10,0.00,434.16,-1248.72
8377,-10.05,9.40,20.00,16.37,18.18,0.00,200.00,660.97,0.00,434.16,-1291.23
8378,-10.77,9.40,20.00,16.10,18.05,0.00,200.00,703.49,0.00,434.16,-1313.57
8379,-11.04,9.40,20.00,15.83,17.92,0.00,200.00,739.28,0.00,434.16,-1313.60
8380,-10.84,9.40,20.00,15.57,17.79,0.00,200.00,767.43,0.00,434.16,-1290.75
8381,-10.17,9.40,20.00,15.32,17.66,0.00,200.00,787.47,0.00,434.16,-1246.00
8382,-9.10,9.40,20.00,15.08,17.54,0.00,200.00,799.46,0.00,434.16,-1181.86
8383,-7.69,9.40,20.00,14.86,17.43,0.00,200.00,803.96,0.00,434.16,-1102.15
8384,-6.05,9.40,20.00,14.80,17.40,1174.49,200.00,784.15,0.00,434.16,-1019.26
8385,-4.28,9.40,20.00,15.11,17.55,3919.95,200.00,720.82,0.00,434.16,-947.92
8386,-2.52,9.40,20.00,15.62,17.81,5652.02,200.00,632.60,0.00,434.16,-886.91
8387,-0.88,9.40,20.00,16.25,18.13,6649.37,200.00,532.69,0.00,434.16,-837.50
8388,0.52,9.40,20.00,16.90,18.45,6945.34,200.00,433.29,0.00,434.16,-801.01
8389,1.58,9.40,20.00,17.52,18.76,6576.29,200.00,345.36,0.00,434.16,-779.21
8390,2.23,9.40,20.00,18.01,19.01,5516.79,200.00,279.84,0.00,434.16,-771.55
8391,2.42,9.40,20.00,18.30,19.15,3765.37,200.00,246.44,0.00,434.16,-776.18
8392,2.13,9.40,20.00,18.26,19.13,1102.94,200.00,256.19,0.00,434.16,-788.45
8393,1.39,9.40,20.00,18.09,19.05,0.00,200.00,287.85,0.00,434.16,-816.47
8394,0.23,9.40,20.00,17.91,18.96,0.00,200.00,326.05,0.00,434.16,-864.12
8395,-1.25,9.40,20.00,17.72,18.86,0.00,200.00,370.28,0.00,434.16,-927.52
8396,-2.98,9.40,20.00,17.51,18.76,0.00,200.00,419.54,0.00,434.16,-1001.71
8397,-4.82,9.40,20.00,17.29,18.65,0.00,200.00,472.44,0.00,434.16,-1081.01
8398,-6.67,9.40,20.00,17.05,18.53,0.00,200.00,527.24,0.00,434.16,-1159.38
8399,-8.38,9.40,20.00,16.80,18.40,0.00,200.00,582.05,0.00,434.16,-1230.83
8400,-9.92,9.40,20.00,16.54,18.27,0.00,200.00,635.91,0.00,434.16,-1293.15
8401,-11.05,9.40,20.00,16.27,18.13,0.00,200.00,684.99,0.00,434.16,-1335.04
8402,-11.76,9.40,20.00,15.99,18.00,0.00,200.00,728.54,0.00,434.16,-1356.31
8403,-12.00,9.40,20.00,15.72,17.86,0.00,200.00,765.17,0.00,434.16,-1354.85
8404,-11.76,9.40,20.00,15.45,17.72,0.00,200.00,793.95,0.00,434.16,-1330.08
8405,-11.06,9.40,20.00,15.19,17.59,0.00,200.00,814.40,0.00,434.16,-1283.03
8406,-9.94,9.40,20.00,14.94,17.47,0.00,200.00,826.59,0.00,434.16,-1216.20
8407,-8.48,9.40,20.00,14.71,17.36,0.00,200.00,831.07,0.00,434.16,-1133.46
8408,-6.77,9.40,20.00,14.65,17.33,1172.75,200.00,811.05,0.00,434.16,-1047.22
8409,-4.94,9.40,20.00,14.95,17.48,3911.92,200.00,747.35,0.00,434.16,-972.23
8410,-3.10,9.40,20.00,15.47,17.73,5646.20,200.00,658.53,0.00,434.16,-907.34
8411,-1.38,9.40,20.00,16.09,18.05,6646.26,200.00,557.77,0.00,434.16,-853.84
8412,0.11,9.40,20.00,16.74,18.37,6945.25,200.00,457.30,0.00,434.16,-813.12
8413,1.26,9.40,20.00,17.36,18.68,6578.88,200.00,368.08,0.00,434.16,-786.97
8414,2.00,9.40,20.00,17.85,18.93,5521.52,200.00,301.07,0.00,434.16,-774.89
8415,2.28,9.40,20.00,18.14,19.07,3769.45,200.00,266.04,0.00,434.16,-775.06
8416,2.09,9.40,20.00,18.10,19.05,1106.87,200.00,274.01,0.00,434.16,-782.87
8417,1.44,9.40,20.00,17.94,18.97,0.00,200.00,303.82,0.00,434.16,-806.46
8418,0.37,9.40,20.00,17.76,18.88,0.00,200.00,340.06,0.00,434.16,-849.77
8419,-1.03,9.40,20.00,17.57,18.78,0.00,200.00,382.25,0.00,434.16,-908.97
8420,-2.66,9.40,20.00,17.37,18.68,0.00,200.00,429.40,0.00,434.16,-979.16
8421,-4.43,9.40,20.00,17.15,18.58,0.00,200.00,480.13,0.00,434.16,-1054.67
8422,-6.19,9.40,20.00,16.92,18.46,0.00,200.00,532.74,0.00,434.16,-1129.51
8423,-7.83,9.40,20.00,16.67,18.34,0.00,200.00,585.36,0.00,434.16,-1197.74
8424,-9.30,9.40,20.00,16.42,18.21,0.00,200.00,636.98,0.00,434.16,-1256.95
8425,-10.37,9.40,20.00,16.15,18.08,0.00,200.00,683.92,0.00,434.16,-1296.29
8426,-11.02,9.40,20.00,15.89,17.94,0.00,200.00,725.39,0.00,434.16,-1315.41
8427,-11.22,9.40,20.00,15.62,17.81,0.00,200.00,760.02,0.00,434.16,-1312.20
8428,-10.95,9.40,20.00,15.36,17.68,0.00,200.00,786.90,0.00,434.16,-1286.11
8429,-10.22,9.40,20.00,15.11,17.55,0.00,200.00,805.58,0.00,434.16,-1238.16
8430,-9.08,9.40,20.00,14.87,17.44,0.00,200.00,816.12,0.00,434.16,-1170.88
8431,-7.61,9.40,20.00,14.65,17.33,0.00,200.00,819.12,0.00,434.16,-1088.15
8432,-5.90,9.40,20.00,14.60,17.30,1170.83,200.00,797.78,0.00,434.16,-1002.36
8433,-4.08,9.40,20.00,14.91,17.46,3904.49,200.00,733.01,0.00,434.16,-928.25
8434,-2.26,9.40,20.00,15.43,17.72,5640.66,200.00,643.28,0.00,434.16,-864.69
8435,-0.57,9.40,20.00,16.07,18.03,6643.38,200.00,541.78,0.00,434.16,-812.96
8436,0.88,9.40,20.00,16.72,18.36,6945.36,200.00,440.75,0.00,434.16,-774.42
8437,1.99,9.40,20.00,17.35,18.67,6581.72,200.00,351.15,0.00,434.16,-750.85
8438,2.68,9.40,20.00,17.85,18.92,5526.57,200.00,283.96,0.00,434.16,-741.72
8439,2.90,9.40,20.00,18.14,19.07,3774.15,200.00,248.97,0.00,434.16,-745.16
8440,2.64,9.40,20.00,18.12,19.06,1110.69,200.00,257.23,0.00,434.16,-756.53
8441,1.91,9.40,20.00,17.95,18.98,0.00,200.00,287.60,0.00,434.16,-783.91
8442,0.77,9.40,20.00,17.78,18.89,0.00,200.00,324.61,0.00,434.16,-831.24
8443,-0.71,9.40,20.00,17.59,18.80,0.00,200.00,367.76,0.00,434.16,-894.65
8444,-2.44,9.40,20.00,17.39,18.70,0.00,200.00,416.07,0.00,434.16,-969.17
8445,-4.29,9.40,20.00,17.17,18.59,0.00,200.00,468.14,0.00,434.16,-1049.13
8446,-6.14,9.40,20.00,16.94,18.47,0.00,200.00,522.26,0.00,434.16,-1128.47
8447,-7.88,9.40,20.00,16.70,18.35,0.00,200.00,576.53,0.00,434.16,-1201.20
8448,-9.43,9.40,20.00,16.44,18.22,0.00,200.00,629.87,0.00,434.16,-1264.68
8449,-10.59,9.40,20.00,16.17,18.09,0.00,200.00,678.72,0.00,434.16,-1308.42
8450,-11.34,9.40,20.00,15.90,17.95,0.00,200.00,722.18,0.00,434.16,-1331.81
8451,-11.63,9.40,20.00,15.63,17.82,0.00,200.00,758.88,0.00,434.16,-1332.70
8452,-11.44,9.40,20.00,15.37,17.68,0.00,200.00,787.89,0.00,434.16,-1310.51
8453,-10.79,9.40,20.00,15.11,17.56,0.00,200.00,808.73,0.00,434.16,-1266.21
8454,-9.73,9.40,20.00,14.87,17.43,0.00,200.00,821.46,0.00,434.16,-1202.31
8455,-8.33,9.40,20.00,14.64,17.32,0.00,200.00,826.62,0.00,434.16,-1122.63
8456,-6.68,9.40,20.00,14.58,17.29,1168.72,200.00,807.45,0.00,434.16,-1039.54
8457,-4.91,9.40,20.00,14.89,17.44,3897.67,200.00,744.83,0.00,434.16,-967.74
8458,-3.14,9.40,20.00,15.40,17.70,5635.42,200.00,657.17,0.00,434.16,-906.12
8459,-1.49,9.40,20.00,16.02,18.01,6640.72,200.00,557.61,0.00,434.16,-855.93
8460,-0.07,9.40,20.00,16.67,18.34,6945.67,200.00,458.37,0.00,434.16,-818.50
8461,1.01,9.40,20.00,17.29,18.64,6584.80,200.00,370.42,0.00,434.16,-795.61
8462,1.69,9.40,20.00,17.78,18.89,5531.94,200.00,304.69,0.00,434.16,-786.72
8463,1.91,9.40,20.00,18.07,19.03,3779.47,200.00,271.02,0.00,434.16,-789.95
8464,1.65,9.40,20.00,18.03,19.02,1114.40,200.00,280.44,0.00,434.16,-800.64
8465,0.94,9.40,20.00,17.86,18.93,0.00,200.00,311.82,0.00,434.16,-826.88
8466,-0.18,9.40,20.00,17.68,18.84,0.00,200.00,349.65,0.00,434.16,-872.64
8467,-1.63,9.40,20.00,17.48,18.74,0.00,200.00,393.41,0.00,434.16,-934.06
8468,-3.31,9.40,20.00,17.28,18.64,0.00,200.00,442.11,0.00,434.16,-1006.21
8469,-5.11,9.40,20.00,17.05,18.53,0.00,200.00,494.36,0.00,434.16,-1083.42
8470,-6.91,9.40,20.00,16.82,18.41,0.00,200.00,548.44,0.00,434.16,-1159.66
8471,-8.58,9.40,20.00,16.56,18.28,0.00,200.00,602.45,0.00,434.16,-1228.99
8472,-10.06,9.40,20.00,16.30,18.15,0.00,200.00,655.25,0.00,434.16,-1288.58
8473,-11.14,9.40,20.00,16.03,18.02,0.00,200.00,703.41,0.00,434.16,-1328.40
8474,-11.81,9.40,20.00,15.76,17.88,0.00,200.00,745.96,0.00,434.16,-1347.67
8475,-12.01,9.40,20.00,15.49,17.74,0.00,200.00,781.58,0.00,434.16,-1344.28
8476,-11.74,9.40,20.00,15.22,17.61,0.00,200.00,809.31,0.00,434.16,-1317.69
8477,-11.00,9.40,20.00,14.96,17.48,0.00,200.00,828.70,0.00,434.16,-1268.92
8478,-9.84,9.40,20.00,14.72,17.36,0.00,200.00,839.82,0.00,434.16,-1200.52
8479,-8.34,9.40,20.00,14.50,17.25,0.00,200.00,843.24,0.00,434.16,-1116.36
8480,-6.61,9.40,20.00,14.44,17.22,1166.43,200.00,822.21,0.00,434.16,-1028.85
8481,-4.75,9.40,20.00,14.75,17.37,3891.47,200.00,757.67,0.00,434.16,-952.73
8482,-2.88,9.40,20.00,15.26,17.63,5630.48,200.00,667.97,0.00,434.16,-886.94
8483,-1.15,9.40,20.00,15.89,17.95,6638.29,200.00,566.28,0.00,434.16,-832.79
8484,0.35,9.40,20.00,16.55,18.27,6946.18,200.00,464.84,0.00,434.16,-791.63
8485,1.51,9.40,20.00,17.17,18.59,6588.12,200.00,374.63,0.00,434.16,-765.30
8486,2.26,9.40,20.00,17.67,18.84,5537.63,200.00,306.61,0.00,434.16,-753.28
8487,2.55,9.40,20.00,17.96,18.98,3785.41,200.00,270.68,0.00,434.16,-753.71
8488,2.35,9.40,20.00,17.94,18.97,1117.93,200.00,277.92,0.00,434.16,-761.95
8489,1.69,9.40,20.00,17.77,18.89,0.00,200.00,307.24,0.00,434.16,-786.09
8490,0.62,9.40,20.00,17.60,18.80,0.00,200.00,343.10,0.00,434.16,-830.16
8491,-0.80,9.40,20.00,17.42,18.71,0.00,200.00,385.00,0.00,434.16,-890.32
8492,-2.46,9.40,20.00,17.22,18.61,0.00,200.00,431.96,0.00,434.16,-961.65
8493,-4.24,9.40,20.00,17.00,18.50,0.00,200.00,482.60,0.00,434.16,-1038.48
8494,-6.03,9.40,20.00,16.77,18.39,0.00,200.00,535.23,0.00,434.16,-1114.80
8495,-7.70,9.40,20.00,16.53,18.27,0.00,200.00,587.97,0.00,434.16,-1184.66
8496,-9.19,9.40,20.00,16.28,18.14,0.00,200.00,639.61,0.00,434.16,-1245.00
8497,-10.30,9.40,20.00,16.02,18.01,0.00,200.00,686.86,0.00,434.16,-1286.22
8498,-10.99,9.40,20.00,15.75,17.88,0.00,200.00,728.72,0.00,434.16,-1307.32
8499,-11.23,9.40,20.00,15.49,17.74,0.00,200.00,763.85,0.00,434.16,-1306.16
8500,-11.00,9.40,20.00,15.23,17.61,0.00,200.00,791.30,0.00,434.16,-1282.17
8501,-10.32,9.40,20.00,14.98,17.49,0.00,200.00,810.64,0.00,434.16,-1236.37
8502,-9.22,9.40,20.00,14.74,17.37,0.00,200.00,821.92,0.00,434.16,-1171.25
8503,-7.79,9.40,20.00,14.52,17.26,0.00,200.00,825.72,0.00,434.16,-1090.66
8504,-6.13,9.40,20.00,14.47,17.24,1163.96,200.00,805.29,0.00,434.16,-1006.98
8505,-4.35,9.40,20.00,14.78,17.39,3885.89,200.00,741.58,0.00,434.16,-934.91
8506,-2.57,9.40,20.00,15.30,17.65,5625.84,200.00,652.90,0.00,434.16,-873.36
8507,-0.92,9.40,20.00,15.93,17.96,6636.11,200.00,552.40,0.00,434.16,-823.59
8508,0.49,9.40,20.00,16.59,18.29,6946.91,200.00,452.28,0.00,434.16,-786.91
8509,1.56,9.40,20.00,17.21,18.61,6591.70,200.00,363.53,0.00,434.16,-765.12
8510,2.21,9.40,20.00,17.71,18.86,5543.64,200.00,297.10,0.00,434.16,-757.66
8511,2.40,9.40,20.00,18.00,19.00,3791.98,200.00,262.88,0.00,434.16,-762.60
8512,2.11,9.40,20.00,17.97,18.99,1121.00,200.00,272.01,0.00,434.16,-775.23
8513,1.37,9.40,20.00,17.81,18.90,0.00,200.00,303.36,0.00,434.16,-803.62
8514,0.20,9.40,20.00,17.63,18.81,0.00,200.00,341.32,0.00,434.16,-851.76
8515,-1.30,9.40,20.00,17.44,18.72,0.00,200.00,385.37,0.00,434.16,-915.77
8516,-3.03,9.40,20.00,17.23,18.62,0.00,200.00,434.51,0.00,434.16,-990.70
8517,-4.89,9.40,20.00,17.01,18.51,0.00,200.00,487.35,0.00,434.16,-1070.84
8518,-6.75,9.40,20.00,16.78,18.39,0.00,200.00,542.16,0.00,434.16,-1150.16
8519,-8.48,9.40,20.00,16.53,18.26,0.00,200.00,597.04,0.00,434.16,-1222.65
8520,-10.02,9.40,20.00,16.27,18.13,0.00,200.00,650.71,0.00,434.16,-1285.04
8521,-11.17,9.40,20.00,16.00,18.00,0.00,200.00,699.96,0.00,434.16,-1328.13
8522,-11.91,9.40,20.00,15.72,17.86,0.00,200.00,743.73,0.00,434.16,-1350.67
8523,-12.18,9.40,20.00,15.45,17.73,0.00,200.00,780.65,0.00,434.16,-1350.52
8524,-11.97,9.40,20.00,15.18,17.59,0.00,200.00,809.76,0.00,434.16,-1327.11
8525,-11.29,9.40,20.00,14.92,17.46,0.00,200.00,830.61,0.00,434.16,-1281.42
8526,-10.20,9.40,20.00,14.68,17.34,0.00,200.00,843.23,0.00,434.16,-1215.97
8527,-8.76,9.40,20.00,14.45,17.22,0.00,200.00,848.20,0.00,434.16,-1134.60
8528,-7.08,9.40,20.00,14.39,17.20,1161.32,200.00,828.78,0.00,434.16,-1049.71
8529,-5.28,9.40,20.00,14.69,17.34,3880.94,200.00,765.89,0.00,434.16,-975.99
8530,-3.47,9.40,20.00,15.20,17.60,5621.51,200.00,677.80,0.00,434.16,-912.39
8531,-1.77,9.40,20.00,15.83,17.91,6634.16,200.00,577.66,0.00,434.16,-860.20
8532,-0.31,9.40,20.00,16.48,18.24,6947.84,200.00,477.65,0.00,434.16,-820.75
8533,0.82,9.40,20.00,17.10,18.55,6595.51,200.00,388.75,0.00,434.16,-795.85
8534,1.53,9.40,20.00,17.59,18.80,5549.97,200.00,321.94,0.00,434.16,-784.99
8535,1.80,9.40,20.00,17.88,18.94,3799.19,200.00,287.11,0.00,434.16,-786.26
8536,1.59,9.40,20.00,17.85,18.93,1123.91,200.00,295.49,0.00,434.16,-794.96
8537,0.92,9.40,20.00,17.68,18.84,0.00,200.00,325.93,0.00,434.16,-819.18
8538,-0.16,9.40,20.00,17.50,18.75,0.00,200.00,362.78,0.00,434.16,-863.01
8539,-1.57,9.40,20.00,17.31,18.65,0.00,200.00,405.53,0.00,434.16,-922.61
8540,-3.21,9.40,20.00,17.10,18.55,0.00,200.00,453.22,0.00,434.16,-993.05
8541,-4.98,9.40,20.00,16.88,18.44,0.00,200.00,504.43,0.00,434.16,-1068.69
8542,-6.74,9.40,20.00,16.65,18.33,0.00,200.00,557.49,0.00,434.16,-1143.53
8543,-8.38,9.40,20.00,16.40,18.20,0.00,200.00,610.49,0.00,434.16,-1211.61
8544,-9.83,9.40,20.00,16.14,18.07,0.00,200.00,662.12,0.00,434.16,-1269.49
8545,-10.89,9.40,20.00,15.88,17.94,0.00,200.00,709.30,0.00,434.16,-1308.44
8546,-11.54,9.40,20.00,15.61,17.81,0.00,200.00,750.94,0.00,434.16,-1327.03
8547,-11.73,9.40,20.00,15.34,17.67,0.00,200.00,785.69,0.00,434.16,-1323.18
8548,-11.44,9.40,20.00,15.08,17.54,0.00,200.00,812.62,0.00,434.16,-1296.33
8549,-10.69,9.40,20.00,14.83,17.41,0.00,200.00,831.28,0.00,434.16,-1247.51
8550,-9.54,9.40,20.00,14.59,17.29,0.00,200.00,841.74,0.00,434.16,-1179.28
8551,-8.04,9.40,20.00,14.37,17.18,0.00,200.00,844.59,0.00,434.16,-1095.49
8552,-6.32,9.40,20.00,14.32,17.16,1158.50,200.00,823.14,0.00,434.16,-1008.57
8553,-4.47,9.40,20.00,14.63,17.31,3876.61,200.00,758.29,0.00,434.16,-933.24
8554,-2.62,9.40,20.00,15.15,17.57,5617.49,200.00,668.36,0.00,434.16,-868.47
8555,-0.90,9.40,20.00,15.78,17.89,6632.45,200.00,566.47,0.00,434.16,-815.55
8556,0.57,9.40,20.00,16.44,18.22,6948.98,200.00,464.82,0.00,434.16,-775.83
8557,1.71,9.40,20.00,17.07,18.54,6599.57,200.00,374.41,0.00,434.16,-751.13
8558,2.42,9.40,20.00,17.58,18.79,5556.61,200.00,306.23,0.00,434.16,-740.92
8559,2.67,9.40,20.00,17.88,18.94,3807.02,200.00,270.22,0.00,434.16,-743.29
8560,2.44,9.40,20.00,17.85,18.93,1126.66,200.00,277.68,0.00,434.16,-753.48
8561,1.74,9.40,20.00,17.69,18.85,0.00,200.00,307.47,0.00,434.16,-779.59
8562,0.63,9.40,20.00,17.52,18.76,0.00,200.00,343.88,0.00,434.16,-825.71
8563,-0.83,9.40,20.00,17.33,18.67,0.00,200.00,386.41,0.00,434.16,-887.97
8564,-2.53,9.40,20.00,17.14,18.57,0.00,200.00,434.09,0.00,434.16,-961.42
8565,-4.36,9.40,20.00,16.92,18.46,0.00,200.00,485.52,0.00,434.16,-1040.40
8566,-6.20,9.40,20.00,16.69,18.35,0.00,200.00,539.00,0.00,434.16,-1118.85
8567,-7.91,9.40,20.00,16.45,18.22,0.00,200.00,592.65,0.00,434.16,-1190.80
8568,-9.43,9.40,20.00,16.19,18.10,0.00,200.00,645.05,0.00,434.16,-1252.54
8569,-10.58,9.40,20.00,15.93,17.97,0.00,200.00,693.28,0.00,434.16,-1295.74
8570,-11.31,9.40,20.00,15.66,17.83,0.00,200.00,736.14,0.00,434.16,-1318.72
8571,-11.59,9.40,20.00,15.40,17.70,0.00,200.00,772.28,0.00,434.16,-1319.32
8572,-11.40,9.40,20.00,15.13,17.57,0.00,200.00,800.77,0.00,434.16,-1296.98
8573,-10.75,9.40,20.00,14.88,17.44,0.00,200.00,821.13,0.00,434.16,-1252.66
8574,-9.68,9.40,20.00,14.64,17.32,0.00,200.00,833.43,0.00,434.16,-1188.87
8575,-8.28,9.40,20.00,14.42,17.21,0.00,200.00,838.22,0.00,434.16,-1109.44
8576,-6.64,9.40,20.00,14.36,17.18,1155.51,200.00,818.83,0.00,434.16,-1026.72
8577,-4.88,9.40,20.00,14.67,17.33,3872.91,200.00,756.10,0.00,434.16,-955.44
8578,-3.12,9.40,20.00,15.18,17.59,5613.78,200.00,668.33,0.00,434.16,-894.50
8579,-1.48,9.40,20.00,15.81,17.91,6630.98,200.00,568.60,0.00,434.16,-845.17
8580,-0.08,9.40,20.00,16.47,18.23,6950.33,200.00,469.10,0.00,434.16,-808.74
8581,0.99,9.40,20.00,17.09,18.54,6603.87,200.00,380.80,0.00,434.16,-787.02
8582,1.64,9.40,20.00,17.59,18.80,5563.57,200.00,314.65,0.00,434.16,-779.44
8583,1.84,9.40,20.00,17.88,18.94,3815.46,200.00,280.59,0.00,434.16,-784.07
8584,1.56,9.40,20.00,17.85,18.93,1129.23,200.00,290.04,0.00,434.16,-796.08
8585,0.83,9.40,20.00,17.68,18.84,0.00,200.00,321.73,0.00,434.16,-823.56
8586,-0.31,9.40,20.00,17.50,18.75,0.00,200.00,359.94,0.00,434.16,-870.61
8587,-1.79,9.40,20.00,17.30,18.65,0.00,200.00,404.12,0.00,434.16,-933.36
8588,-3.50,9.40,20.00,17.10,18.55,0.00,200.00,453.30,0.00,434.16,-1006.85
8589,-5.33,9.40,20.00,16.87,18.44,0.00,200.00,506.06,0.00,434.16,-1085.41
8590,-7.16,9.40,20.00,16.64,18.32,0.00,200.00,560.70,0.00,434.16,-1163.01
8591,-8.85,9.40,20.00,16.38,18.19,0.00,200.00,615.30,0.00,434.16,-1233.66
8592,-10.34,9.40,20.00,16.12,18.06,0.00,200.00,668.39,0.00,434.16,-1293.48
8593,-11.45,9.40,20.00,15.85,17.93,0.00,200.00,717.15,0.00,434.16,-1334.55
8594,-12.15,9.40,20.00,15.58,17.79,0.00,200.00,760.34,0.00,434.16,-1355.02
8595,-12.37,9.40,20.00,15.30,17.65,0.00,200.00,796.59,0.00,434.16,-1352.75
8596,-12.12,9.40,20.00,15.03,17.52,0.00,200.00,824.96,0.00,434.16,-1327.20
8597,-11.40,9.40,20.00,14.78,17.39,0.00,200.00,844.99,0.00,434.16,-1279.39
8598,-10.26,9.40,20.00,14.53,17.27,0.00,200.00,856.74,0.00,434.16,-1211.83
8599,-8.78,9.40,20.00,14.30,17.15,0.00,200.00,860.78,0.00,434.16,-1128.40
8600,-7.06,9.40,20.00,14.25,17.12,1152.35,200.00,840.46,0.00,434.16,-1041.49
8601,-5.21,9.40,20.00,14.55,17.27,3869.82,200.00,776.58,0.00,434.16,-965.90
8602,-3.36,9.40,20.00,15.06,17.53,5610.37,200.00,687.49,0.00,434.16,-900.54
8603,-1.63,9.40,20.00,15.69,17.85,6629.74,200.00,586.25,0.00,434.16,-846.75
8604,-0.13,9.40,20.00,16.35,18.18,6951.87,200.00,485.05,0.00,434.16,-805.85
8605,1.02,9.40,20.00,16.98,18.49,6608.40,200.00,394.87,0.00,434.16,-779.70
8606,1.77,9.40,20.00,17.48,18.74,5570.82,200.00,326.71,0.00,434.16,-767.80
8607,2.06,9.40,20.00,17.78,18.89,3824.53,200.00,290.52,0.00,434.16,-768.22
8608,1.87,9.40,20.00,17.75,18.88,1131.64,200.00,297.86,0.00,434.16,-776.13
8609,1.22,9.40,20.00,17.58,18.79,0.00,200.00,327.43,0.00,434.16,-799.70
8610,0.16,9.40,20.00,17.41,18.70,0.00,200.00,363.48,0.00,434.16,-843.08
8611,-1.24,9.40,20.00,17.22,18.61,0.00,200.00,405.49,0.00,434.16,-902.44
8612,-2.88,9.40,20.00,17.02,18.51,0.00,200.00,452.50,0.00,434.16,-972.86
8613,-4.65,9.40,20.00,16.80,18.40,0.00,200.00,503.12,0.00,434.16,-1048.69
8614,-6.42,9.40,20.00,16.57,18.29,0.00,200.00,555.66,0.00,434.16,-1123.92
8615,-8.07,9.40,20.00,16.33,18.17,0.00,200.00,608.24,0.00,434.16,-1192.61
8616,-9.51,9.40,20.00,16.08,18.04,0.00,200.00,659.34,0.00,434.16,-1250.66
8617,-10.59,9.40,20.00,15.81,17.91,0.00,200.00,706.28,0.00,434.16,-1290.62
8618,-11.26,9.40,20.00,15.55,17.77,0.00,200.00,747.77,0.00,434.16,-1310.41
8619,-11.47,9.40,20.00,15.28,17.64,0.00,200.00,782.47,0.00,434.16,-1307.92
8620,-11.21,9.40,20.00,15.02,17.51,0.00,200.00,809.45,0.00,434.16,-1282.59
8621,-10.50,9.40,20.00,14.77,17.39,0.00,200.00,828.27,0.00,434.16,-1235.44
8622,-9.38,9.40,20.00,14.54,17.27,0.00,200.00,839.00,0.00,434.16,-1169.00
8623,-7.92,9.40,20.00,14.32,17.16,0.00,200.00,842.20,0.00,434.16,-1087.11
8624,-6.23,9.40,20.00,14.27,17.14,1149.03,200.00,821.27,0.00,434.16,-1002.15
8625,-4.42,9.40,20.00,14.58,17.29,3867.34,200.00,756.97,0.00,434.16,-928.93
8626,-2.62,9.40,20.00,15.10,17.55,5607.27,200.00,667.66,0.00,434.16,-866.32
8627,-0.95,9.40,20.00,15.74,17.87,6628.74,200.00,566.41,0.00,434.16,-815.63
8628,0.48,9.40,20.00,16.40,18.20,6953.62,200.00,465.39,0.00,434.16,-778.15
8629,1.57,9.40,20.00,17.03,18.52,6613.15,200.00,375.57,0.00,434.16,-755.72
8630,2.24,9.40,20.00,17.54,18.77,5578.37,200.00,307.95,0.00,434.16,-747.79
8631,2.45,9.40,20.00,17.84,18.92,3834.19,200.00,272.49,0.00,434.16,-752.39
8632,2.18,9.40,20.00,17.82,18.91,1133.87,200.00,280.87,0.00,434.16,-764.59
8633,1.44,9.40,20.00,17.65,18.83,0.00,200.00,311.71,0.00,434.16,-792.56
8634,0.29,9.40,20.00,17.48,18.74,0.00,200.00,349.20,0.00,434.16,-840.40
8635,-1.21,9.40,20.00,17.29,18.65,0.00,200.00,392.81,0.00,434.16,-904.26
8636,-2.94,9.40,20.00,17.09,18.54,0.00,200.00,441.57,0.00,434.16,-979.17
8637,-4.80,9.40,20.00,16.87,18.44,0.00,200.00,494.06,0.00,434.16,-1059.43
8638,-6.66,9.40,20.00,16.64,18.32,0.00,200.00,548.57,0.00,434.16,-1138.99
8639,-8.40,9.40,20.00,16.39,18.20,0.00,200.00,603.21,0.00,434.16,-1211.86
8640,-9.93,9.40,20.00,16.13,18.07,0.00,200.00,656.38,0.00,434.16,-1273.69
8641,-11.09,9.40,20.00,15.86,17.93,0.00,200.00,705.48,0.00,434.16,-1317.42
8642,-11.84,9.40,20.00,15.59,17.80,0.00,200.00,749.15,0.00,434.16,-1340.71
8643,-12.12,9.40,20.00,15.32,17.66,0.00,200.00,786.05,0.00,434.16,-1341.43
8644,-11.93,9.40,20.00,15.05,17.53,0.00,200.00,815.20,0.00,434.16,-1318.98
8645,-11.27,9.40,20.00,14.80,17.40,0.00,200.00,836.15,0.00,434.16,-1274.34
8646,-10.20,9.40,20.00,14.55,17.28,0.00,200.00,848.94,0.00,434.16,-1210.02
8647,-8.79,9.40,20.00,14.33,17.16,0.00,200.00,854.13,0.00,434.16,-1129.86
8648,-7.14,9.40,20.00,14.27,17.13,1145.54,200.00,835.12,0.00,434.16,-1046.19
8649,-5.35,9.40,20.00,14.57,17.28,3865.45,200.00,772.55,0.00,434.16,-973.85
8650,-3.57,9.40,20.00,15.08,17.54,5604.47,200.00,684.87,0.00,434.16,-911.68
8651,-1.90,9.40,20.00,15.71,17.86,6627.96,200.00,585.06,0.00,434.16,-860.98
8652,-0.47,9.40,20.00,16.37,18.18,6955.55,200.00,485.28,0.00,434.16,-823.06
8653,0.63,9.40,20.00,16.99,18.49,6618.13,200.00,396.49,0.00,434.16,-799.75
8654,1.32,9.40,20.00,17.49,18.75,5586.20,200.00,329.67,0.00,434.16,-790.52
8655,1.56,9.40,20.00,17.79,18.89,3844.44,200.00,294.79,0.00,434.16,-793.42
8656,1.32,9.40,20.00,17.76,18.88,1135.92,200.00,303.66,0.00,434.16,-803.44
8657,0.63,9.40,20.00,17.58,18.79,0.00,200.00,334.82,0.00,434.16,-828.83
8658,-0.47,9.40,20.00,17.40,18.70,0.00,200.00,372.39,0.00,434.16,-873.74
8659,-1.91,9.40,20.00,17.21,18.60,0.00,200.00,415.87,0.00,434.16,-934.34
8660,-3.57,9.40,20.00,17.00,18.50,0.00,200.00,464.28,0.00,434.16,-1005.69
8661,-5.36,9.40,20.00,16.78,18.39,0.00,200.00,516.20,0.00,434.16,-1082.13
8662,-7.14,9.40,20.00,16.54,18.27,0.00,200.00,569.95,0.00,434.16,-1157.66
8663,-8.80,9.40,20.00,16.29,18.15,0.00,200.00,623.61,0.00,434.16,-1226.31
8664,-10.23,9.40,20.00,16.03,18.02,0.00,200.00,675.55,0.00,434.16,-1283.58
8665,-11.30,9.40,20.00,15.76,17.88,0.00,200.00,723.30,0.00,434.16,-1322.86
8666,-11.96,9.40,20.00,15.49,17.75,0.00,200.00,765.46,0.00,434.16,-1341.65
8667,-12.15,9.40,20.00,15.22,17.61,0.00,200.00,800.69,0.00,434.16,-1337.86
8668,-11.86,9.40,20.00,14.96,17.48,0.00,200.00,828.04,0.00,434.16,-1310.94
8669,-11.12,9.40,20.00,14.70,17.35,0.00,200.00,847.08,0.00,434.16,-1261.92
8670,-9.95,9.40,20.00,14.46,17.23,0.00,200.00,857.86,0.00,434.16,-1193.35
8671,-8.45,9.40,20.00,14.24,17.12,0.00,200.00,860.97,0.00,434.16,-1109.10
8672,-6.72,9.40,20.00,14.18,17.09,1141.90,200.00,839.84,0.00,434.16,-1021.56
8673,-4.86,9.40,20.00,14.49,17.25,3864.15,200.00,775.07,0.00,434.16,-945.62
8674,-3.00,9.40,20.00,15.01,17.51,5601.96,200.00,684.89,0.00,434.16,-880.25
8675,-1.26,9.40,20.00,15.65,17.82,6627.41,200.00,582.87,0.00,434.16,-826.57
8676,0.23,9.40,20.00,16.31,18.16,6957.67,200.00,480.88,0.00,434.16,-786.02
8677,1.39,9.40,20.00,16.95,18.47,6623.31,200.00,389.91,0.00,434.16,-760.47
8678,2.13,9.40,20.00,17.46,18.73,5594.30,200.00,320.94,0.00,434.16,-749.42
8679,2.40,9.40,20.00,17.76,18.88,3855.26,200.00,283.98,0.00,434.16,-750.91
8680,2.19,9.40,20.00,17.74,18.87,1137.79,200.00,291.02,0.00,434.16,-759.91
8681,1.52,9.40,20.00,17.58,18.79,0.00,200.00,320.53,0.00,434.16,-784.69
8682,0.44,9.40,20.00,17.40,18.70,0.00,200.00,356.61,0.00,434.16,-829.44
8683,-0.99,9.40,20.00,17.22,18.61,0.00,200.00,398.75,0.00,434.16,-890.33
8684,-2.67,9.40,20.00,17.02,18.51,0.00,200.00,445.99,0.00,434.16,-962.42
8685,-4.47,9.40,20.00,16.81,18.40,0.00,200.00,496.95,0.00,434.16,-1040.04
8686,-6.28,9.40,20.00,16.58,18.29,0.00,200.00,549.92,0.00,434.16,-1117.17
8687,-7.97,9.40,20.00,16.34,18.17,0.00,200.00,603.02,0.00,434.16,-1187.85
8688,-9.44,9.40,20.00,16.08,18.04,0.00,200.00,654.54,0.00,434.16,-1247.31
8689,-10.56,9.40,20.00,15.82,17.91,0.00,200.00,702.14,0.00,434.16,-1289.37
8690,-11.27,9.40,20.00,15.55,17.78,0.00,200.00,744.38,0.00,434.16,-1311.28
8691,-11.53,9.40,20.00,15.29,17.64,0.00,200.00,779.90,0.00,434.16,-1310.92
8692,-11.32,9.40,20.00,15.03,17.51,0.00,200.00,807.76,0.00,434.16,-1287.70
8693,-10.64,9.40,20.00,14.78,17.39,0.00,200.00,827.51,0.00,434.16,-1242.62
8694,-9.56,9.40,20.00,14.54,17.27,0.00,200.00,839.21,0.00,434.16,-1178.19
8695,-8.15,9.40,20.00,14.32,17.16,0.00,200.00,843.43,0.00,434.16,-1098.23
8696,-6.50,9.40,20.00,14.27,17.13,1145.84,200.00,823.52,0.00,434.16,-1015.13
8697,-4.73,9.40,20.00,14.58,17.29,3863.42,200.00,760.16,0.00,434.16,-943.70
8698,-2.96,9.40,20.00,15.10,17.55,5599.74,200.00,671.59,0.00,434.16,-882.84
8699,-1.32,9.40,20.00,15.73,17.87,6627.07,200.00,571.30,0.00,434.16,-833.66
8700,0.08,9.40,20.00,16.40,18.20,6959.96,200.00,471.15,0.00,434.16,-797.55
8701,1.14,9.40,20.00,17.03,18.51,6628.69,200.00,382.09,0.00,434.16,-776.34
8702,1.79,9.40,20.00,17.53,18.77,5602.66,200.00,315.10,0.00,434.16,-769.49
8703,1.98,9.40,20.00,17.84,18.92,3866.64,200.00,280.15,0.00,434.16,-775.01
8704,1.69,9.40,20.00,17.81,18.90,1147.23,200.00,289.28,0.00,434.16,-787.78
8705,0.94,9.40,20.00,17.64,18.82,0.00,200.00,321.00,0.00,434.16,-816.01
8706,-0.22,9.40,20.00,17.46,18.73,0.00,200.00,359.28,0.00,434.16,-863.91
8707,-1.71,9.40,20.00,17.27,18.63,0.00,200.00,403.62,0.00,434.16,-927.61
8708,-3.44,9.40,20.00,17.06,18.53,0.00,200.00,453.00,0.00,434.16,-1002.14
8709,-5.29,9.40,20.00,16.84,18.42,0.00,200.00,506.03,0.00,434.16,-1081.82
8710,-7.14,9.40,20.00,16.60,18.30,0.00,200.00,560.99,0.00,434.16,-1160.60
8711,-8.87,9.40,20.00,16.35,18.17,0.00,200.00,615.97,0.00,434.16,-1232.49
8712,-10.36,9.40,20.00,16.09,18.04,0.00,200.00,669.17,0.00,434.16,-1292.51
8713,-11.49,9.40,20.00,15.82,17.91,0.00,200.00,718.38,0.00,434.16,-1334.91
8714,-12.21,9.40,20.00,15.54,17.77,0.00,200.00,762.06,0.00,434.16,-1356.70
8715,-12.47,9.40,20.00,15.27,17.63,0.00,200.00,798.85,0.00,434.16,-1355.78
8716,-12.24,9.40,20.00,15.00,17.50,0.00,200.00,827.80,0.00,434.16,-1331.55
8717,-11.55,9.40,20.00,14.74,17.37,0.00,200.00,848.44,0.00,434.16,-1285.03
8718,-10.44,9.40,20.00,14.49,17.25,0.00,200.00,860.82,0.00,434.16,-1218.73
8719,-8.99,9.40,20.00,14.26,17.13,0.00,200.00,865.52,0.00,434.16,-1136.52
8720,-7.29,9.40,20.00,14.21,17.10,1156.20,200.00,845.69,0.00,434.16,-1050.86
8721,-5.47,9.40,20.00,14.51,17.25,3863.23,200.00,782.33,0.00,434.16,-976.47
8722,-3.64,9.40,20.00,15.03,17.51,5597.79,200.00,693.57,0.00,434.16,-912.31
8723,-1.93,9.40,20.00,15.66,17.83,6626.94,200.00,592.87,0.00,434.16,-859.56
8724,-0.45,9.40,20.00,16.32,18.16,6962.42,200.00,492.07,0.00,434.16,-819.62
8725,0.69,9.40,20.00,16.94,18.47,6634.26,200.00,402.13,0.00,434.16,-794.39
8726,1.42,9.40,20.00,17.45,18.73,5611.25,200.00,334.03,0.00,434.16,-783.34
8727,1.70,9.40,20.00,17.75,18.88,3878.55,200.00,297.75,0.00,434.16,-784.55
8728,1.50,9.40,20.00,17.73,18.86,1163.16,200.00,305.32,0.00,434.16,-792.95
8729,0.85,9.40,20.00,17.56,18.78,0.00,200.00,335.53,0.00,434.16,-816.67
8730,-0.22,9.40,20.00,17.38,18.69,0.00,200.00,372.15,0.00,434.16,-860.06
8731,-1.62,9.40,20.00,17.19,18.59,0.00,200.00,414.69,0.00,434.16,-919.30
8732,-3.26,9.40,20.00,16.98,18.49,0.00,200.00,462.17,0.00,434.16,-989.46
8733,-5.02,9.40,20.00,16.76,18.38,0.00,200.00,513.19,0.00,434.16,-1064.91
8734,-6.78,9.40,20.00,16.53,18.27,0.00,200.00,566.08,0.00,434.16,-1139.63
8735,-8.42,9.40,20.00,16.28,18.14,0.00,200.00,618.94,0.00,434.16,-1207.68
8736,-9.83,9.40,20.00,16.03,18.01,0.00,200.00,669.91,0.00,434.16,-1263.90
8737,-10.89,9.40,20.00,15.76,17.88,0.00,200.00,716.95,0.00,434.16,-1303.01
8738,-11.55,9.40,20.00,15.49,17.75,0.00,200.00,758.48,0.00,434.16,-1321.84
8739,-11.74,9.40,20.00,15.23,17.61,0.00,200.00,793.15,0.00,434.16,-1318.30
8740,-11.46,9.40,20.00,14.97,17.48,0.00,200.00,820.03,0.00,434.16,-1291.84
8741,-10.72,9.40,20.00,14.72,17.36,0.00,200.00,838.69,0.00,434.16,-1243.50
8742,-9.58,9.40,20.00,14.48,17.24,0.00,200.00,849.19,0.00,434.16,-1175.79
8743,-8.09,9.40,20.00,14.26,17.13,0.00,200.00,852.11,0.00,434.16,-1092.60
8744,-6.38,9.40,20.00,14.21,17.11,1167.87,200.00,830.43,0.00,434.16,-1006.50
8745,-4.54,9.40,20.00,14.52,17.26,3863.58,200.00,765.51,0.00,434.16,-932.06
8746,-2.71,9.40,20.00,15.05,17.53,5596.11,200.00,675.39,0.00,434.16,-868.30
8747,-1.01,9.40,20.00,15.69,17.85,6627.01,200.00,573.50,0.00,434.16,-816.38
8748,0.45,9.40,20.00,16.36,18.18,6965.04,200.00,471.68,0.00,434.16,-777.73
8749,1.56,9.40,20.00,16.99,18.50,6639.99,200.00,380.91,0.00,434.16,-754.22
8750,2.26,9.40,20.00,17.51,18.76,5620.07,200.00,312.15,0.00,434.16,-745.31
8751,2.50,9.40,20.00,17.82,18.91,3890.97,200.00,275.39,0.00,434.16,-749.06
8752,2.25,9.40,20.00,17.80,18.90,1180.52,200.00,282.64,0.00,434.16,-760.40
8753,1.53,9.40,20.00,17.64,18.82,0.00,200.00,312.98,0.00,434.16,-787.29
8754,0.40,9.40,20.00,17.46,18.73,0.00,200.00,349.95,0.00,434.16,-834.16
8755,-1.08,9.40,20.00,17.28,18.64,0.00,200.00,393.06,0.00,434.16,-897.13
8756,-2.79,9.40,20.00,17.08,18.54,0.00,200.00,441.30,0.00,434.16,-971.27
8757,-4.64,9.40,20.00,16.86,18.43,0.00,200.00,493.31,0.00,434.16,-1050.87
8758,-6.49,9.40,20.00,16.63,18.31,0.00,200.00,547.36,0.00,434.16,-1129.90
8759,-8.21,9.40,20.00,16.38,18.19,0.00,200.00,601.56,0.00,434.16,-1202.37
